location_id,name,lat,lng,rent_index,property_val_local,city_avg_prop,avg_wage_local,avg_wage_city,outage_rate,setup_cost,monthly_margin,monthly_opex,avg_spend,units_approved,avg_hh_size,footfall_gain,metro_multiplier,pop_growth,student_demand,hosp_footfall,zoning_flag,width_future,width_current,dist_to_transit_hub,connectivity,expected_car_cust,pedestrian_count,vehicle_count,road_frontage,max_signage_ht,flood_days,daily_rev_lost,event_footfall,parking_spots_200m,store_fmt
578a6413-0b09-4c8b-8721-009883f15640,TradeHalo Frazer Town Candidate,12.860153707767665,77.59993656947435,1.0861926082476523,9964.03637068527,10000,21735.422500402834,20000,0.056066062145984884,1217567.0420841319,259055.42750466007,597695.0288035156,500,105,3.5,5090.037803603751,1.0,0.08076400997262052,369.47793168907725,2000.0,0,20,40,2.0383339490232384,0.6362542288386424,49,7672.9187598122735,11115.840959057168,15.998418869713035,30,1,12730.354497774186,388.3120455554053,20,0.9174797244612027
44bd97a2-12a9-4ff9-a3bd-3330743cd3d3,TradeHalo Basavanagudi Candidate,13.025435824861034,77.71640024879669,1.4411202784344874,9477.924088158823,10000,23307.419164490864,20000,0.07712643565057493,1817497.0898938966,263687.2271086811,543235.5245631437,500,94,3.5,13111.21364725227,1.0,0.05595867738173588,27.79181377934016,157.9577898104304,0,40,60,0.3318199295147222,0.5494898766627272,66,4802.387913269138,8307.269055143686,39.617668440054274,30,0,9492.696103922966,4534.129371228272,24,0.6994651975461633
fd1077b5-9e40-49ce-98e8-3e451a15eff5,TradeHalo HSR Layout Candidate,13.117823859649295,77.50710952069844,0.7490006513952598,8977.184659683882,10000,19606.438616179283,20000,0.06852411799758322,1231638.1596243812,222618.58326610536,413467.8916907457,500,84,3.5,7588.274927845353,1.2,0.05941020017379385,39.29816199088117,174.2422048086569,0,40,20,7.157902437342395,1.2181767698599835,55,5381.891550038557,6690.738209824456,27.64934795731069,10,1,9571.701922831387,332.40266865442067,25,0.7220411466435476
4dfbfcd3-f841-4180-b80a-0ab4162c335d,TradeHalo MG Road Candidate,13.020327995784168,77.6746543888594,0.8663768463912591,13091.512434622742,10000,22716.020553091068,20000,0.18135153543132415,1484691.2432923012,413975.3645048048,469775.32588257606,500,101,3.5,905.1686482878362,1.0,0.0572901181505504,300.307336769487,74.23037596879833,0,60,60,8.968151564940838,1.1059266851996705,46,3201.1253193038883,12157.630219345143,16.101238390483534,10,2,7656.014820680581,1014.466839748954,16,0.6736073890136444
7d2afa63-97d9-4617-87d0-24dd1e577107,TradeHalo MG Road Candidate,13.026456989312202,77.47378774057842,1.3039673306652353,10017.05454666921,10000,19268.450730113564,20000,0.045002008640477695,1904130.9572507534,255119.54096953786,490004.90494515595,500,100,3.5,1854.4822518223075,1.0,0.022924468712640818,603.4213234520358,476.62765233820164,0,40,40,1.5732919811615735,0.8485367420524336,40,3203.4197822814695,10381.9603101348,16.834898651285776,30,0,8843.763097096915,316.7114594409917,17,0.7203462113100955
6955b8aa-c507-4ebb-bbb1-823e95d414da,TradeHalo Yelahanka Candidate,13.148655416889426,77.47043621765198,0.8976290323632543,14583.728277641581,10000,20958.051392262398,20000,0.09944455703150797,1448658.0328681346,215775.21041347433,266881.900613529,500,110,3.5,574.8170279754892,1.5,0.09324108239143872,584.187723011058,187.74324033013454,0,20,60,4.778378644647996,1.0879227241831053,50,3124.130170155199,9723.441523194504,49.774747671456865,10,1,11517.812672575223,618.8418603335091,16,0.15183006651027509
d3fcd20f-ba33-49ce-8f69-eda9d9511ce7,TradeHalo Frazer Town Candidate,13.119380350117506,77.50764073501438,0.9482434788485211,7709.897218040654,10000,20865.534044598466,20000,0.05066978695972611,1421373.8212226308,175615.36174696428,519457.536463726,500,98,3.5,6570.433587889136,1.0,0.04064724066562587,1148.8849310531116,313.5975623988077,0,20,20,0.21636979791530936,1.0457332592550037,59,7347.023654011593,12848.913473567021,17.69596699578119,20,2,14576.644719680753,344.3158697895297,15,0.6765580112846107
265a411a-1198-4710-beb4-e40664bd179d,TradeHalo Sadashivanagar Candidate,13.04039515836008,77.67118384863926,0.9284414852009362,12698.856455580566,10000,23614.174601944575,20000,0.12000135742653076,1451971.6849845033,266422.97905680316,387679.6303265919,500,82,3.5,1121.715081643238,1.0,0.10181155154669812,352.77873030497676,57.41919670198009,0,40,60,1.5601738364110354,1.2359480079013316,48,6275.789267366099,4027.711898250709,24.425912938531393,10,1,8920.731166880614,537.6519175458117,16,0.39304693859460416
dcc81bb1-89e3-46bb-9cb3-c62a6d9f3985,TradeHalo Indiranagar Candidate,13.004273354291964,77.74909215789208,1.1729525726947905,12034.244781939853,10000,22765.277663997666,20000,0.21396419165186,1886362.0649804978,320300.6085093663,394421.266859902,500,97,3.5,6844.616052620875,1.2,0.013800534249287337,122.95733140041581,41.54471735665824,0,20,40,2.1462535825254156,1.0794537963585613,47,3456.0917023449465,11069.50435865753,28.16935319630112,20,3,10365.437319875015,999.5107490274136,14,0.33514224480230725
5ae64596-6f11-4c95-bf94-81667e93a736,TradeHalo Frazer Town Candidate,12.9075770749004,77.69329188723734,1.1020950775358151,11593.486063562532,10000,23879.015774525637,20000,0.15815061104320136,1019175.5906097925,294758.60696307296,515602.6212448978,500,99,3.5,706.2597588264856,1.0,0.07720324628531014,805.9609348226932,246.84671007149328,0,60,40,6.150422507800974,1.159092742155595,49,9118.023000584508,8656.811045697548,38.78590341694373,30,1,13594.062247010574,1223.4517309747832,17,0.25939050438001643
7d47e179-db6f-4c2e-9397-bb06ef1d3ffe,TradeHalo Jayanagar Candidate,13.103232810621725,77.57740751907001,1.1273463118335247,13714.589196590345,10000,23874.23428405507,20000,0.05313366724887487,2036237.9695556234,290549.18023058015,465547.79085381114,500,89,3.5,7189.274816144005,1.0,0.05558851119818937,79.80782180297776,58.79827397400772,0,40,40,0.3193193336598723,1.0470337913718666,60,5302.16461900226,5946.664047111265,31.688229404572112,30,0,11883.972733463303,268.7662869203429,27,0.8644301160931819
ff4458a9-12c3-4185-99a1-007b32a215dd,TradeHalo Yelahanka Candidate,12.935702767586516,77.64307572665093,1.3412282525129533,10803.40177068189,10000,26311.892613440257,20000,0.09513045669024874,1432104.0025785135,336480.91383890633,400007.1479085108,500,96,3.5,3612.468208051567,1.0,0.05275624110273703,559.8088230574843,217.2319536981836,0,60,60,1.5661651805830623,0.6586554179023494,55,4824.255395967116,8810.361137633137,29.302361323367297,10,3,11660.314410278805,2294.01084676208,28,0.7387998893990119
6c9944ba-c4fc-4a0e-96bd-65af2b0ab679,TradeHalo Frazer Town Candidate,12.851969330557957,77.59238296554842,1.1342696021170715,15880.986918373826,10000,18734.46302654687,20000,0.13135380551553913,1397643.8920930303,329177.9387214569,515201.63299667666,500,104,3.5,9122.424755641032,1.0,0.03226708456579325,600.0451835907045,2000.0,0,40,40,2.157762301467251,1.356473650908046,62,6098.2536574489295,10196.623830245975,40.75946071129077,10,0,11203.962726612615,388.9612606877321,19,0.2967125617755676
cbfb25f5-8cab-4128-84dd-5e650f04b8fb,TradeHalo Jayanagar Candidate,12.866792985029411,77.52422300436398,1.0902631904681508,9061.044379820027,10000,20766.015705530066,20000,0.11682974833968074,1256589.577233764,255079.33454538634,414158.10753221635,500,83,3.5,3658.586070741144,1.0,0.07010346106370538,107.42600740901588,174.8898177889877,0,20,40,3.29341131269544,0.9016477991767777,46,3699.664038198996,12551.949268190712,29.792215490751296,30,1,10615.021783204867,63.8400867983203,21,0.10920820043550261
7a828ea2-55bb-465d-9b44-f41f02c252a6,TradeHalo Banashankari Candidate,12.909005878427582,77.63476224159443,1.0982393503260697,14925.646130613612,10000,19148.46071677903,20000,0.19022500912039522,1159502.1578176566,313030.29805787926,413895.0441246297,500,85,3.5,1429.153693445092,1.2,0.06608050644004944,28.169470173081073,7.583839665739868,0,60,20,0.3267812653649613,0.7068275121111607,41,4479.170474417358,7533.9934251653995,51.52441785678971,20,1,7676.340394090748,2935.1384052053595,21,0.42540822527048494
eb82f7df-e5e9-4e69-8d2d-df58aab56db6,TradeHalo Whitefield Candidate,13.094055654070816,77.60888447376473,1.1911995052861677,8211.689167774548,10000,22973.664283903894,20000,0.189969850376896,798401.9027986709,303467.5556755028,617650.2339943344,500,103,3.5,5712.801163459207,1.0,0.10359865544940022,103.9489000871009,301.7838241121273,0,60,20,0.9911244615504556,1.4665969043047964,56,2684.2236911737114,6550.725149442444,27.011161277212505,10,0,9333.65292910345,317.9086811649074,13,0.6159466494521171
e435d05f-b140-4df6-954e-40c3b04bf8b2,TradeHalo Electronic City Candidate,13.142360356157738,77.61133191444074,0.7902139567064831,11782.719836099734,10000,22662.159824785587,20000,0.19620433378102667,1865293.11467173,270377.38931264816,516018.5664461917,500,108,3.5,1785.6562811052036,1.0,0.07008376863073665,788.8001047958763,89.88448161490992,0,20,20,0.13792047199002433,1.1529759778137911,51,2849.5723265971806,3874.727720851067,10.0,30,0,11572.813221878401,5730.9282552719005,22,0.010056944888161334
dc4c3363-8b13-4da6-a2c7-c099b6bec7af,TradeHalo Banashankari Candidate,13.065002918905376,77.46902031057195,1.014163672420461,8944.611992262911,10000,20576.371022712767,20000,0.32480380584294555,835244.451032727,371459.126366572,533055.540373762,500,102,3.5,482.66267929129845,1.0,0.03775078433933711,899.2138109237615,847.5117522864643,0,20,60,0.4805828787152353,1.4207777549682037,57,2991.6602829709823,14031.298633569804,10.0,20,0,9333.21304734755,792.4381278271744,22,0.5210177081419557
2dc02bf6-6473-45e6-ab5f-f7c2bf655370,TradeHalo BTM Layout Candidate,12.899873267229752,77.48631611559611,1.2761032707202586,9420.028988339924,10000,22735.101647898042,20000,0.031009008755805693,1484566.5906715423,261142.33667697207,656752.2194279629,500,88,3.5,8766.674863944354,1.0,0.03708487439450995,151.87118474064044,79.88049900862633,0,60,40,2.0499897997747727,0.7454399665256267,43,6810.165065537318,10254.37540333379,24.89278694176699,10,0,10635.719930637486,1889.1725871118324,18,0.10358578382199768
a80f9266-7d8f-4cf9-8cce-533e09680f94,TradeHalo Malleshwaram Candidate,13.109509870748973,77.59990837405086,0.5,10583.421004431824,10000,24386.163847756467,20000,0.06537257324244344,1367350.2052764148,271160.7944473629,476740.48883762024,500,81,3.5,6538.020261220646,1.5,0.05971731975064097,366.6809927000259,809.381909542467,0,20,40,0.8035838174047698,1.1492866664959678,40,3920.781752417144,8426.942737801543,10.167507940352372,30,0,8231.511693280816,114.70889483535991,19,0.8186041797093713
58a8c21d-6294-4773-8b64-a7c1d5a53951,TradeHalo HSR Layout Candidate,13.093010053599423,77.55761495394509,1.010362919368839,11138.087582863143,10000,18795.00288416313,20000,0.3680480930783577,1587829.1505876756,276204.08505827613,436597.40066833876,500,102,3.5,295.825912569286,1.2,0.09457429525876086,29.01194383545126,5.533326692706193,0,60,40,1.958802789189369,0.9323511055716545,46,3528.2303523911096,7920.100668464912,35.01752537755425,30,0,9905.43668585964,802.0310706080746,20,0.6709854011280987
0755f3e4-5ad5-4caa-8cb5-2a272eb82209,TradeHalo Bellandur Candidate,13.104669366457474,77.5775000437198,1.1042884542275948,16201.212453210692,10000,21927.388592582796,20000,0.030037642822486606,901246.6214520927,346334.35244625097,438152.8589238304,500,110,3.5,13083.065391482156,1.0,0.06162316595550433,107.77136137532912,1150.282714006306,0,20,20,4.673415248655031,0.5427231015343473,65,3564.0257920096283,2624.0490983226937,36.401038781175146,20,0,6873.043480178081,18.900062467155966,24,0.3800369880872977
7741506e-0894-4f02-8fd5-d9cb548c5f08,TradeHalo Rajajinagar Candidate,12.904351105899227,77.56701253594207,0.9086248621921449,12202.554076324192,10000,22372.450639395025,20000,0.10351334583046616,1252247.7900469017,354364.56329007546,685059.1943953043,500,103,3.5,1138.2851983140945,1.0,0.08068415561578932,418.2919616108692,95.83166258078029,0,40,20,1.4272194552876294,0.9744612771712263,53,7384.235806867271,5028.181306269196,37.57323274203949,10,0,12024.508938525561,477.66721881025495,27,0.223156080471971
28a70080-74ce-4232-9961-3b630755bcee,TradeHalo Sadashivanagar Candidate,13.004888557208092,77.66342699255037,0.7759565471897257,14523.474398370025,10000,19841.661322025324,20000,0.34747718198556404,1642416.2296052973,367522.7516196584,490470.2141504935,500,103,3.5,6805.5464133397145,1.0,0.05888000656599768,132.4833717419408,456.4727069531482,1,60,20,3.852788687220826,0.8444874841348332,38,2335.4815471042043,8294.36178654093,20.636227683534784,10,2,9422.188076779816,42.00243412734281,28,0.3833349470470854
7c1b1fdb-1310-4146-841a-8a1c3413ff8a,TradeHalo Frazer Town Candidate,13.037905517968404,77.50356815151343,1.0013802712686273,8642.478759506885,10000,20059.517492412557,20000,0.18228236488239616,1555325.5107704103,338713.32282118616,406941.1993520636,500,117,3.5,110.73347844548904,1.0,-0.006337811592843523,26.1400670505349,188.3874170260132,1,40,60,4.363755499006821,0.5876512192562465,63,781.0823499115459,14664.174037681334,22.040577148232696,20,1,12616.634564648526,620.3549790728168,26,0.894858737158697
8d309455-833a-40fe-9ae1-a314099cb7e4,TradeHalo Ulsoor Candidate,13.053323667822394,77.73264205758122,1.282769126958906,12775.176995769827,10000,21501.38303727649,20000,0.13398006321808953,1300926.7522635288,295004.3943482822,513337.142227361,500,78,3.5,3258.770208170173,1.0,0.0636341533518889,1101.3007673640154,138.83666856159883,1,60,20,2.317371654154188,1.2496925728903727,48,8027.77977947356,4529.506848685827,34.00089404849756,30,1,10317.04471500641,1248.5690557894172,35,0.06752104550761329
06c85078-9936-4933-be96-6e29e6064bcb,TradeHalo Electronic City Candidate,13.055483409048499,77.5911224116188,0.9225258999028763,14588.893378687215,10000,22535.832824532677,20000,0.1303560190395906,1530976.3329766286,348073.96842988214,437783.0437016355,500,92,3.5,1483.8741944259398,1.5,0.04421914956538612,132.25454946516848,951.0127303760222,0,40,40,0.9606708605504006,1.0491724114013348,56,4867.212779130727,10918.193601648278,18.94375895381058,10,1,13539.829376957228,2100.1969441692154,17,0.9188840407362456
0c13df67-06c0-46fe-a344-91c179e9eccc,TradeHalo Hebbal Candidate,12.854004558048427,77.55211539330271,0.832937815157532,10215.952485592761,10000,23961.336535492526,20000,0.1305752963167651,2016839.013095872,318761.5305405871,458998.5322282931,500,99,3.5,4050.161580318328,1.0,0.08686831138411491,749.536124662528,853.3216460021079,0,20,20,4.7916737145904005,0.5333715220069364,49,4844.113186439148,7178.674548047898,35.27862086716965,30,0,8118.373300620948,1093.900368019744,31,0.07482700795448816
fecea4b4-bfd1-4c79-a427-69f1855692c2,TradeHalo Banashankari Candidate,13.137924862162956,77.456352850427,1.0507234981442322,12898.196116997447,10000,22814.78690990011,20000,0.19862667593152822,1826717.7000008372,293808.876056391,662902.1817398831,500,99,3.5,1574.6822050526598,1.0,0.09956067679337798,274.44427650994453,277.9080629672082,0,60,60,1.4263777814266234,0.7431126003978366,52,7616.492786138904,7760.894271472669,36.11549821846456,20,2,14047.484616809079,1291.615055804586,11,0.036714599720311214
a6a8f7f1-f3e8-49e0-93d6-b914c3157487,TradeHalo Yelahanka Candidate,13.023782091846037,77.55653737764916,0.5275725390835371,11195.386874425252,10000,23402.923311427487,20000,0.24368873890295434,1791559.440711532,276791.8587010449,512622.9221076453,500,100,3.5,3434.399227689246,1.0,0.10410671586466014,611.6932004661943,840.4284950816519,0,20,60,2.673703805627666,1.467632558286363,52,5962.039989470416,10483.37560793729,33.61780456351138,10,0,11846.292391889821,245.6437322379607,30,0.19945510160560542
c51f2eff-9a49-47dd-93d9-5aa11859b861,TradeHalo Bellandur Candidate,12.90825175476191,77.63772651638081,0.8624027136228687,11755.152987828536,10000,23965.870487966396,20000,0.1148271434895157,1664922.7916226604,291409.1451788422,372097.95544180524,500,104,3.5,56.70698847100971,1.0,0.04483770407063726,220.26056856661535,466.261224019873,0,40,20,2.0358577415659598,1.219856575255894,50,5725.167547485286,8602.830902916017,24.862248180798495,30,0,11875.269765404353,346.5702636460747,17,0.1462644678089946
f1e7eef3-cefe-4fb5-8cdc-6f80f3581a71,TradeHalo Jayanagar Candidate,13.079866232525085,77.6891788535302,0.8279531505792164,10451.80866343207,10000,25150.776082832846,20000,0.25951191832589254,1554420.656750086,276164.97396048973,455964.5569634698,500,100,3.5,11923.783940490024,1.0,0.03583200312587725,461.5151832726554,135.4548543814658,0,60,40,2.9508162385684353,1.4240196788490012,53,5433.194554100456,11242.797358662641,19.929228666500496,20,0,14276.227116573918,2777.105132505598,22,0.9318993742497595
31bc2a40-5885-411d-8c2c-5565a32a8501,TradeHalo BTM Layout Candidate,12.866213776115087,77.6696016440851,1.2138077765971897,9447.029548226103,10000,22198.98462977246,20000,0.28799731614509805,1294899.1448584045,320762.8730889079,314861.1178233163,500,93,3.5,8264.41221217202,1.0,0.04040665782654475,534.3904335216787,679.0096991789893,0,60,20,5.733229650299443,1.0577713857584046,47,5291.830114749346,8942.089421955226,35.45521714389312,30,1,11547.418116578738,178.04231663410113,12,0.24458415085809027
064129bf-cba8-481b-9daa-ca6fbc039238,TradeHalo MG Road Candidate,12.899576908072044,77.6219659658827,1.0874444603500297,16557.940807030143,10000,18311.56843699885,20000,0.263051346209887,1516685.6360921578,289368.0815902497,424130.1229689142,500,106,3.5,126.42807551111193,1.0,0.0464994621458499,65.97995683867305,133.2909044222072,0,40,20,1.31341564495066,1.328634333068139,56,5029.17160316172,6443.940483269684,36.69316841973596,10,1,10652.70565800424,4677.995172069936,20,0.8249052375190802
2387b2c2-d7d5-459c-9996-08ac5577abb8,TradeHalo Yelahanka Candidate,12.9689987140977,77.58082580906327,1.0989597527997534,11189.54211388019,10000,25040.738434020037,20000,0.15161990545984422,2090049.1504878388,324421.50147938734,600269.4381760786,500,113,3.5,21514.428149038937,1.5,0.054967140912829573,1076.6064636341882,876.6229424014845,0,60,60,7.439671525592125,1.0091591229456318,53,3347.4015953426206,10594.438469409672,14.328998737129998,30,1,6908.934578150363,1835.8794270393666,23,0.32036682651773063
8511409a-ca56-4c03-a4f8-cc01b7def725,TradeHalo Malleshwaram Candidate,13.018951407427174,77.6076346295552,0.9059840241217955,19918.972956335805,10000,26330.838256079594,20000,0.10982889982046148,1775863.3024446173,325360.3654827705,427699.47992882086,500,118,3.5,13154.159602374151,1.0,0.022355762378453065,217.63601107709695,217.65545296535643,1,60,60,0.3453889840986953,0.9863004468016303,48,5147.782643979114,9785.21352826659,45.08846555295741,10,4,11431.480161951979,1621.3712865395557,26,0.14812085980843426
d4a76ff3-eb5a-4e68-b2e2-b1c55230a949,TradeHalo Jayanagar Candidate,12.97530073992651,77.73853790162613,1.0249689290066573,12654.605033891059,10000,21826.767493847856,20000,0.13668308916052352,1392507.5923868744,300372.8050245414,764241.1524711961,500,113,3.5,5385.847645236155,1.0,0.0506304604840109,773.8709912342146,402.67839579561195,0,40,20,0.9070624885945006,0.6985963564384203,54,5407.224420847772,13962.305839625871,14.541108069451695,30,0,9215.281762898761,1652.2083421380476,20,0.42087260213183963
6c2febec-5f11-409d-83ca-86ddab3b1ee5,TradeHalo Rajajinagar Candidate,12.941103261534854,77.7398299536558,1.188710475542044,12577.232669939536,10000,25827.05046607399,20000,0.04890156285833706,871331.317331204,277437.6348576289,238701.05090085167,500,105,3.5,2504.8167873624184,1.0,-0.010987216888543351,401.96050960113763,304.0192880245182,0,60,20,7.56103789467346,1.2882608891505625,56,5321.113092213972,8490.802719075753,10.67978339705001,30,2,10415.911695052808,466.2444193279483,14,0.0978257566643842
6d3b8cce-85b3-45c9-9483-1b69fa289252,TradeHalo MG Road Candidate,13.071090205295787,77.69098718256906,1.1569087206063753,13654.449565139832,10000,23336.924536324463,20000,0.168350056905,1727245.7433015252,254593.4075038986,455661.1356974491,500,103,3.5,10766.258085619824,1.0,0.11454056766814698,101.11734622159828,396.7812350549909,0,60,20,0.1986219082547162,1.0110682597229677,51,2683.5884282799193,13861.450527421975,30.420713896169744,30,0,10725.651522843835,1573.5568077970077,23,0.6031315809913392
88df4002-5adc-4ff4-ad84-63213f547c3d,TradeHalo Yelahanka Candidate,12.852018003847252,77.5000511539437,0.8138909311456047,10927.354805926298,10000,23297.103248925938,20000,0.21781313980597933,1780880.8766025654,294604.3334321588,511289.0066358902,500,102,3.5,9766.771973569681,1.0,0.04309109563199788,219.4695653310618,59.73575550136838,0,20,40,1.862642344285255,0.6839925285715853,38,4658.346144949857,11837.506168870004,38.05361567107029,10,0,8418.23192485283,437.4941721381401,21,0.1603086569015576
217fe743-057a-4904-8e0a-977ea08d5ffb,TradeHalo Frazer Town Candidate,13.0535292420633,77.73026653470657,0.8464101592494763,16068.8548728258,10000,22322.29876757824,20000,0.10392360069323825,1337125.9171100953,314672.28773206065,506076.2692601908,500,97,3.5,2734.8817511343423,1.2,0.03722574826266392,44.567052100272925,660.0940117342669,1,60,60,0.9027501513134912,0.9416798447955965,50,3519.479726915144,4875.761708596771,10.0,10,1,11887.474569975595,456.2468431390535,14,0.5605479434687128
10739b9f-5bd1-47d7-9a4a-c8e4238888b4,TradeHalo JP Nagar Candidate,13.134958236428622,77.64436635316201,1.1345475216211938,12339.532266502834,10000,19037.634574711643,20000,0.22794494916332197,1299624.1803790242,231756.41910567845,556312.9175237012,500,94,3.5,6102.222692010906,1.5,0.06635278960605051,158.35667662255395,518.3977783003278,0,40,40,4.6595738476575566,0.9716104366077978,50,3935.611385730451,5715.661810298266,31.83507443211053,20,1,10228.964454771625,1579.4745071242223,18,0.23605218936770667
08465ee4-9ac0-4731-b0b7-d461a445d3e4,TradeHalo Hebbal Candidate,12.895147810116798,77.59333986076399,0.9724954025802146,13500.39894072893,10000,22279.405404916528,20000,0.2577973669081885,915336.3358705717,211111.29465169174,472541.6788271219,500,100,3.5,8315.0745677261,1.0,0.07515845763263715,116.0466394907909,299.05046019974844,0,40,60,0.27366945836887885,0.5360982727289104,53,4723.34379490136,7698.865100571655,37.94018859541899,20,1,11647.33865753224,494.8798546698401,20,0.9172867077054744
7eac1184-26f5-434c-bbfa-05da9e773dbd,TradeHalo Bellandur Candidate,13.10672085846993,77.61842990855494,1.0890008245149776,11609.867438211233,10000,25318.10275326956,20000,0.11093520929302274,1876751.8819377404,293879.6877275217,625312.7371698295,500,98,3.5,8504.092911406551,1.0,-0.01088369591216834,159.96971666029506,71.42054631805082,0,20,60,0.40691389694711744,1.2363074315042089,54,4596.353186723994,12955.61681587787,50.5317558241225,30,1,11071.704303261507,1650.0480707770735,15,0.2178827933717784
d80ac6ea-ca83-4d0c-a050-00603bd5ba0b,TradeHalo Indiranagar Candidate,12.90559452273485,77.5929264487759,1.0483871704927052,12496.763125868149,10000,23443.476602664574,20000,0.1490687759891179,1375509.1925391213,255243.32775619734,377030.676369363,500,112,3.5,18152.751108643355,1.0,0.02941197693790509,812.5376759898078,255.30188662929987,0,20,20,0.5143558826701511,0.5201115166888542,51,5628.242961622852,10421.15829320858,34.89701214994657,30,2,10218.714731505626,11.406043714726747,21,0.4675051984423454
3f0088f2-a7d5-46a1-924b-540cd50c7715,TradeHalo Malleshwaram Candidate,12.976256122748616,77.59346027340322,0.9659741327087606,8820.526819814204,10000,21883.24567251447,20000,0.07801961280005369,1578212.278179294,350458.3520123355,476206.45218050125,500,119,3.5,8047.568619575876,1.0,0.09265217253565611,41.713254623916846,171.85275613216328,0,60,60,1.137754080882205,1.0569642354294062,54,7454.833317408004,11684.696385273844,31.713702550114924,20,0,13120.681663678475,188.2654631185713,21,0.017388883398213206
d7fac492-1dee-44fb-baad-e4107df4f196,TradeHalo Banashankari Candidate,13.142511998562156,77.57936241366271,1.1551628908286162,18529.92514442628,10000,18952.838513695253,20000,0.18006460150995188,1170385.326199269,365245.2495301887,388561.789984392,500,96,3.5,4045.987376191292,1.0,0.0762314200765648,499.8572612215081,5.44660722534452,1,20,60,5.845575992421938,1.1454575938077824,51,6894.237946513038,12649.309651031022,42.76176278000205,20,1,8466.122660958437,2708.917394584982,17,0.12086170308787625
da52274c-049a-49fc-a03c-665d470510dc,TradeHalo Malleshwaram Candidate,13.08601774682695,77.71875413336225,0.7263734568361976,12316.436492070876,10000,23908.39131304387,20000,0.3108486813716613,1065664.610176317,249440.67959593915,450499.92074018007,500,108,3.5,8149.507967173699,1.0,0.014862988158492393,218.2464682671737,769.8557397448533,0,20,20,6.245879381677804,0.54380610761859,56,4919.932463195637,13310.541869615636,45.15731045349636,10,2,6912.707784548549,992.7755208913594,20,0.16168078015343024
5456e8c0-1f0e-4b40-b5bf-72871ae88fa3,TradeHalo BTM Layout Candidate,12.957820216134257,77.58675246095541,0.9698581338936105,10849.18414774675,10000,22137.873150755535,20000,0.03728509144973525,1948670.10350943,214867.5187933182,474290.9652024925,500,83,3.5,1798.5310947719875,1.0,0.08559955164040338,330.59979533305807,439.81779308528536,0,20,60,0.6750276274627394,0.8249515831061786,65,4116.687078573262,17000.24586499244,43.106976266656275,10,0,9642.65118243447,631.2215538065091,22,0.8276677133185525
6068d615-ff9e-4a21-8ea8-9cccd8ac0c9e,TradeHalo BTM Layout Candidate,12.954779822799917,77.51604303668712,0.7633346777939877,10324.824472320313,10000,22527.306799479302,20000,0.06204080959684424,1383182.619801108,328782.60873018677,561853.0680008061,500,113,3.5,1418.8421134356663,1.0,0.07271033177746253,119.64516942410654,683.7223421392791,0,60,20,2.1994689795337474,1.2701236765203054,48,845.1962513399285,12563.971726090836,27.076846036424413,10,0,10016.27074094962,867.6785049657891,14,0.6238083923176307
2408a210-9c32-42f6-a3b7-457beab2ee9e,TradeHalo MG Road Candidate,12.946614478689835,77.51862624566812,0.9594643308763384,12280.679024847885,10000,21337.604635089498,20000,0.21924648373510536,1274875.1024607301,310187.9820632486,398664.80662989285,500,107,3.5,1755.8195361407672,1.0,0.025738559786452467,1534.5511354747766,277.242211824951,0,40,60,3.2821570628658394,0.6436778352936512,52,3217.2341147423754,7005.434047681144,14.81291245668103,30,1,10181.075392244493,514.2874513805205,24,0.040040528123947317
f8f1e892-1955-4995-9261-761571041c8c,TradeHalo JP Nagar Candidate,12.958752593347928,77.489483408963,0.974778342102008,9990.484270836263,10000,23452.508541444764,20000,0.08727222670036744,2370719.435546509,319682.7112555259,472165.71126467513,500,98,3.5,3928.5963220312797,1.2,0.04985855893155938,544.785214715902,121.20506172174629,0,40,20,1.59481130930057,0.9941321794244153,48,6031.611927401385,10311.671223649308,15.983478921222938,10,0,8246.10121556016,142.43026376237214,23,0.1805690582147823
63701686-af81-448d-8f52-cb69d9c0404f,TradeHalo Indiranagar Candidate,13.142763564057239,77.61628406384952,1.0061415168388252,9210.639438792385,10000,24174.463033652057,20000,0.0645813193468532,1795559.6539565125,338366.4067490685,502092.5009226381,500,103,3.5,4440.776558193906,1.0,-0.0010240807051466738,112.74190365038466,173.7281065319845,0,20,60,8.940684350781748,0.6137772889430928,49,7307.7419226424745,10048.262594527643,17.774854775171384,20,1,9022.97940929476,2218.012544938276,17,0.8684539285035088
82227404-23c5-4542-9b95-a93960980462,TradeHalo Jayanagar Candidate,12.952232917323155,77.54744659987688,1.05620735859423,13644.56167037106,10000,22614.655563764936,20000,0.08278001202993361,1283556.5338425064,279076.8962713721,514416.7143979818,500,95,3.5,1930.2543982306108,1.2,0.07433781064949961,337.09135972349156,530.3091948385103,1,20,20,2.380467038795616,1.4603133291293808,42,5357.243380167857,7546.82024380244,42.73330892262559,20,1,12475.04224496532,1402.8421272996,18,0.30661691452427775
815c9d19-7646-4fe3-b1a9-572a20f160f4,TradeHalo HSR Layout Candidate,12.98353216544934,77.62322139100638,0.9916849516606084,8658.912352394258,10000,24897.19846178498,20000,0.01262168934501814,1721129.6201682135,290147.35179300216,388877.03652024583,500,72,3.5,3286.9791809550898,1.2,0.09622559578184717,84.40389232984519,66.71009174386728,0,40,20,1.7128005270198723,0.7315313070179187,50,3235.980135653302,8562.372967474388,20.72249671137352,20,0,8259.925498139,1197.0211824861976,19,0.20906027320689757
cdce713c-3dab-43b1-8dd0-c5b6e00ac528,TradeHalo Basavanagudi Candidate,12.913642374229687,77.72925771843849,0.811099623995686,5348.847435388766,10000,24019.116793764682,20000,0.07596188692872562,1018462.1955991038,340623.2635209311,523355.8090814249,500,112,3.5,4302.866382275473,1.5,0.03979209039824586,1201.2663545436283,49.278917676501784,0,20,20,2.942122409564715,0.9400473987070622,36,3903.3199836142403,6755.308081388861,10.0,20,1,10746.376723804698,1856.7540882910625,17,0.7965262815383536
3de9fb56-de56-43e4-95f8-76a4466ba974,TradeHalo Banashankari Candidate,13.041622346465813,77.7366897355697,0.8738571034503384,13581.841943207102,10000,22732.74950471898,20000,0.34685556046403426,1404260.0553069569,322304.6257488575,616705.9159434027,500,111,3.5,1624.653340348381,1.2,0.04982714258729963,318.3216019400737,31.7533596033829,0,40,60,5.169338707294254,0.92235093372803,42,4696.538113267453,8575.68444082249,12.123283802643058,20,1,7051.157165580793,1369.0878103801476,21,0.3965382352804995
fe5078a2-9f8a-44e7-a747-dd01137c9a9b,TradeHalo Jayanagar Candidate,13.099812963552866,77.54173955393063,0.9829791712757163,13450.255452559539,10000,21387.629495102025,20000,0.2876454900249039,1248628.940835739,402346.4704454631,615510.8163913621,500,98,3.5,292.3395568511942,1.0,0.06267418899734321,38.40093211440145,31.42709319889031,0,20,20,0.9029619825758654,1.099418147765629,52,5354.409785037924,4220.646168508799,23.58603921798604,20,0,9313.142395345181,725.3014073921946,24,0.48384341627632255
e9ba5548-0b43-4398-ae6c-e6fa35260490,TradeHalo Koramangala Candidate,12.935793495229925,77.51606298841611,0.9032962304208461,11790.338360731212,10000,21232.94457991643,20000,0.12038553669280552,1625548.5543365558,314679.98302669596,472193.6331114531,500,103,3.5,557.7068942674474,1.0,0.043195094285869096,81.76438260774059,200.01170350267157,0,60,60,7.633827781113947,0.8280668291849556,51,5515.72562123788,6749.845359099598,35.92928688315099,10,0,9136.876583269954,147.48778746306425,27,0.705030340451394
6ca91c8a-f2ed-445b-b186-fac0b5ee9fdd,TradeHalo Banashankari Candidate,12.913825960091884,77.46660178848586,0.835362095490231,11790.50272453764,10000,18307.16905255434,20000,0.14454384028268252,1997015.0396449747,312832.5108784732,551951.7103716441,500,95,3.5,4742.995569529228,1.0,-0.012005678380004124,344.44333721954126,399.80690026143145,0,60,40,1.1494548532700342,0.9801752305151682,57,5940.462143538398,9196.861570646326,35.76486719774951,10,1,14058.553523967057,113.5902396525294,22,0.9080483269103451
32fcba7c-139e-459a-b9fb-0aff1914d73d,TradeHalo JP Nagar Candidate,12.985414263445486,77.53186721062634,0.9845536275410613,11740.078934452078,10000,20000.879364228582,20000,0.29291648586297064,991795.1276538485,344068.4606095102,483773.9174039248,500,122,3.5,12742.649022733718,1.2,0.08234051175912357,109.43071279493054,663.2660869093297,0,60,20,3.016920042963798,1.4221185732857626,40,3353.3242818935887,9672.530537187216,43.868668555404206,10,1,11007.809273333194,31.94886035052439,22,0.6985411427413523
0e1a2f18-b0f5-4e32-83ab-5c5528aa3ff4,TradeHalo Yelahanka Candidate,13.05544266184693,77.601888209685,1.0725345775000286,13233.238739298304,10000,21741.03385345667,20000,0.3382252598057411,2057135.2768486124,403296.06855982647,606522.0070638879,500,93,3.5,2949.772835239266,1.0,0.08617826686834062,620.8343125168941,251.7329291883599,0,40,20,3.7953116193540906,0.5577030555490214,53,3292.595764082724,7331.508838415285,30.7993020452853,20,0,6406.144719235976,676.7487712229544,25,0.39374768132556726
5c4f01a2-da0f-4790-8c97-ecbbe490f97a,TradeHalo HSR Layout Candidate,12.971978642709585,77.63078230094867,1.1774499874507889,12098.241817760352,10000,22640.679277650663,20000,0.2103756469953313,1724889.8406815936,335740.3460731617,567834.9154658307,500,94,3.5,3551.682748123507,1.0,0.07056957119718914,277.4363135772939,205.68215058804725,0,60,40,6.983499483081812,0.514790782256215,41,6249.752781361635,8560.947843183842,10.0,20,3,9644.231182971333,173.80215964377877,22,0.9642074997945984
256044ee-9412-40fe-9bfb-41f3ada46fa1,TradeHalo JP Nagar Candidate,12.894312577607835,77.47944802391268,1.203417186509212,14274.695012765602,10000,22150.74053175855,20000,0.07634916672372861,1200234.2132237342,285650.64646682783,384015.5806407169,500,94,3.5,205.06175664779101,1.0,0.09190504075724937,415.47723584216106,146.91780965138597,0,60,20,2.9568337163009284,1.497432416035349,53,7753.440276905523,18352.929453641715,35.46639030059086,20,0,11699.944940582076,318.7749808481839,17,0.5482759354107799
e460ecd1-aa76-4584-8455-3b2cb5022840,TradeHalo Banashankari Candidate,12.904106414835914,77.52364880685879,0.9312229367947991,13697.195334608747,10000,23876.551645555184,20000,0.18165071411937964,1205947.3218822216,266945.14373957104,484693.9220634664,500,82,3.5,15218.358282040974,1.2,0.046047199714916096,481.39073494840306,107.29117749939468,0,60,60,8.431500827707524,0.9676309191753036,52,4254.277157874804,9204.222620211605,32.72878871689355,20,0,8763.173704041887,2102.588493785508,18,0.902313792864201
275c4c0e-57fa-4826-9bba-cf0fd2a29ec2,TradeHalo Basavanagudi Candidate,12.936252973429154,77.46258686213731,1.2231635277845891,10987.21131746904,10000,22566.406182481533,20000,0.17365891056131094,1285612.1554985098,308112.39184860646,434322.19343746157,500,83,3.5,9769.997166444902,1.0,0.06329258512906526,1478.69221783663,10.232733747813498,0,20,20,3.7442961640841306,0.8323213157594656,48,7317.510653451378,15980.415151833942,44.37582789966697,20,1,10288.258613971158,935.5251747596112,24,0.8876223054674874
8623166e-e555-4aec-a93e-8aaeaf84055a,TradeHalo Bellandur Candidate,13.100364019209444,77.68286407895506,0.9435674321134855,12558.94761869135,10000,20676.88845357864,20000,0.05287976383686275,1240085.1822901214,245004.132087761,490484.31403475953,500,81,3.5,3348.1794911528928,1.0,0.0289870343843275,1355.7859410714648,393.77949482538526,0,20,20,4.723502164366397,0.716010542299991,57,5777.993967284791,10879.659796124202,30.23820285899051,10,1,11138.852804205122,4228.949930837499,16,0.5108862414230451
de5687dc-43f4-43d7-bcdd-b2be62ce8adb,TradeHalo Marathahalli Candidate,13.002747741723997,77.53104833521883,1.456891911661936,13060.53895841361,10000,20635.023872866113,20000,0.08444590540600648,1249487.131907762,332284.9071915973,384736.4252578056,500,98,3.5,10693.58531633319,1.0,0.02374322760087099,235.69948144547695,22.034426266560445,0,20,20,4.522637669798115,1.17979796891394,53,8414.030718321206,13041.368300734588,18.700352355701312,30,2,12046.719583240665,2995.113540822185,25,0.2083860297834742
7522dbef-8b0e-4f53-987c-8d820412105f,TradeHalo Yelahanka Candidate,13.026354158270575,77.6207379253862,0.9853045287936485,6518.7882447997745,10000,23002.941550277697,20000,0.3261135631717776,955750.7988525701,314881.11110999045,488128.2826608927,500,98,3.5,2872.071367253613,1.0,0.010927739468687338,1130.7374776569472,425.7487732741924,0,20,60,2.7616857194906337,1.126210331915785,56,9581.038651549687,11303.606935822392,11.70581346062189,30,1,6479.229969053298,583.6468918648362,16,0.3719461511160179
d08a86e7-d58a-4ec7-8ef1-2292de5f7b96,TradeHalo Sadashivanagar Candidate,12.910369964317676,77.58806517691804,0.9390493780549533,11559.914185566973,10000,19772.834823762525,20000,0.07093461804456982,1441432.5402053928,325911.96548817545,484575.92511948774,500,117,3.5,3056.970629691347,1.5,0.06033978633769021,2556.087115379411,375.2749535626419,1,20,20,6.666033893796818,0.7621620372031617,54,5660.32885108812,9051.387309474103,26.04835241514087,30,1,6615.1159309549275,1071.3620256713793,26,0.17532014376024296
4bf0e50f-8db9-4740-8850-d9291d510b05,TradeHalo Whitefield Candidate,13.046347214938653,77.59320901391584,0.90148768952035,10096.394992149173,10000,21490.689662793062,20000,0.21734691311318238,1723992.5111263632,211119.36328063087,487338.0609276968,500,111,3.5,5744.491941917334,1.0,0.05263707915375493,1059.5390767670935,1314.3640727315988,0,20,60,1.229516718607536,0.7431281603018121,39,5459.113129195334,8951.89315730005,25.475408851349993,10,2,11580.803627750294,2960.1909898321323,18,0.15865726174538441
e782ce0e-07cb-4976-a34f-b394caf5f296,TradeHalo Sadashivanagar Candidate,13.101638896146252,77.64970662781484,0.7932989462413662,13812.935275961096,10000,23085.134140519567,20000,0.02412726824711833,1327747.975894905,367350.9170162974,525370.1895033856,500,87,3.5,1953.0024567099276,1.5,0.08295882387075905,26.08095816047339,6.054433831808641,0,20,40,0.7143774332585296,1.3327723516615564,54,6462.857767174806,12910.208499459,22.24251907789452,10,0,14669.98950710113,1534.6438110841718,9,0.8949326406896353
c088c68f-99a6-470e-87f5-3f6be89aa80f,TradeHalo Bellandur Candidate,12.910029643585919,77.57312310255303,1.3520608048097187,8540.292533611642,10000,20131.313410938164,20000,0.16866699848871927,1589207.425144152,243958.2079299604,345801.7723687657,500,121,3.5,10665.566838778439,1.2,-0.0022269147898155567,198.11152864648568,83.45826790597764,0,60,20,0.5510484715754781,1.2390301965062471,48,5652.0130546296505,11702.678968184471,40.61097477806725,20,1,10773.375262774947,1066.7110917621771,22,0.1407955717196535
3714ca2c-e3f2-48d6-b2f4-68b7f09dbc48,TradeHalo JP Nagar Candidate,12.867532009247327,77.5249528235967,1.2035178441585541,12405.73978195844,10000,20972.94850227307,20000,0.1823608399400724,1837584.5395983616,237073.05580023554,578056.9980827668,500,99,3.5,1202.2362143205924,1.0,0.05790870685606582,58.075752335673755,25.758225091179593,0,60,20,2.247207905526635,1.2639047883193593,54,5060.793084251759,8099.43061921409,33.00841768804396,20,1,8469.167718565104,897.6982379449267,13,0.9748708384668089
4ce53c9c-d457-4948-b41d-33e396fc8340,TradeHalo Whitefield Candidate,13.0492135821414,77.5728658790524,1.2289045538579337,11431.32817719196,10000,21989.504330536718,20000,0.1403479096242852,1051453.8905569732,199124.30222876256,583960.5739259528,500,108,3.5,16175.463180360883,1.5,0.10178707638676043,575.9644706391196,810.3452847946699,0,20,20,7.736741693941611,0.9557210598668491,44,4263.399967906604,9672.43561544823,37.530210922821865,20,1,11739.15379550691,781.8523058510552,17,0.2780152575317467
9f445918-af73-49e1-bc36-7187307fbe18,TradeHalo Whitefield Candidate,13.094762257286128,77.69712888739369,1.1939168520107675,6176.080702625508,10000,22366.804228107005,20000,0.15260588888446372,1299713.958706672,269748.2288173375,640573.6121130458,500,103,3.5,13087.77888277625,1.2,0.05354202197146583,215.04959071752927,216.455213954061,0,40,60,2.5724111271808647,0.8101367028610703,47,1941.3873016330035,7999.157669985284,44.55223234097741,30,3,8562.959012621024,149.32184616050336,21,0.4585922961046105
f3050ee4-241d-4cf0-b3ca-dd1496841a4d,TradeHalo Marathahalli Candidate,13.055285228210701,77.61862717552064,1.1934362125405547,15247.23915286952,10000,22836.414734084592,20000,0.09760917854234939,1048300.394392223,307671.9401826008,490310.1273724206,500,98,3.5,2120.4821000451516,1.2,0.07702524064027692,104.46102039278739,934.9655187990702,0,20,40,6.272528234496603,0.9978198800072782,48,6189.768963087694,16548.453932212353,32.54361685376552,20,0,9726.369935648505,112.22090364197966,24,0.1855164400318351
185210e5-eb53-4221-bf7c-f5c55a0f09f4,TradeHalo Malleshwaram Candidate,12.978530527313104,77.74298530148788,1.291814830557457,13227.683794437764,10000,22100.891882582568,20000,0.07056213415530765,1079553.6191033227,294878.34750093526,526021.8189884669,500,95,3.5,5403.190927081073,1.2,0.12030739077526223,116.10813529550083,50.65033053063881,0,60,40,0.4634668786391586,1.093775871333655,48,4847.625606326207,7953.752623505176,11.140986193612775,10,0,9663.924038145551,275.2465191455247,22,0.37329463628952
9f2d2a9b-d1b3-41d6-ae6f-9a5ce3ff6ef5,TradeHalo Yelahanka Candidate,13.046054683930832,77.68550191176385,0.9304288147466134,9424.426196279313,10000,21795.246780352947,20000,0.13076344031385007,1908409.7828624684,334802.9267169193,604587.9875199501,500,99,3.5,3432.6548698378824,1.5,0.09094554996902952,235.11077426091228,120.1341376605001,0,60,20,3.8358065793784992,1.222599813741281,43,2683.0414349098537,7481.455778193024,22.791440300098166,30,2,11081.110872104186,852.2268209978888,20,0.5990838740397325
a7da7232-e64e-421c-85fc-d6bd1beb4847,TradeHalo Koramangala Candidate,13.149079996472487,77.6976806341649,0.8505414721903237,12730.887898680552,10000,21358.29717796192,20000,0.0333354445585429,1348682.8857071635,363801.2934161743,429780.2622169977,500,97,3.5,4391.7152153372535,1.2,0.0072333006976784825,452.6212562975661,305.58151310715454,0,40,20,12.29770166661869,0.9593734837989115,50,8523.127335250863,6033.223675222014,25.32513481167995,10,1,7477.517179251548,2666.4727727537747,23,0.9160325691061272
b3fcb2e8-86bb-494a-bde8-4906ac1d4fb9,TradeHalo Malleshwaram Candidate,13.037079428154737,77.68479956847297,1.108630294872525,12711.498004941,10000,24295.276397136953,20000,0.2658809776486914,1638857.8276569066,368019.8236502537,549170.9585810604,500,109,3.5,948.3499580304124,1.0,0.04064398000533341,571.1987634688753,96.64648475287211,0,60,40,2.366412475369597,1.1950821603918333,55,2386.763616474777,11124.998376246265,47.70601542674148,20,0,11191.872734174274,500.7683127641942,17,0.9423560944609335
9c88d571-50d1-499e-8a7c-218706b21afe,TradeHalo Yelahanka Candidate,13.008440737387788,77.58269593602301,1.1065288034306107,8645.470231222864,10000,20358.39638271802,20000,0.04901548751885192,1549617.3520110094,287196.9315097173,426320.41503139446,500,109,3.5,6903.268410037894,1.0,0.06080091099165129,10.988899214674868,764.7126150018847,0,40,20,4.765914420587066,1.0208331087619218,65,4317.434584072254,9715.226143160233,27.086261349529746,30,1,10478.281295125658,1955.9233524766755,18,0.05320971813862596
bf098fd4-a918-4420-87b9-f6d8011709ce,TradeHalo Bellandur Candidate,13.011928109991361,77.69107022702049,1.087319423239881,9679.006251458275,10000,23988.15781771615,20000,0.06058264592681465,1712495.3933803746,292693.00857326825,551714.1832961492,500,90,3.5,3570.109441705138,1.0,0.04806505723615705,1987.1637369063324,173.29738060979017,0,60,40,2.240315368921606,0.66143235400128,39,7504.227290617688,9499.422224696598,54.19807552816587,20,0,10434.046244891391,22.14137858370958,17,0.531826948264344
e3409fc5-101b-4f96-aaf1-e8a76cee9eea,TradeHalo Yelahanka Candidate,12.990709751156544,77.63924408015518,1.0058168540359702,8735.25736293045,10000,22016.5575753013,20000,0.4097193977900884,1544291.0249141287,293133.2438631718,539264.707418934,500,96,3.5,550.0806308223823,1.0,0.08939452360244837,20.80142107624676,285.41892377811735,0,40,40,6.056668051745346,0.5761582519897341,54,4674.442112299849,8880.455217341505,21.762915167948513,30,1,8996.623344880196,1348.1002797683084,25,0.136053174416505
4e6b7029-d090-4062-af0f-af5baefde1ab,TradeHalo MG Road Candidate,13.056350448854324,77.5177027270724,0.8891219800431478,6256.661965813739,10000,21650.53890910345,20000,0.08915922865914491,1532042.2638865693,279348.9598533024,410416.6344172001,500,111,3.5,8028.679759470633,1.0,0.049408524611309984,1959.9389862151695,129.6916615143202,0,60,60,2.673684178969296,1.060866074606325,56,4387.92909475015,12251.291983969913,12.129810713646489,20,0,10012.09622369659,93.76348847618618,19,0.14519135601659838
1657f875-de35-4d88-a3a6-85c588fb886d,TradeHalo MG Road Candidate,13.103431936161646,77.47848968148378,1.0486491140067327,15847.10712206656,10000,22407.603290549938,20000,0.1352058533204219,1055169.9656214155,401229.87656411505,551072.528872233,500,92,3.5,11604.239508219229,1.0,0.047887917136749995,156.59160670562326,70.27989669274208,0,20,20,0.6587072731096433,0.9634882633065807,57,5283.392298935741,14729.776250243009,36.1101896721648,30,0,9366.166560069803,2308.178603709433,15,0.8208883625601368
73eeabbc-18c1-4325-ad70-fdcd9e3d53ab,TradeHalo JP Nagar Candidate,13.066241930945479,77.59965518289683,0.8725936182203652,18599.647502229203,10000,20302.17418199444,20000,0.04053081074087981,1510497.7759303087,315617.27678019507,456191.1842361231,500,101,3.5,30.967187520656637,1.0,0.08253957250126429,1114.062610007713,480.11256876466797,0,40,20,0.7939000962684182,0.8806985455176244,43,4627.7895314167845,14670.188493982603,31.862175704772834,30,2,8800.22533356705,661.2681173311923,19,0.3261307838517361
5d158b56-64b2-4b6b-adc4-994299cf4ac4,TradeHalo JP Nagar Candidate,12.917617984213745,77.62487319403186,0.8315117643746921,10420.047326298536,10000,23816.291806258912,20000,0.2815953452646733,1507101.4908019267,325377.8238255681,483818.6528784309,500,101,3.5,8221.516451903719,1.5,0.007738726679456284,1060.7872140185407,472.4072929983122,0,60,20,1.3231756212046033,1.0700995374412798,34,1970.2745662337816,10438.100966096208,33.3226595511512,30,0,9895.808539300964,708.3642160570352,22,0.984610152995787
23b0150c-4140-4803-afba-695c7ef2a748,TradeHalo Bellandur Candidate,12.959997268159903,77.55482353851764,1.0661429981932065,9623.547821404267,10000,23204.877192041124,20000,0.11224790866554513,1217453.1909424039,334015.4216518047,581454.7584344397,500,89,3.5,4189.62910343409,1.0,0.06465634202260653,330.9046811983328,506.88382489943405,0,20,60,10.424667524995156,1.2009602993733646,42,5232.230395312071,15464.719604608612,30.581751099442556,10,0,11036.260045944538,2510.482422548758,16,0.7978651539180119
66e6ce18-57e3-492c-a500-4a19c1da1f21,TradeHalo Sadashivanagar Candidate,13.02727064186431,77.6388923519438,0.8441201060045856,9537.263458798838,10000,20930.00021000134,20000,0.1418364845248989,879396.029537281,360696.98440530006,607721.6028674005,500,91,3.5,258.5736331821393,1.0,0.031047539278281522,695.4164420534503,120.19081446600069,0,60,60,2.9503368036378155,0.7315561059805386,54,5911.566501445303,7990.881444776359,47.98517170824359,20,0,8924.61016418046,577.9203068215827,22,0.5469826100973676
fe3c5ddf-3b7f-4468-88e2-2f00c1158274,TradeHalo Jayanagar Candidate,13.147946685832173,77.49522857649806,1.180612272505648,14084.246173187003,10000,22965.158275102225,20000,0.3304288959068922,1573458.3527944842,288525.57483133546,541496.3974941925,500,82,3.5,2949.1072425342795,1.0,0.07326935680810814,546.1975024746691,577.7507230524595,0,60,60,1.9833202129865555,1.0452074998940533,61,4726.439886966344,16699.411190218194,27.039437867416325,10,3,9648.169565886334,2328.8189492142633,21,0.035579490308544015
3bb6e299-4025-45c8-b6b3-cfcd9987f031,TradeHalo Jayanagar Candidate,12.870577419229717,77.69189700921841,0.7848469254086893,15186.206733623825,10000,20884.787627134552,20000,0.08263117562950617,1867280.8571587878,325604.8319511944,501288.7541154779,500,110,3.5,2686.265850355661,1.0,0.03902835783385125,862.7396054524489,115.27211455899294,0,20,60,1.3728549593458528,0.719339680776846,53,3944.2802415020114,11437.22643866082,16.877212789090606,20,1,6152.953477584097,1143.030066075118,21,0.07224647626592151
f9c3d455-0126-4258-9a05-2d7a6ec288b0,TradeHalo Ulsoor Candidate,12.906575254001798,77.57023440209814,1.1654202125469397,14393.73271757554,10000,20050.69111398395,20000,0.20270357405770575,969148.250428395,329406.6640141768,570512.0173232718,500,106,3.5,1066.143406734386,1.0,0.06538645858503747,406.03222368579696,134.42148565847418,0,40,40,6.339986286689211,1.1402428352184264,49,5026.497517071927,14791.25412285219,23.567625186623655,20,0,7571.123437918499,332.3457381248473,12,0.6053042802742973
015121ac-8857-4531-a9e7-c099ae236579,TradeHalo Hebbal Candidate,13.082414931708433,77.66778295687122,0.6778528573566481,14473.837528438242,10000,22578.057295527396,20000,0.36073168694868796,1449498.952774187,222016.68171817623,467457.3962012099,500,91,3.5,2231.6419869411743,1.0,0.033614615087099245,205.16549216602667,106.7608985643608,0,20,60,1.0824431996810908,1.0558065929319462,45,6816.474390541981,9935.443649497762,24.28797049935249,10,1,9183.139376656947,62.65707866249755,20,0.8400571510949122
6271eea8-8cc3-472c-aedd-d898e2af0167,TradeHalo Ulsoor Candidate,12.907690129565886,77.70589343812694,0.7962351442060374,14605.624070320011,10000,21698.279920980676,20000,0.2115877832821981,829958.3974623911,275619.6828033008,589532.4135972257,500,101,3.5,3495.332734744465,1.5,-0.00938984324248076,270.22292776020856,168.99273889567093,1,20,60,1.9158659285396957,1.2001763778116246,56,5410.468479508824,13020.277444670719,27.156412499369967,20,0,5929.120880147709,2351.0942861361755,30,0.51655159574737
ea0fbb65-f2f9-43b7-b748-6f384944e934,TradeHalo Banashankari Candidate,13.051767531865503,77.52166268465467,1.3248762836795032,10463.283297643262,10000,21743.898456389838,20000,0.16854326114836368,1694960.3060065813,291786.83014290396,438257.7907461696,500,95,3.5,3982.884712982911,1.0,0.06082609698356045,75.04503009886037,8.073420829637815,0,60,40,0.43964210359865286,1.3355281280645226,48,3320.5093097850868,3717.324048027135,25.115309196595607,30,1,9060.386037743177,392.6598730982565,17,0.8723918663821707
90948076-b410-42f8-aba5-508c6abc0b1a,TradeHalo Indiranagar Candidate,13.148302981214977,77.61362841517824,1.276376541646446,7291.8113687297455,10000,24080.62204370637,20000,0.03958662891528452,1855252.6488883449,349480.7700254299,478237.26253969397,500,106,3.5,788.5221580873282,1.0,0.01103702372867709,169.11421208385147,86.55759186470601,1,40,40,1.4343552457553692,0.8264768284837944,48,7272.275380142835,14499.460975871436,41.07478967410607,10,1,12381.517394332148,24.842631754260296,17,0.4017685694947488
8386048c-2cd3-458c-8788-562f6627ecb3,TradeHalo Malleshwaram Candidate,13.042241695554443,77.48749803845944,0.762988291259671,13969.298014298705,10000,23337.567408695257,20000,0.33433657377723974,1470702.72321966,474583.3492779534,407096.2461401366,500,118,3.5,4416.434578406562,1.5,0.09490131186792705,1711.6615648112113,88.41616518207846,0,60,20,6.289488121110991,1.3927917979558986,45,6595.742747388896,7941.553379872812,37.034535196069854,10,1,12701.584575106584,2372.264483358581,14,0.9204781849045521
212fac03-d6db-4527-a229-d35fdc1ad915,TradeHalo MG Road Candidate,12.993725906262492,77.46277365793793,1.0144873094251974,11863.453290293937,10000,23593.48417898108,20000,0.1749528245945261,1687424.8728410916,278162.56012629357,491592.08762053266,500,116,3.5,1483.0340330301497,1.2,0.06690855395178644,280.42852082370894,573.1321346740683,0,20,20,0.22591525540436574,0.5766236012868002,39,7507.491144867976,12186.67306986309,29.91983238771988,30,2,9983.883962450707,760.6046768889266,21,0.8903817188294513
fd347a8b-674e-4bea-8317-331cf134c9b1,TradeHalo Hebbal Candidate,13.099792730942829,77.46201470994667,0.7491886174967728,13382.92505036312,10000,20168.956217674106,20000,0.3162236588658586,1519068.624322412,276052.2320776542,651602.6450095349,500,82,3.5,890.2558769287953,1.0,0.0717643114672088,625.0113044191157,355.39924016756385,0,60,20,0.12397312355273113,1.1355986632128676,46,2950.3527722722697,9351.018729109406,37.468523275907344,20,1,13863.46443692136,1195.255922210179,22,0.6285305280561451
3e591b57-c2aa-442a-b466-988edde99eed,TradeHalo Jayanagar Candidate,13.081533555086875,77.73504708209157,1.1397322705466828,11460.64353563822,10000,21865.00069854176,20000,0.18727415819154716,1208838.2996372795,322114.74638843496,652354.4753349982,500,103,3.5,2008.2989589061758,1.0,0.04151367769967436,186.12586801001788,91.45970413251915,0,60,40,1.702959321829543,0.80628289772393,45,5452.974322670567,14581.153564156408,34.60221367884069,30,0,10016.762646590381,3060.4603214606736,26,0.8986013491997382
d3b02e72-79a8-4874-881f-5368a5e62f51,TradeHalo Banashankari Candidate,13.063258173477028,77.46343811702336,1.0553775582943978,13028.966400448711,10000,23422.80816137289,20000,0.17805126347821995,1459666.3363641775,213718.88786533466,662832.4354718749,500,108,3.5,5064.608602106458,1.0,0.049428125423450694,635.645822337516,135.1342363837829,0,60,20,3.310523857261847,1.247440195229514,52,993.1526888831586,11124.801254054093,31.61491005111967,30,0,7999.4647566845815,219.82243590985078,21,0.5373695501720297
ed43a104-38ec-4260-a526-913af2519d4f,TradeHalo Koramangala Candidate,12.885158064900551,77.63094756942448,0.9917470969836077,13449.991115104825,10000,24190.995900845417,20000,0.2910494351396915,1491806.9593365823,210760.96117371775,435899.8226096804,500,92,3.5,16054.031757270022,1.2,-0.02,323.91475291871046,986.3004997155023,0,20,40,0.11122691985067854,0.5076930585061403,53,7960.644612369237,9726.492985290948,42.091217391703985,30,0,9294.514709592777,997.9867746224269,17,0.10300614023561283
cc73702a-ab1e-475d-a69b-332eab80ac84,TradeHalo Ulsoor Candidate,13.039530071339122,77.46721740831808,0.9041175120392706,11871.385932892375,10000,21902.789055553963,20000,0.08892248812736159,1456402.7435481385,293130.4693573217,770761.9582695597,500,99,3.5,8702.02097522611,1.2,0.06178826488443951,777.5634114667039,272.4205812645246,0,20,40,1.9254178361131042,1.3304938442222212,55,3243.326224328076,8697.354051374587,39.86077061207375,20,0,11562.425593175478,190.34768545478875,17,0.7398090299107825
009e707a-bc40-4b7d-9430-b28d4f048af5,TradeHalo Jayanagar Candidate,12.853979575215341,77.66438599512291,1.1473703898889795,17942.179724864254,10000,19554.990924812584,20000,0.17890917808865375,1611418.0705068808,272917.2150363223,618318.6667286118,500,107,3.5,10026.178614340433,1.0,0.015747799280901642,254.77406608117337,360.52925372631734,0,60,40,0.11967108155564118,1.332862018720237,50,4208.53028738104,15296.179343578613,22.933085405407226,30,0,10687.318729039163,299.8828977605698,25,0.6430331077951368
3e9320d1-b1bf-4445-882f-a80b49d3cb00,TradeHalo Koramangala Candidate,12.86695164280248,77.59679717818193,1.0692908479557373,11888.50803309837,10000,23279.629725764345,20000,0.23030503653565432,1539765.9291915162,355856.6581548399,601883.7243200366,500,100,3.5,1219.9152683966367,1.2,0.05947939047569035,1667.8580779145643,1062.4034892465413,0,40,40,3.286565646007334,0.9834748474149023,55,6063.781424130253,7261.937362517062,37.749252066106784,20,2,11308.461363124157,778.6386653299382,17,0.6796367896189791
0a0d58c2-263e-4f5b-b8d3-960a9aeb638b,TradeHalo Marathahalli Candidate,12.861587516067315,77.51250710398934,0.7125881657260109,8885.610567829284,10000,23406.99769439289,20000,0.28273456969619326,1441749.9002951053,281364.108508472,524938.8923439675,500,98,3.5,3094.853073434096,1.2,0.017117752781428977,101.79134418009576,323.2698333295898,0,40,20,3.6837953256793936,1.4294405084323047,58,3446.5841015067426,15224.938258161395,33.514530783264945,30,2,9965.168448064902,252.1602957822599,15,0.0413717585012906
1861cff7-4ec6-43eb-bedd-79189f9c60cd,TradeHalo Electronic City Candidate,12.882675191461193,77.63099265400132,0.9915265511312396,11969.508973673805,10000,21926.293157713568,20000,0.05854134783034724,1307608.7362462569,234683.4058396024,343793.2681106015,500,99,3.5,2957.170764326914,1.0,0.06845175331495344,352.07245458295307,153.2261215705224,1,20,20,6.90121001908923,0.9165957644603444,60,3537.9608471208285,10488.001307094308,32.44656713475825,10,3,11316.0215662691,636.4490633312458,32,0.10167704542728317
65bc7a68-3c17-42b7-b13e-90d498a0237d,TradeHalo Frazer Town Candidate,12.979748936061798,77.5502641126882,0.8256473058672292,10673.48638683125,10000,22945.696913903554,20000,0.2756598760317088,1649909.724100428,249105.54755899552,437354.22009411,500,93,3.5,3084.882020395903,1.0,0.05545852884538703,89.74461149376845,144.87177983264692,0,20,60,8.656011604621995,1.4049345249776124,44,4394.570402643107,6532.341164033367,37.776394503233185,30,2,9294.603417978808,16.13898253845763,33,0.9979309440678972
5c0d1401-d50f-4b51-b06a-a228f94ffd76,TradeHalo Marathahalli Candidate,13.133866187809598,77.49545391075381,1.0351781292152415,8219.866670352636,10000,19306.430780654842,20000,0.07946342876059913,1629071.4881498825,359424.2876516202,458252.6139694623,500,96,3.5,1113.894745290388,1.0,0.010557026736050468,152.7119773876173,35.64595752877967,0,20,60,4.662177593533977,0.5005874126953939,36,4277.837593030249,4771.562540979539,25.730553929775052,30,1,9634.481117410147,1049.8021914422727,23,0.7671413418588032
9fe00358-50f5-433e-b0fd-8821387a7885,TradeHalo Basavanagudi Candidate,12.872464589473498,77.6719309053947,0.9968034283373886,17089.20519471928,10000,23736.747400088694,20000,0.08637080056395494,1553091.1351195478,263517.0578633883,485106.5325298734,500,100,3.5,9269.26460046113,1.2,0.09053131175478912,366.22968469070605,31.93166932272708,0,40,60,2.183381883638632,0.9072087767191985,45,6689.3766885953355,4885.1116486958645,40.794229384422,20,2,8113.220985371989,1451.6630528900253,17,0.468048395431525
7471986f-c7c6-42ff-a009-54f2ea50cf45,TradeHalo JP Nagar Candidate,13.066395041720897,77.56453220342641,1.0378230661332424,13141.93132181559,10000,22963.227254363046,20000,0.2452143933891369,1251151.7304561033,282772.71677662095,457278.76843155397,500,102,3.5,2015.269680205991,1.0,0.044112863163009025,96.3125206085574,142.38626385492148,0,40,20,0.7127749427890764,0.5588523540700019,52,6525.401376026181,7236.229025535462,22.79137843795045,30,0,10309.56831824766,265.26955532254306,26,0.670358413219304
07d3bda2-e479-4118-b52a-091a0293e537,TradeHalo Sadashivanagar Candidate,13.002200374300608,77.5907536134796,1.1112808972001438,9820.422548052333,10000,20610.50055618955,20000,0.14756503749815775,1160650.3237782056,284866.6493236798,497215.19834843976,500,94,3.5,3215.502735012214,1.0,0.02354911687497125,57.28776739093222,163.0318061484848,0,40,40,3.491902193187655,0.6908063763515627,53,8116.352542303655,9756.849008180327,37.88778202398425,20,0,12057.056863930304,28.615768585483618,21,0.8330015248418167
649f8cdd-a670-4ef5-8e55-7ed71691fe8d,TradeHalo Electronic City Candidate,12.932753396151092,77.46159504648368,0.7706838381420011,13257.367163887695,10000,24736.986015124614,20000,0.22499207938406005,1702717.4657935542,270882.78909095685,547819.73609178,500,92,3.5,2252.128534372845,1.0,0.08108026698900189,939.767805332401,320.95009902983384,1,20,20,11.376932691410195,0.9385693833711836,53,9455.203060362055,7573.4174679249245,26.99823035427773,30,1,6411.149746456349,69.82270344464753,19,0.9095980949653981
28e9f2b4-9adf-4e9d-8205-cf0e7d30e95a,TradeHalo Rajajinagar Candidate,12.945075513318416,77.61911703724893,1.0259768661869388,15039.76020127425,10000,18904.0719973666,20000,0.128781555121643,1232443.67544018,315267.7125308838,507561.1320736927,500,111,3.5,2133.631741051197,1.2,0.03349989882680181,227.48679823103555,185.27448893871485,0,40,40,6.092188049794102,1.182026354787978,46,5587.6820974412985,9343.049414825748,38.98990869093977,20,0,10332.99811691892,998.6833530806557,13,0.8585483038978423
6bc5c3ef-bb9b-4a99-bb00-319b69fa2181,TradeHalo Frazer Town Candidate,12.856858270360235,77.60411950553825,1.2248440852915115,6891.909368528411,10000,22288.54630966082,20000,0.23218062491514907,1398733.0285286638,388594.45967901836,479980.73744156753,500,96,3.5,4759.252390379164,1.5,0.04491063251503728,621.5379975466591,389.06201127815393,0,20,40,2.6734527590584025,0.8102543833512104,40,8016.903767175094,13205.01376916701,30.339462788355704,10,1,10582.594051157437,8343.60357391128,28,0.544066242563329
268d450f-a58f-4f9d-a043-416fdfeaff8e,TradeHalo Marathahalli Candidate,13.060124160058795,77.67454531061287,1.1683289728079458,17317.367517296676,10000,24537.290246468703,20000,0.046733396198976235,1033330.2718756639,327586.63249761134,473947.616860132,500,110,3.5,24816.572671108373,1.0,0.09591887341195257,326.4951487244286,31.70703887505575,0,60,40,7.3871969469452825,0.7319720682642511,43,4879.324739638749,8692.55421440798,40.92236263350516,20,1,8975.734673096877,1157.952982526766,30,0.9105445507370022
08b64a95-bad7-440a-89a5-6770f9423e04,TradeHalo Basavanagudi Candidate,12.880124098608425,77.59344278437175,0.8963159743818152,8369.662911953306,10000,26094.524757196934,20000,0.018960846740430425,1632923.623129619,341065.38624102017,641745.5046452825,500,109,3.5,10810.110790037077,1.0,0.061935151590791895,685.5014125292435,113.83746899668168,0,60,60,1.3960508296073548,1.350601507795822,46,2775.170336701664,7582.625515927099,30.541699634662734,20,3,9819.26324373066,9.330354772822195,29,0.7892572136589793
8f48b511-9b03-4e55-bd75-4dc8f444eba6,TradeHalo HSR Layout Candidate,12.860408837821865,77.70320977441716,1.0468539375393104,15360.441628809182,10000,19958.75209402255,20000,0.24145664543166512,1128104.2574185468,251792.05811653455,461370.07692985114,500,100,3.5,13140.689207932568,1.5,0.06854380342278321,151.78910481341305,702.158903356721,1,60,40,2.5542813303553875,0.5545726535206338,44,2258.2573714121236,7593.802514742525,10.0,20,3,7321.393862113826,2777.382245769187,20,0.07418764988725968
d19a0261-6ff8-4c94-aed9-e066cf1d9188,TradeHalo JP Nagar Candidate,12.99049393326846,77.55440419799078,0.8661204426816136,6597.619424970442,10000,22481.015986827777,20000,0.13908996654008035,1112599.3887567867,318580.43554565724,577873.4676120144,500,90,3.5,2845.926959783959,1.0,0.04662838581581088,52.1144109505076,13.438077026427528,0,60,40,2.050841149095994,1.3454303278260205,64,2145.696091595161,12530.93006449136,33.851129855831374,10,0,12795.366473622515,1950.4649024086286,25,0.10289776300905173
ed64d13e-b9c2-44d0-9f14-e00cf020880d,TradeHalo Rajajinagar Candidate,12.9932026297562,77.67414350680897,1.1411966181868707,14583.729449011114,10000,21746.52658996463,20000,0.07693772403864363,1203228.9847871573,368408.68618464307,502162.24972264416,500,106,3.5,1054.5884534548027,1.0,0.030121295697058497,369.5383223209214,321.4381875452781,0,40,40,2.1831841733141295,0.5263974058805193,40,3878.236304718553,12549.96546527241,23.050123031457492,30,0,10087.199525027916,739.6452527595201,18,0.732814524514531
5847f30a-49fe-4ca9-85bb-beeab19e73e4,TradeHalo Yelahanka Candidate,13.046418671797277,77.5225204785344,0.8660782633491513,10057.160445827394,10000,22027.9836237332,20000,0.05732218540141387,1628708.2507607795,288393.71284083574,313468.0514875024,500,100,3.5,67.99394432156855,1.2,0.04009523464333846,503.65680503715373,242.31707590910887,0,40,60,10.986150607336535,0.5095992305659202,45,4730.497917327927,10685.319051743161,42.740510171533586,10,0,11461.7988822448,1662.945416567917,17,0.850843840566809
7524f80b-d4ac-4ee0-8f7d-ec53e5ea94c2,TradeHalo Banashankari Candidate,13.061931317061577,77.70896712172944,0.7067514713223326,18854.190493258047,10000,22239.572571755743,20000,0.13248773297211855,1435150.3788226435,299791.7564286401,732013.6431595797,500,84,3.5,223.74764909336812,1.0,-0.02,1487.3573720618776,18.67959115991761,0,20,40,0.8256156144817602,1.436198562979449,51,1159.5545517260002,8063.234062937667,26.211095277908086,30,2,9524.96473787382,348.33359956530614,26,0.4429715144058436
6f0ae074-5bf9-4d2d-ba10-235a4181b349,TradeHalo Marathahalli Candidate,13.002636542823158,77.5555673850239,1.1536495661300283,9732.605974427857,10000,22877.969196970687,20000,0.07777002177139902,1309875.0033233836,338184.78831780073,623232.5650000506,500,110,3.5,6480.762003884787,1.0,0.07014860243149645,741.8528212463737,42.348481375449985,0,40,60,0.13454988469783338,0.8405300885526065,46,7194.667060954242,6479.604087634594,46.32236552158022,20,0,8130.3281925190895,130.22162917495416,24,0.7643757599415515
ca78faa9-28d0-4128-9e6c-24c0049c6992,TradeHalo Sadashivanagar Candidate,13.062410522329154,77.67091939414476,1.3802993363057015,9319.53813905372,10000,26516.98344451064,20000,0.30941440349101973,1995792.0690572173,376498.579681849,726401.9561617752,500,96,3.5,2256.3478271277786,1.0,0.06775578046827677,1037.7318420822753,101.5228591436898,0,20,40,0.1,0.6648133932345308,54,3828.484522705976,7078.151583126708,21.661770854784628,30,1,5465.789357869827,170.4874693329948,26,0.7463556525597328
e860f1f3-0437-4c17-99b3-4ec601da33d9,TradeHalo Hebbal Candidate,12.925070698207413,77.69127417676725,1.1994150055428758,9682.29689449488,10000,24414.856065403335,20000,0.030110692308859006,1656655.4844862458,359343.7370562297,588363.4426086983,500,106,3.5,5300.340548718705,1.5,0.005397939802478345,654.5142531866236,32.289306357663335,0,40,20,0.6940676720507643,0.6850902059386946,45,2474.0970998415146,9758.696985014627,16.50828576026218,10,2,11748.134959440777,269.3313467986919,18,0.47309190002061163
294265da-1a8b-484c-a8ae-b47ff01e9310,TradeHalo Bellandur Candidate,12.893110546687288,77.49923768387148,1.2565249617035876,13593.254098449135,10000,19030.965300068987,20000,0.3335750082669888,902527.8786461311,236617.22341573334,505481.8687948695,500,118,3.5,4022.979651216598,1.0,0.06136829970455782,2629.637933789617,138.5491944842505,0,60,20,2.5143631603105794,1.1468465863755029,56,5211.667642022784,12325.910580066851,44.120753272480876,10,1,11490.986321640208,317.11878694082833,18,0.40431891751165805
7a05883a-2e54-4b5c-9c03-8ec9deb4c8f4,TradeHalo Electronic City Candidate,13.129441064214404,77.69037377521039,0.7873597486244638,15061.565056202402,10000,20458.963929458238,20000,0.02065458567963479,1237989.484762995,316827.7564508049,557478.0321875069,500,118,3.5,19529.746783645332,1.2,-0.02,674.8558805489256,332.8663083154333,1,40,60,4.563213352388582,1.3264079032249718,56,7654.674930393746,5257.94986202308,31.276070057291673,30,2,11017.324201949637,547.5041273983347,17,0.07457369280451365
9f683217-4b9e-4006-b592-9eb81ef60ac7,TradeHalo Ulsoor Candidate,12.961978621438746,77.53688589470947,1.2112600259319901,9126.925364982864,10000,23523.710413116787,20000,0.25301752939149424,906607.9919248032,269681.06688334787,452260.8434273017,500,100,3.5,6235.661555231966,1.0,0.11406701337681813,529.6341332982345,396.45397802172215,0,40,40,0.8469064339605195,0.949879821344432,39,5854.2494270477255,9968.5348989244,14.180374548672404,30,2,11183.718415390455,1170.6462959880394,20,0.9801193302048605
a47e2a33-8440-4c20-a07f-9a4263f5ae89,TradeHalo Electronic City Candidate,12.877017960341972,77.62855739939889,1.2033261112049418,13655.138998480235,10000,19788.02504048543,20000,0.07878495782842529,1356597.2180327233,283937.11202761275,414867.5353819709,500,84,3.5,20269.682662701216,1.0,0.03284761637830266,190.4481557775439,137.14153432779605,0,20,20,0.6017150850788847,0.7255988259409607,37,1375.0303195330048,9071.930581813944,27.34656442827651,20,1,11042.912807216591,141.35562786180938,21,0.20428137052273565
cdc80d3d-8367-4715-970a-3b61b0a6b385,TradeHalo Koramangala Candidate,13.098133967881857,77.60648181075769,1.126818110640417,11611.27169638488,10000,19815.559870363464,20000,0.15904396452662692,1810903.5026134993,234831.03685253285,709529.1849039437,500,105,3.5,1784.9078096275541,1.0,0.03455517441142251,141.80094278192266,641.7233845940017,0,20,40,1.509704303691266,0.8126514337039424,51,2674.8135283218253,6160.876347499006,40.57187520132602,10,0,9811.10429874031,221.86913154914603,13,0.1492404486142106
089b3026-302c-45b4-a3b6-90f3d6a6e464,TradeHalo JP Nagar Candidate,13.033929181362273,77.62568367280889,0.726687179354381,9300.712592155085,10000,21175.429491763924,20000,0.01942473195917644,1574635.7810066536,286680.8770988984,471486.6503317036,500,114,3.5,2014.7342296736017,1.0,0.0723509577138769,163.60872194799603,622.6522349877157,0,60,40,3.6698789616128815,0.6992827136807096,45,5301.277253068487,13034.197669981637,37.046932382242716,20,2,12193.780019315001,120.91934799611153,24,0.08085775985568533
8f0b1694-9f38-44ae-ae51-108e59e18dbd,TradeHalo Koramangala Candidate,13.027584826647042,77.6865764692071,1.217924666585081,12428.222390544664,10000,23663.9149839958,20000,0.25751407633655754,1429912.5058817768,257466.1297570667,513932.21297149814,500,106,3.5,3567.8803841639806,1.2,0.06400078518869366,13.719053626140639,46.45351872131386,0,40,20,0.7376977163737155,0.6905892101300996,55,7278.479193108351,8827.241620700976,31.668553226440178,20,3,11979.290639218241,661.1142915324557,19,0.5104278410560954
c73e34f8-1e10-4a92-9298-a1a0b5cf839f,TradeHalo Hebbal Candidate,12.88978383663959,77.69939461897962,1.1684289580258707,19144.357012926175,10000,23925.24775359368,20000,0.20979800451270506,1358451.112765497,291984.27908852836,547094.4718963864,500,99,3.5,3431.4119210128956,1.2,0.004085188836349313,133.4726004566588,336.1103400140016,0,40,60,3.043579933915929,1.0585565182536345,43,6312.14392297258,11953.956754808945,43.80526715182471,20,2,13485.690327418735,1250.6344313081186,20,0.067538150641546
118413c8-e8f2-449e-8d82-636ed3852fd7,TradeHalo Hebbal Candidate,13.077213362022839,77.52522895996816,0.9911372767525962,12764.101060955,10000,20226.735493613316,20000,0.08086663684419977,1595998.1456133672,324628.9149250349,476567.07622051466,500,92,3.5,3674.7295886670136,1.0,0.05139926792273805,168.0304578038879,93.37995793271924,0,40,20,1.9590340151500136,1.0264524702497517,48,607.7032971979643,6178.403988019445,19.207750414419728,20,1,9290.90750000322,584.6321017840955,27,0.8776661497409665
fb3b2111-9489-487d-a068-73b8b4e7f1c5,TradeHalo Marathahalli Candidate,12.911086394109773,77.50676951556345,0.9249566273514714,8665.280169843732,10000,18286.326210804753,20000,0.060635977497563574,991743.015057691,314128.70332430536,596364.585271748,500,83,3.5,9556.170682468366,1.0,0.06281380621866336,44.74015136459328,270.2960596703326,0,60,40,0.37812181203666173,1.1743465337702648,56,7083.17626801123,10734.539479927358,43.06711013861702,10,0,8988.979266556766,1363.1580776842188,22,0.20154601734815736
787cc712-770b-4280-b3ec-5c698b177963,TradeHalo Frazer Town Candidate,12.862626548418215,77.47511419857082,1.1975013666304315,14253.177270403838,10000,24077.784598055918,20000,0.06442875520801211,1463877.9138809757,344259.21226603753,490045.1202836947,500,109,3.5,6262.254663877024,1.0,0.024930919091675975,5.831607958625134,141.51556526146734,0,60,40,1.6800853159640647,0.6751168752409795,47,6158.265755591201,8811.818140309351,28.9047594851192,10,3,10946.448362261386,839.0182708303188,18,0.9171502070040745
60928613-c492-40e6-a439-8de1640bbeaf,TradeHalo BTM Layout Candidate,12.898317553178416,77.66179784821901,0.7390650127628072,14107.748283029021,10000,23571.834571149095,20000,0.11015022198871359,1550582.6421183338,275651.2782683905,852064.8773737301,500,99,3.5,980.5580617808748,1.0,0.07368438384517083,349.3424776165898,252.04563397822227,0,60,40,1.005730528520769,0.5403589948751768,53,9312.880693736925,6733.3365811917465,28.88280098823882,10,1,7917.341633538701,380.3199181992066,20,0.8578325469453952
00786ad4-7251-4619-8edc-db4e3169aad2,TradeHalo Koramangala Candidate,13.060171491084454,77.59286214684339,0.8976878742867199,10599.6702737592,10000,22285.124218322784,20000,0.03629808549169372,1117816.7474634247,215529.4065335616,309420.0485566657,500,111,3.5,4419.636845686282,1.0,0.011784506595088853,99.89461820757066,296.66429111400015,0,60,20,2.457453075052674,1.067079618653679,49,4571.045115669226,10769.498827571691,36.73425663423827,30,0,10785.804029623465,787.3429618584181,26,0.039869680614666
9d624e12-2d93-4a9d-93cf-e5157f13b70a,TradeHalo Basavanagudi Candidate,13.087350905931018,77.4948161128135,1.3675188857461695,13238.50502575654,10000,21731.273872097478,20000,0.08382380577818806,1233686.2781429163,379834.919987904,433211.2958519892,500,99,3.5,962.7317733009584,1.0,0.06802798728750548,132.3513178023812,49.06984331726243,0,40,20,3.4829571694571007,1.3791072689138675,52,3575.4347904897813,8336.826647797854,32.62726234612605,20,1,11104.83361023444,1779.5798579517982,13,0.5758052575992327
ad03a069-4938-480c-8e74-2b7ed5312bb2,TradeHalo MG Road Candidate,12.92397847121126,77.59498279636252,0.8155240501707556,5477.864911067261,10000,21973.163939354978,20000,0.25336042905276873,2090190.3634836627,327393.61944619485,607690.4046014736,500,104,3.5,2734.0386316569625,1.0,0.005181499397978739,1979.0309163797865,209.63832007724037,0,60,20,8.98026628823375,1.2120599897310649,55,6457.4729088445465,9662.948968212839,36.49871265172412,10,0,13022.712378562626,189.89447956445764,16,0.18226087594032092
a5ba7f5b-b7e9-4d70-84b2-dcfcee40cda1,TradeHalo Indiranagar Candidate,12.944511779189364,77.74536826808608,1.3446716085389854,8104.957813504369,10000,22274.51509163463,20000,0.07535812998341615,1658310.5914721633,329718.0727605245,342963.1041580872,500,99,3.5,12012.76380666615,1.0,0.0372689597333456,80.32315713628817,53.83860942103153,0,60,20,3.236016276198055,0.720479162569847,58,4116.36520090053,11761.285436019587,37.145860219261635,20,1,7652.863205148522,828.56958895715,22,0.13620270568145798
582442d1-afb5-4343-beba-c5a7586c2a9d,TradeHalo Malleshwaram Candidate,12.898820795529813,77.61732691725096,0.9261788474764909,11338.56438920249,10000,20896.512428876595,20000,0.0910554680824937,988588.4445040186,326964.6826311995,519654.5063233562,500,132,3.5,379.8879783815183,1.0,0.0011229834099836453,25.595566569655357,59.703851104409054,0,20,60,0.3173753041052356,0.9237791748547549,56,3060.8496793201048,8852.693146389052,28.55729548351643,30,2,6842.906585625925,1122.7128039232928,31,0.5157050269128476
e2b15a28-b205-4686-a993-2d0dc6632ffa,TradeHalo Frazer Town Candidate,12.985826289284924,77.71162330428042,0.8820314673136171,10442.543650894688,10000,24561.494779312965,20000,0.18624409361315308,1274913.4719688518,312890.81414955424,466788.1189718638,500,78,3.5,16525.663663284064,1.0,0.07403121646255324,871.8729103488679,409.89815469893847,0,20,40,2.7233054141732893,0.715596898948195,46,8018.514305632324,12451.787056221336,32.17077396641951,10,1,8739.35807228754,2343.5101067369037,20,0.1909227019459917
23595354-d2a4-4b06-b2fc-07dc41c29280,TradeHalo Bellandur Candidate,12.916017151454222,77.47651144958412,1.2012758912816708,11681.330117109208,10000,17970.473891951235,20000,0.14154276290477621,1491293.5097730893,349575.5649903081,488306.82380905765,500,88,3.5,1251.6716709071252,1.5,0.08750429736737399,157.80546284477745,735.3329993172728,0,60,60,4.220826972402986,0.6691496661531091,44,6992.392725698346,7671.015469046791,28.819636352057678,30,2,9695.338816776104,926.0009606626198,17,0.45169118745674997
67810a44-9743-4b1e-a674-5a0c39684edf,TradeHalo Rajajinagar Candidate,13.145231824920776,77.72062233459123,1.1114356470390956,12783.087564672953,10000,24144.24487656712,20000,0.3237151093951285,2192486.7486031963,267183.56623828644,621123.0046577341,500,105,3.5,965.1328898837999,1.5,0.10118340635912743,351.2499326633044,174.61938645748492,0,60,20,1.8249166694608432,1.3769296795553454,58,2440.540547010862,6441.275723090228,23.494246483426487,10,1,10406.03406127907,43.509396181390514,21,0.05269997202027721
5278d9ed-c0be-4e86-b9bd-8a004ee9b88f,TradeHalo Basavanagudi Candidate,13.080088204379967,77.61743942511316,1.4067300228405235,11177.284483276871,10000,20373.00142677089,20000,0.27461107480296193,1767001.6691998744,339454.87522902864,514580.1493863191,500,92,3.5,3274.8836881837897,1.0,0.03760032123710172,896.474218154522,423.5526785432037,0,20,20,2.7433259991345866,0.6523800113582763,45,4123.654092971805,8020.886338585486,43.331731474112445,30,1,12647.7315572335,840.995572335262,22,0.470561355194854
30bf4b89-a6f9-4a0e-892a-a2a82c0cb724,TradeHalo Indiranagar Candidate,13.029134215430325,77.61198810410644,0.9386929069061057,13360.939675370273,10000,18092.515942125952,20000,0.13031321561513984,1826990.554518533,317803.2960893718,424918.49106415955,500,74,3.5,11250.82952708214,1.0,0.026817805737485753,353.3744258660714,257.20412321023167,0,20,20,1.584529913435976,1.1967440686811883,40,6458.864101403395,7812.216653628775,13.113346028784196,10,1,11420.037547185715,227.20628185013283,24,0.17039671462029893
692ab662-3d29-40f6-ae31-076c0c2188b8,TradeHalo Basavanagudi Candidate,13.06639811517533,77.49132333081141,0.8842894919272046,11441.081505005688,10000,22877.761463715873,20000,0.12028562400975301,1619368.142895265,306575.7530061023,601880.7919261932,500,90,3.5,1038.5874268579348,1.0,0.0804221940990359,1117.1886337157532,628.2412115492169,0,40,20,0.4695186980815359,0.851464913923089,52,4385.051098581328,12356.734645562581,46.66357384916646,10,1,8175.742468719963,623.9913620548233,19,0.11592836887062186
5e758197-f260-4bf7-8719-08efe1365b7c,TradeHalo JP Nagar Candidate,12.900072854628297,77.58705793674741,1.0445223768330762,12917.67680135652,10000,23173.141497149234,20000,0.1911903878129381,1204642.696386396,275483.3044483653,523356.06389398867,500,109,3.5,37.88755271326405,1.2,0.05182519865033249,544.9720832586278,800.9542151097006,1,20,40,0.814395236482711,0.758634333855195,33,2337.917295239544,11224.316741883023,28.843632942761843,30,0,10569.25918671546,836.6372085934978,26,0.08353940596316378
e93ee993-4c32-41dd-8d01-61be0065cf45,TradeHalo JP Nagar Candidate,13.07308071845455,77.59535885677174,0.9446428164400222,10482.799542466724,10000,21513.16585836153,20000,0.3476046741758079,1978500.9016546283,312545.44761351607,361946.9193698114,500,87,3.5,2714.029395992011,1.0,0.030819524453994024,479.0700379952182,542.4935957436113,0,40,40,2.161752804271206,1.4328895523177612,49,8141.560432343466,14008.74574457838,33.52401914946397,30,1,8602.401609985809,1074.8501241864726,23,0.6381091874454408
7e7b1344-4a8c-4765-bc7c-37a58760839e,TradeHalo Malleshwaram Candidate,12.95390042817657,77.49199813738026,1.1890192420206125,14310.265744577962,10000,23113.049840457414,20000,0.060632065171595285,1756323.9165245777,289592.11672986404,433108.8311014502,500,109,3.5,4260.3048066510355,1.5,0.030468936474994518,706.4957160719329,770.1508434925025,0,60,60,3.8477766920145413,1.38360669226783,70,6100.5336055415955,4776.380477645712,43.55151407091867,20,0,11147.993379325575,76.0471353191936,18,0.0646072738545087
8dd01b62-9713-498a-bfb0-4e3bb4bb0c44,TradeHalo Marathahalli Candidate,12.990864930386216,77.5506735944038,1.1246069278082154,13107.320975452278,10000,18236.292949415052,20000,0.2249459222596931,1882614.587332906,342806.5607795106,491594.4730302055,500,91,3.5,6875.911210735451,1.0,0.05087666604031785,123.50601201632675,86.25217478988714,0,40,20,2.3344485572876903,0.7262616013264026,36,7492.638721630828,11444.050470967408,33.35029707752766,10,2,9585.45976474996,1877.4619351754711,21,0.5821964807583613
9fc52995-7fd6-4c00-968f-ba47769c98c2,TradeHalo Electronic City Candidate,13.115584338050725,77.71366106026443,1.0583239553402795,6952.938498069184,10000,24514.364472388224,20000,0.24909835982513046,2010283.468882705,276888.8622488703,576870.1255660525,500,115,3.5,288.1874387209355,1.0,0.08664284411918427,94.2745152188659,102.39629986764353,1,60,20,2.441234012821035,0.9118443642509632,47,5226.69872758026,8084.507004521807,27.413704956271552,10,2,10441.392463799157,2879.312348202371,16,0.07871136442863069
7e787fb4-2d02-4ecf-91c4-d69bc33bb2ff,TradeHalo Malleshwaram Candidate,13.133263152636271,77.46000717064814,1.4440958511169777,12917.02983746183,10000,19729.008715054377,20000,0.08150202710116086,1966709.3897503247,248474.41334793338,487166.22607407975,500,83,3.5,3690.3144427747143,1.5,0.01834419071865588,917.3896256617874,265.09970678765814,0,60,60,1.623661165456492,1.2053180547431948,52,5561.1828769244285,7092.348621966998,38.75429912971689,30,1,8028.250131666758,1199.0684075438544,22,0.49216223346772303
ce7f2251-ea75-42ac-aa6a-8e6ae7a96042,TradeHalo Electronic City Candidate,13.080568857985662,77.60709763202121,0.584339707229974,12773.29781121358,10000,23680.83670899111,20000,0.32582649323840274,1495142.177981284,328248.21891655406,595602.2362564416,500,90,3.5,912.6229115732131,1.0,0.08953541407028195,1151.908593417836,483.5919363106122,0,60,60,0.7231903165836456,1.3127049667527229,62,3986.4156589525846,9372.964027931108,22.2256812154556,10,0,9293.640559302183,924.803101443413,19,0.22973996087088155
87fa8ee9-9280-4a76-940d-86558793fb6a,TradeHalo Banashankari Candidate,13.080276309793456,77.68449895688487,0.9377973425275654,9078.543792578512,10000,22108.46650611099,20000,0.14020164929006987,1581964.7028177453,405361.7959418259,507098.4131514777,500,120,3.5,2811.1842748131576,1.0,0.04459153574346704,87.49835761963114,26.686281066570768,0,20,20,1.3060760012962838,0.9384241509432929,50,3684.7328117146662,9944.841756949972,59.14794373571496,20,2,14800.777006540582,964.3437153891596,23,0.14154040984027016
6f6c73a6-cfbb-4304-b019-59730048fe08,TradeHalo Indiranagar Candidate,13.073359981431699,77.74032213262609,0.980885495640791,15986.836634498384,10000,22164.161229148856,20000,0.182189517626529,1557863.993923128,312813.5607978534,432228.8114365564,500,96,3.5,17433.94514384919,1.0,0.0864950290615245,378.7294474210447,116.1105710891167,0,20,60,0.5864167302994587,1.4140175450910364,48,7518.890774200136,12893.356942953009,34.13431041480662,20,2,11676.084778469189,1197.3254178714933,19,0.96044036315127
cbe8c557-44f6-48fa-96f2-10da1b1d5a68,TradeHalo Indiranagar Candidate,13.037917801632503,77.64742942330687,1.2114190948423345,10714.83922859181,10000,18686.23735489993,20000,0.2041694644289895,1778558.897188825,292756.9464103089,505706.00448342535,500,104,3.5,19520.67081294005,1.2,0.043791400405762036,92.8350161755794,117.92112886661805,0,40,40,3.3701174678432237,0.917105131769583,38,5486.999977221048,7848.625653561636,32.474724061869786,10,2,9036.455048766102,2124.954857100353,20,0.34842801401486034
0ee5f469-bd3d-49ae-a394-1384cedb6600,TradeHalo Bellandur Candidate,12.908664472477566,77.46208975979846,1.1386114468940485,8546.814600834232,10000,25750.07647515196,20000,0.18115762070959507,1599594.928726056,389425.9240908314,572952.4960742664,500,74,3.5,21115.67818556286,1.2,0.07513821412262592,15.419241628263046,609.1344898433244,0,60,40,3.2138850708967457,0.6069655568400282,39,3682.9306514969876,8721.296424125783,18.125581644132545,30,2,7178.840221603181,163.09279894743742,21,0.32415071124072425
ec6bb1b7-4d21-4857-b649-98c707b0e4c7,TradeHalo Banashankari Candidate,13.026527800268376,77.6657326913937,0.8397092642434111,7873.616781804852,10000,24375.49528505285,20000,0.352758865725601,1543536.4192719422,322975.68840483594,481565.56277524575,500,100,3.5,2257.233892940739,1.0,0.02509209794362607,346.7853098130874,409.9552960756757,1,40,20,3.734635384591292,1.4825048618217187,62,6450.927440549027,11595.528116724405,27.709821935403653,10,2,10497.792300900357,34.94716877837246,24,0.9718956541261508
e07edb78-4988-4f0d-b854-6085524d6787,TradeHalo HSR Layout Candidate,12.866977999481948,77.66874185199973,0.7702279518976255,13824.339367257744,10000,20474.049137729136,20000,0.11482090329262593,1468314.9645708934,292582.6053160847,389813.3565403257,500,106,3.5,6068.866735281672,1.0,0.06270312811267707,459.87972698482935,315.5489537366343,0,20,20,0.34823189731918436,1.4300748924813174,49,1601.9308628409672,7709.717114085295,42.17972984772013,10,5,9337.810206098038,73.86122016972833,20,0.7542886963166915
a93b0963-e550-4fbd-9053-33ed6ffd4ee2,TradeHalo MG Road Candidate,12.859212056565978,77.61113754187822,0.8649626018895461,12487.615253650682,10000,24905.03209021676,20000,0.11129955721835666,1455419.6053081686,385788.5582435919,519673.92309115385,500,97,3.5,10304.605096357533,1.2,0.06955788906442005,316.59502209630915,61.867729250207134,0,20,20,1.3720206298816202,1.2730213767899357,44,3131.5863068509875,10958.69100985818,18.293091417547476,10,0,8615.871315838906,325.9255505340692,18,0.5961967078942423
79853d24-15c4-4520-8956-b824ae2ac742,TradeHalo MG Road Candidate,13.101398691794362,77.56334311708383,0.9485211716483751,7728.332017485917,10000,21289.48151666921,20000,0.25152843340487974,1590301.2754108678,263122.78889807995,409166.8245924122,500,111,3.5,3522.807062904669,1.0,-0.0057858832331633345,760.5168386709977,222.70278814310964,0,40,20,3.8288028833030556,1.3923649298726266,56,5362.256334539024,12531.722178246715,21.059109688048085,10,1,11642.256406334827,515.4880953023944,21,0.19663943772359205
47f81758-37be-4748-85b8-2a0c53547097,TradeHalo Yelahanka Candidate,13.012160044681002,77.58189826122054,1.2852402085921741,13443.056274442699,10000,21226.96170698021,20000,0.17818153965241929,1889541.7173509293,283338.0399061687,649915.3162399115,500,93,3.5,3216.9955237668655,1.0,0.0990987534592009,131.31936425160336,2.7782838321816357,0,60,60,5.127500018192993,1.1470561570565267,46,8415.55747447085,6062.535749911214,13.688393340324026,30,1,11363.981400643674,626.6524961767451,25,0.6245451232823788
0e79307f-d579-4b04-b989-aa9680ce2be2,TradeHalo Whitefield Candidate,12.854916328387544,77.73356280807833,1.1230899305532267,14137.494476910775,10000,19471.06588570129,20000,0.14311765094244863,1214397.3568175226,316958.699839985,613892.6079174663,500,85,3.5,6405.434729500305,1.2,0.006412464843292623,1265.5164727002325,69.70218424010547,0,40,60,13.659618360822925,0.9020362072263701,39,4206.004694805788,7643.60904934978,28.207987800706846,10,0,7067.230643975001,254.64241123964825,11,0.7936387905525419
db980084-5234-47d3-9820-6bf9483b08fd,TradeHalo JP Nagar Candidate,12.931815654008345,77.71621951326695,0.7879471376250275,11451.22767541272,10000,21609.064976612102,20000,0.13391238903555375,1521829.1871355737,441279.4238097089,476624.66916268575,500,93,3.5,3494.0951615843733,1.0,0.08250130598881206,414.1014068287983,485.7870685627821,0,20,40,8.691177996358494,0.8747317769106104,47,1270.9036329516334,4254.741967539129,28.687816115240143,20,1,12951.977315527485,78.30452337211959,19,0.8648789170974819
a2198ec9-0b9b-474e-ada0-2b95caf00982,TradeHalo Banashankari Candidate,13.054881149179659,77.53524342995397,0.923065238089986,13848.219430553638,10000,21932.995305221688,20000,0.045880246929534824,1603572.665059206,253718.65120573028,545688.199439693,500,90,3.5,4364.666519963775,1.0,0.03517730503759252,380.0977262047648,319.2880611691169,1,20,40,0.404724797459879,0.8061468397526392,36,6463.616733676238,9628.527577303921,10.0,30,0,11378.962274028614,286.0361897175846,17,0.8658856317815382
af2113b5-153c-4d7d-93f4-601cea45a5b3,TradeHalo Frazer Town Candidate,13.13180713056232,77.4722207744537,1.2437716845443867,7624.3913341922525,10000,20455.997349264857,20000,0.10390117126335828,1996854.123653585,243294.40299602068,491168.41695529927,500,83,3.5,3016.741785976528,1.2,0.07305653258346871,301.23381917833643,237.6548825183329,0,60,40,4.622250327392194,1.184992960288522,56,7192.740057865078,9097.03492549041,32.597503921708615,30,1,10567.784051111212,1479.9912538502172,24,0.09338685193126117
989070c1-5348-428d-8c2d-f26ced73cd7f,TradeHalo Basavanagudi Candidate,13.103231070219099,77.67349577700418,0.9694655709135713,10318.984653954934,10000,23467.20377423025,20000,0.09114885728988759,1370333.3300902057,311320.363981826,650360.5078342856,500,88,3.5,6574.001058329291,1.2,0.06275742829473714,121.09708423351215,555.9451487775608,0,60,40,3.2554570388904533,0.7969552826804596,49,2645.7288521399914,9991.78905106344,27.594718916633255,20,0,8668.258920032462,939.8772731536202,29,0.2803888125594052
bcaab9c9-f5e6-4390-af96-0c616811ad53,TradeHalo HSR Layout Candidate,12.983537287021383,77.60989977344444,1.2154800910994215,13052.870088394458,10000,25106.365563975614,20000,0.1696117674875372,1266070.2752545136,374477.8340748093,338998.5750180603,500,93,3.5,9477.059838285919,1.0,0.03962181651787499,166.4749509075236,174.9098573694909,0,60,40,0.1,0.8419877519271542,50,7444.508652117583,10664.582656491306,38.32865364165293,30,1,8190.445104121596,1348.8669687616612,24,0.48095665663206055
7cd9ebe4-6388-4bd2-aa9b-cd6ccfad0631,TradeHalo Jayanagar Candidate,12.935671034675925,77.64207840689197,1.067460659771307,20356.89460004089,10000,23459.3098653307,20000,0.16200519015105014,1952929.39229791,345168.41493810376,519492.87272485,500,96,3.5,3025.509388642238,1.0,0.023432156344456723,402.26812969576144,98.60550656666443,0,60,40,7.054287556308532,0.9992739865310625,49,8489.549067759977,12875.80470753116,35.78858827065152,10,1,11927.51329997647,748.2509413032765,17,0.47429006978625765
e4eb7c07-8609-4e12-bd3d-31cc0c1d530a,TradeHalo Sadashivanagar Candidate,12.943035912762129,77.73315875361388,1.1279715325579085,14008.132561918586,10000,18779.306485743982,20000,0.17473719586863012,1652884.9727913216,266345.9996532978,404742.45602742105,500,110,3.5,3377.2016261899653,1.0,0.04263376523965749,677.2099112923421,547.2555109968081,0,20,40,2.050581113568464,0.9459582177613772,49,2795.959452433305,1000.0,30.296006704847304,10,0,11648.00544323271,294.17445100473486,32,0.48661419760507607
8ff6232a-3be7-45af-9430-bb224ec4b59f,TradeHalo Marathahalli Candidate,13.070087507367782,77.73286399723017,1.3839488185353037,11513.550413025288,10000,19049.117603991508,20000,0.20267853788180018,1373202.6777672481,242562.71704503935,542291.432436968,500,94,3.5,12802.676027207133,1.2,0.035581817031862306,75.87065757022924,108.26288934473651,0,20,60,4.440963459576665,0.548646910270899,47,3367.021265001088,5205.863258806665,41.30120703442773,30,1,7579.1424014554705,3361.533930459545,16,0.9376058342624523
a92d857e-c8e0-4e8e-952e-c21b61803517,TradeHalo Malleshwaram Candidate,13.091329074210703,77.6990608212031,0.9891792122118466,8947.749844465463,10000,22451.384781799363,20000,0.39252478553743936,1816675.8512149337,267234.49590148614,311681.03879010223,500,92,3.5,4140.770680552273,1.0,0.06104430995685236,369.7168449652149,581.0930177176151,0,60,40,2.4032426581319375,0.9300397738602948,49,4511.2889025851,10819.154617098106,32.330341010925316,10,0,10219.733272472513,1884.6375696222797,21,0.39823068231273506
791d4886-1cab-46e8-aceb-a3e072fa0158,TradeHalo Bellandur Candidate,12.959640953304518,77.52948075472634,0.8028644594195392,10806.317388271033,10000,23974.62867493622,20000,0.0924142655075656,937025.2888823085,305215.7764195994,532892.8240088895,500,104,3.5,3220.9378631686336,1.2,0.0525699990320731,15.319238110751758,326.4761292157651,0,20,60,1.1930083609080122,0.9891027062781663,45,3248.986146839764,14651.398071552503,39.39092873787267,10,1,7973.707966600415,2416.367708940619,24,0.8143736846941598
bd33d82e-ba75-49e2-af20-e49f8a20c49e,TradeHalo Koramangala Candidate,13.036857864872758,77.69040674580098,0.8770011681071239,16048.578057789386,10000,21522.50794564804,20000,0.26084182742470696,1483944.1192723457,315681.40231225133,693890.2170129614,500,100,3.5,17672.940863815016,1.0,0.02612977329938768,101.23837586880569,299.4409053040335,0,20,60,2.007114780704546,1.0573202909477253,57,5554.705362430341,13507.828429804898,29.191760439297532,30,2,14125.488194214427,241.86849447548158,28,0.4764676896013804
f3f399d0-7fa3-4c12-8658-a3356d144b9e,TradeHalo Yelahanka Candidate,13.07368451437491,77.70413953131849,1.0054022365247377,15141.901819766677,10000,22201.48325600416,20000,0.21004006385704288,1588240.5844962716,287913.3876970774,445417.70348978444,500,107,3.5,343.6390857753094,1.0,0.013178107579582807,813.9390607871275,24.930957227485496,0,60,40,5.330569116248244,1.3693657979090244,54,5961.42848526737,11665.599690417674,35.2813167892502,20,0,10045.012205405912,1195.68885950105,21,0.43546476570185577
6cf73167-2ffd-4fa8-b5fd-56ccc438aa3c,TradeHalo Banashankari Candidate,13.103711590372104,77.45026699610399,1.0030258449505356,15929.835036867886,10000,22118.431772445172,20000,0.10727709533007605,1676924.5942943885,286671.35464836785,349238.73122990306,500,91,3.5,4877.680654476882,1.0,0.03760011873692104,161.6872697198468,194.68699109165385,0,40,60,0.7010313238474765,0.8479558417733591,47,8216.352773350887,10501.196716311946,23.570242736442825,20,4,12426.843015510372,793.9924084369129,17,0.9437996804145468
b2152658-e0d6-4dc1-8280-a152eac652e5,TradeHalo Malleshwaram Candidate,13.042276074154435,77.57256760181683,0.8820672199000726,11191.874077824343,10000,21428.141348919733,20000,0.05502883898880514,1252186.9612271646,286274.6566459956,565987.165194264,500,93,3.5,129.41952378535973,1.2,0.04756613235966578,166.2639040351084,140.21379910630364,0,40,20,2.4077231358793774,1.2005365085250892,49,6573.208281472713,13413.081887402739,41.93786949392478,30,2,10819.629214061948,241.6953865731044,26,0.2989837796219279
98ff2b70-30a5-4919-8642-372a941a6bb9,TradeHalo BTM Layout Candidate,13.109288901169093,77.54390149622434,1.2734288990080609,11146.844393067544,10000,22887.42685914149,20000,0.3733288234847254,1247120.341373886,330238.457848171,468381.8631335415,500,106,3.5,2979.5718128405047,1.0,0.02740929107795805,378.5893875679901,785.8815041275934,0,20,40,2.949095424787358,1.4169891582377918,52,1017.185639634155,15183.42884827015,37.04689545813653,20,1,10351.460454781052,1700.865052115539,12,0.30031019297550765
422df003-43f3-41a3-835b-3181f3eccba9,TradeHalo Sadashivanagar Candidate,12.934464869446039,77.70318063691181,1.0264703997645899,8411.938675416115,10000,22634.658072830964,20000,0.048072615519257206,1962113.6363226576,317434.4336600986,594352.489865953,500,94,3.5,1960.0058183623114,1.0,0.06139244284712231,231.99139254929466,3.7628288866272954,0,60,20,2.645250343634877,1.4312348110693716,46,5440.716270780267,12364.414926151205,46.952474974093626,20,1,8947.64231799205,3.1637205532966024,15,0.8439579954974337
e1cb9277-de74-4ab9-aef7-8ce2a40c7146,TradeHalo Jayanagar Candidate,13.059633656269789,77.48233959681015,1.1316779782975186,14180.700208660386,10000,23997.191466271048,20000,0.25259756701462727,1504843.6877264513,331116.99531672243,609920.9053378389,500,88,3.5,2851.1415302194437,1.2,0.04335918309684581,920.281753862341,277.15986496252566,0,60,20,1.5055425341623356,1.438999622266078,47,500.0,12761.676848227897,17.005480921122277,20,2,11803.820494306634,188.06685487489688,25,0.44648859771857574
87229ace-fc35-4b83-91f7-25cd5ff9cdf6,TradeHalo Malleshwaram Candidate,12.97061693316269,77.63664757199452,0.7157152620425531,15852.739470864333,10000,19859.316349760098,20000,0.10585439588849697,1547810.7789896706,317107.67797800153,603174.6619711972,500,93,3.5,11665.922369312499,1.5,0.0794941803523824,302.5451674365692,159.3649384225438,0,60,60,0.540099713102586,1.3396234323465666,56,4880.883830039599,9810.127145713861,52.863898972592445,30,0,11342.21702889512,181.95294011725193,16,0.610028767889919
b8885196-99e9-4f01-b95b-92c5d190c898,TradeHalo Bellandur Candidate,13.128591169181519,77.60275520550948,0.7101028803251292,11300.520220824064,10000,18635.93104028698,20000,0.0734598407740663,1281449.7805362334,206510.07029281263,497431.3862828397,500,96,3.5,3558.6457283907853,1.2,0.061225828674269504,968.8872470788731,490.22578678213057,0,60,40,0.9095090085824133,1.0560138597797688,40,3767.866273587521,12380.183421403246,21.44980869715988,20,2,7134.174377454412,868.3904818149841,15,0.0669192330891174
ce270ef3-0a17-42d5-b628-db2b96b8d2d5,TradeHalo MG Road Candidate,12.915632975183941,77.72752231955623,0.8699611138265191,9353.382961231546,10000,21962.700599120282,20000,0.17245834894884193,1224821.2737896168,300536.7535175393,682390.5390456951,500,103,3.5,4383.681118503692,1.0,0.06789596642492046,4.486291369309547,539.2486340160982,0,20,20,1.8332562953629674,1.2068428691350837,51,5990.91978362911,10244.871991635908,11.32313315916257,20,2,8207.401596162814,715.9509297348255,19,0.5237175477969668
a22999d8-654c-4c28-b43c-6d396983f4c5,TradeHalo Basavanagudi Candidate,13.086208199238747,77.59227495206393,1.1572371918024478,8199.738942361715,10000,21127.125257353156,20000,0.08297591286297105,1329746.848346714,266505.6314790627,579449.8144484633,500,91,3.5,1998.5595643204701,1.0,0.03285487085779877,826.3810224140617,187.17367941513885,1,40,40,0.6940531736748856,0.5688224412928549,43,3089.2993226884737,8428.831697391039,39.27770203929629,30,1,10382.7900886115,2650.3941531551122,20,0.5442305751945493
fca8932a-c98b-4192-a218-b19a159f0bbf,TradeHalo Frazer Town Candidate,13.129497177346911,77.47306846807352,0.6871733112123508,15317.207754743142,10000,20720.342221499945,20000,0.22215224738664255,1858659.138913088,379090.61056238454,427652.2937999255,500,104,3.5,21081.14215627108,1.0,0.08849523857210628,14.73166366593509,52.204269871231176,0,60,40,3.919993886838986,0.6865836434403162,40,4756.409588877003,13489.332350578978,37.69350798780243,30,0,14190.923695323645,1764.4432666406553,27,0.6263276596593166
936adf49-2547-4730-ba34-8a135e4f4041,TradeHalo Frazer Town Candidate,13.054732673961507,77.71680436771942,0.7872093542127657,9482.586368769149,10000,20231.378245538413,20000,0.05593512171985792,1313351.0588254198,242656.8301985697,434977.53942487563,500,98,3.5,18396.182079371458,1.0,0.05769148032342755,1018.3077572726063,68.61170270931527,0,40,20,0.9780409839740971,1.4900688881088415,61,5907.587188122515,13736.537340138397,18.352757690416023,10,1,12765.264507610327,400.5425378043155,16,0.08492494017795293
76882559-bafd-4c46-a88d-174abf05d362,TradeHalo Rajajinagar Candidate,13.08670346339905,77.63035485907965,0.6278239001399277,8969.917675819723,10000,23982.930090148675,20000,0.4819777139093543,1429051.34218768,204392.47206394444,630434.9482935725,500,81,3.5,10268.758166534544,1.0,0.08951476777518652,1514.4439670981683,386.1521033150894,0,60,20,0.6604486498692423,0.5251521457837682,49,3908.550742873485,12823.379631947391,31.09807908761772,20,1,8604.579632120825,751.8895568422042,19,0.8622117482874051
8cdf6b78-36ba-4bd2-b304-678a833d418e,TradeHalo Ulsoor Candidate,13.115847129419562,77.65049351676507,0.5726199050589202,7371.786927412241,10000,21764.51019988919,20000,0.11685399232237573,1983773.0939607844,339520.4423823071,566889.4400135361,500,77,3.5,6157.403173594692,1.2,0.07625857700773667,1087.0558762645305,519.5068220748632,0,60,40,1.318637140892004,0.5299968185282457,45,5944.586300443868,15536.743618975786,41.24870104989106,20,1,5000.0,371.21618628166254,17,0.4200766555967943
e7c0409e-b73a-458c-80df-82ad0a177d59,TradeHalo Electronic City Candidate,12.942858743760633,77.66601173003883,1.0876943561046017,13726.073742711143,10000,26685.07119936253,20000,0.1915677588744526,2140978.1866306523,312287.06821375195,427876.9799509158,500,97,3.5,2793.21667772285,1.0,0.04386173145430416,1107.684127570616,136.98586758854552,1,40,40,0.7675641246827735,0.7383625188428938,54,3138.7885132888964,9133.882211067394,24.715582887598785,20,1,7465.392501191089,224.250640402331,19,0.29609980475122544
0a3654fd-9bac-4ee6-9873-e99c8e5dcb4e,TradeHalo Hebbal Candidate,12.887355593393522,77.69833867382596,1.303569511171473,20676.208129942795,10000,21485.488040926695,20000,0.1649725184088789,1060007.838626278,306911.37221656897,464247.6610605297,500,112,3.5,676.583493119199,1.5,0.03183437533745818,403.12217687758385,136.83323907992786,0,40,40,3.664448043765666,1.0639950023288307,52,500.0,7595.1662773525695,27.438443251781536,20,3,9093.918820319243,943.7122389485487,26,0.5759438001604886
a7d8dabb-f00f-43cd-846a-73c3f6e748bc,TradeHalo Sadashivanagar Candidate,13.130950211219606,77.67162650798066,1.1336347772879747,14190.263923212746,10000,20676.415899420837,20000,0.14108998281774954,862319.7902360386,320247.0952794426,493615.109580442,500,79,3.5,11992.208011519328,1.0,0.05307055599114778,1466.5445563980963,55.135312176422175,0,20,60,4.808390513095809,0.6988006415228061,49,5093.689502136746,7045.718721487536,35.41023128357139,10,0,9715.740066923392,1745.075097536661,18,0.5432824322297389
db80383a-c87e-409f-9110-10a9e3bde491,TradeHalo JP Nagar Candidate,12.861251248001274,77.5271799758882,1.0637822481148407,7503.27828791464,10000,23877.6305471878,20000,0.18637205013925803,1286232.2265847628,295406.93526181154,582030.5225842451,500,101,3.5,3817.006373867531,1.0,0.04140892594001248,64.20417389251844,321.358900211759,0,60,60,1.6318288994171162,0.6024126671094472,50,4748.473805475939,9207.33264466533,29.32533217400844,20,0,9058.995396865295,30.45643449375825,28,0.18675903515331838
5ca8ca61-3271-4021-b323-6d5aa3d32dcb,TradeHalo Yelahanka Candidate,12.995382842748588,77.73742475412767,0.940677318639451,10186.086309647546,10000,26006.1533402757,20000,0.4406043423303413,1206595.1013903697,276970.0448385373,477699.5211066518,500,102,3.5,4124.955164770297,1.0,0.02886638464463091,59.39745837564727,38.449503557190134,1,40,40,3.260648083134562,0.6460367209828607,47,3673.1143173995033,16632.68303477058,28.659296218266018,20,1,11996.120673866475,50.4736723765218,13,0.30526290978573245
0e60e04f-ac5b-43aa-9b28-dcc922785637,TradeHalo Indiranagar Candidate,12.946739321059097,77.4936150118532,1.0659246148637889,5699.004371908286,10000,21005.37428225064,20000,0.0598707346340233,1643133.9925193777,308344.471840605,631474.6280227122,500,96,3.5,540.8113673848001,1.0,0.01824202617227095,161.36532181134896,364.5165338115572,0,20,40,0.6592800263574037,0.9627404592309015,50,3021.643949889634,8095.219161044746,26.200186807810592,20,2,8004.28437477452,37.987793125040234,18,0.6917348905458846
09b21512-c52d-46eb-a060-63a04880110c,TradeHalo Yelahanka Candidate,13.016378077344882,77.57431362683958,0.9712110635780697,15811.540137766635,10000,23739.01798634696,20000,0.13607664964849556,1495925.7794539095,246947.8630859379,536193.4608288194,500,103,3.5,7865.080841537088,1.2,0.10773808504948368,395.17158998434013,273.48229957734804,1,60,20,1.228146890971363,1.0293167291274172,57,5355.510075097649,9487.331110549801,41.972241807613386,10,0,9668.519320615756,1209.4813231765504,20,0.21096115350708378
1b27b767-a9e6-4ac6-993d-9a529c8deee2,TradeHalo Sadashivanagar Candidate,13.146795496538278,77.60972977433498,1.1219699579701898,10358.601277193457,10000,19470.072906642607,20000,0.24831310822438712,1461217.960811925,374122.4253397017,636311.8162975273,500,85,3.5,4018.5718236655825,1.0,0.009375555821087261,92.01014575732597,499.1667816807797,0,20,20,0.5000035166281666,0.7512219747265243,58,5968.618551172569,13738.567742992303,34.00318987885266,20,0,12822.00373907261,428.41443452898613,17,0.471439615589344
2fb836f3-3ec8-4cef-87f0-a0963925d954,TradeHalo Yelahanka Candidate,12.863718546945393,77.46614383191526,0.9182165091418781,12881.932896633678,10000,21498.024326313945,20000,0.2930984870693449,1763199.2023031162,267387.04369729944,385347.46681948245,500,89,3.5,1494.6975058191692,1.5,-0.007746892255640042,1053.61905703051,273.7833328614244,0,60,60,0.7117126895866337,1.453859494243366,44,6130.470794891461,11567.163148742686,22.149711067669294,20,3,13394.987171667433,1234.3985983631346,17,0.8737903587194165
6c3a96f3-d7ad-4523-9df7-132c73fd5a81,TradeHalo Indiranagar Candidate,13.080884735102876,77.48740207589016,1.097505527736194,12072.62478659587,10000,19793.237253681746,20000,0.32477940784397913,861633.6788148673,239229.93889902323,650024.5433034825,500,99,3.5,942.6678996758254,1.0,0.06156765343861312,150.90888287889217,69.69578036626082,0,40,60,1.9228114942995953,1.309926021227459,51,1149.9134609884004,18094.08098953016,34.302759670308724,30,2,7998.703564303575,252.03058680289618,27,0.025436208662699022
8e531a00-eccb-45f9-9f43-78eb6cff229d,TradeHalo Banashankari Candidate,12.857369750876291,77.50667276180475,0.6299008643195085,14978.087909180002,10000,22907.554420571145,20000,0.024638022220436047,1314572.1967937716,319379.6830090957,616978.142739547,500,108,3.5,4758.964993764707,1.0,0.028338480463311746,1230.8663713663086,259.2340765397597,0,20,20,3.125124870437263,0.9702476019278545,56,4173.428452505321,10819.1751001127,40.76240210833198,10,1,7238.64794888808,10.51730046682556,16,0.8388515932851073
fcda576b-9e6c-47fa-bf55-9e8df89a039f,TradeHalo Bellandur Candidate,12.928371936136681,77.7110600154407,0.5806476646925922,11950.367849467008,10000,21579.786661663064,20000,0.09951779816435895,1465055.4832281498,258668.45749559338,507500.6503698084,500,101,3.5,9973.082719124603,1.0,0.041062792537811525,168.52512559904784,705.8394234828573,0,60,60,0.4643748526324565,0.6663197258442907,58,3060.4279218633797,16595.78660262077,35.29071674483765,10,2,10452.439566886289,1093.2457501577423,27,0.8650685581878552
3f9cee53-9053-41dc-8e2c-ac44b21c6e84,TradeHalo MG Road Candidate,13.061665548696979,77.63042322588203,1.2454388591084122,14783.341699450779,10000,20669.619152636784,20000,0.07978382632368752,1809632.487532054,359737.31908047956,447490.4728643392,500,110,3.5,3723.7281434250335,1.0,0.00889804946233265,74.55855431881996,471.60107721396037,0,20,40,2.2588056515235215,1.3912662393675517,58,6151.005608539943,11515.943428643106,34.2929671164868,20,3,13284.626145082177,216.38698619675927,25,0.7204512982937964
7669514f-e51c-4ac3-8ca9-5f72af61607e,TradeHalo Koramangala Candidate,12.93244838724403,77.48022118402605,0.8379773573326015,12521.735914788112,10000,24074.20220081349,20000,0.13465002468232146,1482411.957750941,200267.30731695786,630233.9456544691,500,99,3.5,9855.485460080645,1.2,0.06221253871729726,679.229464461882,56.340795341541536,0,60,60,1.8554838194326186,0.6544662576610167,39,4830.002769308285,4559.706103781922,39.37437369836431,30,1,10804.283007617976,812.6481078064717,19,0.602749508509291
a92e261a-b64f-4ba4-a4e9-ab346c60a63a,TradeHalo MG Road Candidate,13.033222098211535,77.66984968268146,1.259295448315314,9596.52819577439,10000,19618.54851393431,20000,0.11179482107504916,1623363.9194419484,217500.79126811732,454152.49903648766,500,81,3.5,1036.9818314548652,1.0,0.05849557351436649,26.208198610153,29.401794865588478,1,60,60,0.1,1.1836471615549766,57,4752.113658690902,6836.995259331865,18.961749185064903,20,0,6846.249251204439,568.8192050206255,19,0.46199781555228336
6ddf6e53-d5e8-4178-8c2a-d9d2f1949c9e,TradeHalo Banashankari Candidate,13.140041712161656,77.58688656876969,1.109989605875045,13040.035284110583,10000,26153.4017286173,20000,0.16827325718249503,1402330.5155974897,281393.9894661867,499467.04288933624,500,87,3.5,4030.3525413421576,1.0,0.07852787417782349,753.974910740823,958.1913287097734,0,60,40,6.228433541138973,1.1253105113809254,57,7007.878159011021,6350.526292616254,35.895747303820514,20,0,9778.183744161246,2212.38833375186,18,0.6666943604694814
73aec89a-4578-45c8-b6dd-0388f64948c8,TradeHalo Electronic City Candidate,13.112420045122596,77.49773981714047,0.8696046974714366,12581.897383079697,10000,23200.696324192428,20000,0.260681974914916,1487069.8640109599,306516.8927643401,550527.1176670542,500,93,3.5,2909.1567564272095,1.0,0.06655025025719337,1363.0324414489733,411.0683754030178,0,60,40,2.5922282786550115,1.3814425914057245,55,3068.74808677074,9420.468168587646,38.96417985756631,20,2,8262.380940352374,38.5086694367359,17,0.8065915969898237
c1e4e71e-64c0-4a88-af08-13a864edef04,TradeHalo Rajajinagar Candidate,13.100898777447199,77.61845109597245,1.0107276966552248,11106.27217314602,10000,23972.300417767867,20000,0.19452159995266127,1412091.952821918,263033.9660716467,386441.70070542756,500,111,3.5,1950.3263772807381,1.0,0.04131401243629555,131.41920596051617,526.9857584331668,0,20,40,0.9035471985515668,0.8180616733061997,42,5586.621163247365,11534.237114155365,29.143276230571576,20,0,11329.612576811065,591.4039079181589,25,0.23371817223027602
e19b4044-01e5-41b9-a285-14d415b70f48,TradeHalo Jayanagar Candidate,12.908062479178193,77.5653980101791,0.973566827244096,10470.29352722899,10000,24568.66716836222,20000,0.316343903241123,1430990.4373720852,286693.361421132,481728.16076287744,500,108,3.5,527.6072741042483,1.0,0.0016469894144534175,839.7666095620592,691.6668822280615,0,60,20,2.727318921285121,0.7477024763310054,65,1113.5481151619874,11834.47107422825,30.09298728615284,10,2,9840.943059273335,1819.1747321032037,19,0.9097637031722544
e00d12fb-38e0-4539-a3af-1b3caf551035,TradeHalo Koramangala Candidate,12.931534744042862,77.64451264390676,1.2090971941077402,17695.531198088604,10000,23745.788879092066,20000,0.05838771753455904,1522660.4806941408,386464.21699240187,407837.3792305176,500,93,3.5,1154.587458514458,1.2,0.026080998589014453,1251.9403388618002,188.729975071254,1,20,40,7.940358508824298,0.9243901504229194,57,3429.631057355653,11885.805907581484,27.46612005415091,30,1,9804.477042656112,1140.3564772497068,21,0.2852834872704477
3106a70f-9f77-4221-8f7d-fdee2d4e7861,TradeHalo Malleshwaram Candidate,13.0862748510684,77.74409490946474,0.8150454311169261,17621.301296622685,10000,18439.071157562106,20000,0.08710840862159887,1933896.6759865906,264945.8451464058,344376.169916182,500,115,3.5,10959.69892095944,1.0,0.024503981495447417,195.30855860064392,621.6183390324811,0,40,20,0.1,1.382204130346946,58,7385.234535944776,11186.106054900187,22.893718890598272,30,1,11620.152178296354,2108.36956921653,22,0.013582242082897933
6f80675f-133d-4bda-8be7-13e249d7aa6f,TradeHalo Rajajinagar Candidate,13.069148513742535,77.66827530267224,1.169653670709337,9534.611622561031,10000,18744.45829395803,20000,0.3007531214468756,1624272.6807203877,219499.1641478411,708402.8794606886,500,97,3.5,2248.4538937710054,1.0,0.016919537594428866,754.9322606543612,41.9953126055697,0,40,60,9.116636068364754,0.6361196914316842,49,2528.1560434842554,10599.061057743176,25.506131896301355,10,0,11647.484791192135,4740.582692639612,22,0.6891445764285499
8aa9b242-d099-4342-9063-0007fc542127,TradeHalo HSR Layout Candidate,12.937399096931856,77.60374680809458,0.8512393898543811,7820.092375397558,10000,19997.162537279182,20000,0.06436868694500131,1438343.4948852565,288342.25588501187,434495.7790283496,500,105,3.5,9758.523340365155,1.0,0.08884187643277872,52.46599768723185,124.16819365880359,0,60,60,3.2011472705644692,1.4472747461801934,55,3755.5020905805777,10787.640751023562,25.557875756247114,30,1,7363.898108345915,813.8585068392074,24,0.9172611506668827
e492aa05-fe71-4951-b796-24227969841f,TradeHalo Sadashivanagar Candidate,12.978674526124191,77.63380283384642,0.7315613673449013,12778.426035675531,10000,21123.134692490632,20000,0.1920983652983648,1663331.4975572424,243380.29253175267,562390.3970526014,500,81,3.5,8413.33796478693,1.0,0.09171582956122576,1004.1205768968773,125.317064049846,0,20,60,2.3215259635557857,1.1615142165181682,44,4722.806269004088,8211.951248936188,28.116070735706526,20,1,9522.817762665743,423.71978240646797,26,0.8674827907334639
ab3f4031-6f99-406e-b42c-d3d777986b6f,TradeHalo Indiranagar Candidate,13.044560671551864,77.68215989438863,0.7439807236693763,13136.52611970521,10000,24717.94501702914,20000,0.07767591406196216,1554656.4919157533,328737.21440997074,709441.2828556777,500,105,3.5,1818.7273605719167,1.5,0.0346137464858972,312.88121532806514,10.925286272260191,0,60,40,1.5174537648356514,0.5749577959941958,50,3695.4072802173655,10077.674192058508,20.331556097908354,20,1,9389.3869043003,84.34148110200651,17,0.19031832690940054
cdf28b8f-d1d8-4ee1-a31c-d00732b49033,TradeHalo Koramangala Candidate,13.007658778203645,77.51899131020235,0.8188163253118499,14099.123283001743,10000,19162.571796536067,20000,0.017294511072619034,1676184.6075877997,324848.8998689759,436667.25151957513,500,100,3.5,3252.2512064720386,1.5,0.0742706902949359,142.37713695801912,62.212336206729496,0,20,60,0.42500127938101884,1.104833313757239,48,2493.5039909378984,10056.444583411307,25.942835001382587,10,2,10761.58349710219,989.4379393280259,20,0.9524261982916975
6e45c425-883a-40c2-af31-1b571a661d29,TradeHalo Rajajinagar Candidate,12.986832471232367,77.49058375668294,0.8331670033356653,10997.090417006964,10000,20024.925224768434,20000,0.21268380630723174,1381848.9328747382,293326.0521382048,373972.06596097746,500,106,3.5,3019.1659032183034,1.0,0.05777438033909878,373.64236968199464,391.33622200682265,0,60,20,0.1,1.0303662017727242,45,2294.1890313562826,14590.203390275718,50.22573848307901,30,1,10726.380122850112,1500.556253666464,23,0.9404028433230407
19a11ae8-63b6-4a84-ac44-8c1cdac2c630,TradeHalo BTM Layout Candidate,12.880033660614503,77.62279154158531,0.9169952731821764,18445.257980241593,10000,20802.014882719788,20000,0.12233996232053454,1647572.0714151696,318893.3573102029,676204.9083942724,500,75,3.5,11367.489073270672,1.0,0.032494135745185726,148.80378405656293,186.33097799020283,0,60,60,1.7105675581024906,1.1293168142370473,57,9214.755861064397,10070.813514347214,40.4899141754517,30,1,10485.163873580112,691.9398261639342,20,0.652814007849536
23845e6c-396f-45c1-bfc7-94db84ddc5a2,TradeHalo Indiranagar Candidate,12.980488011129305,77.67367798486816,0.957798109705246,16988.348888747998,10000,22191.070373848714,20000,0.06348753292998995,1653010.8635943106,246530.11338349935,406844.26819551876,500,90,3.5,4772.115120872706,1.0,0.05285856012275127,798.9977439722232,272.40007135446996,0,60,60,2.4046296206744673,0.9944928256242597,45,5643.31429514687,10938.90710482417,43.58608546074748,30,1,10799.532276050692,229.48308964805435,20,0.2555823680276257
ea8001c1-b770-4bd6-afac-89b712c21ef6,TradeHalo HSR Layout Candidate,13.147649050924828,77.57669783344775,0.8769856744623914,16853.734194029792,10000,23066.527855127017,20000,0.14407754180803853,1074178.8460620195,347223.75601880206,458914.562370255,500,121,3.5,2876.675325645391,1.0,-0.008894479275896726,194.149383700152,286.58052392406313,0,40,20,13.697835659876125,1.2976649448629103,37,8218.1660724651,17621.84046216753,22.11520829434469,30,2,8958.640313916096,2351.9836466210263,18,0.4184429242245721
dcb7c282-845a-4a0d-bae2-5423d9f95686,TradeHalo BTM Layout Candidate,12.952581086982681,77.50813720753418,0.9189912933360704,8296.95940906064,10000,19984.54280000388,20000,0.22801809907789958,1384460.176641402,271637.10076936195,442984.874995779,500,105,3.5,3664.0196680379718,1.2,0.002837766039180699,37.95997863884284,71.04835411335905,0,20,20,2.2359947490300245,1.3382863505880582,46,4891.878506033899,12172.84495466256,47.35630927730651,20,1,8335.465818058616,2262.0689054864115,19,0.5354803526659552
80a3e0fa-92b7-446c-b23c-84815d1a49f8,TradeHalo MG Road Candidate,13.058199038813546,77.64142548062586,1.2828037320782122,5528.595327928126,10000,25170.676945771713,20000,0.1436295093517088,1448659.0821008815,383945.62704376347,515477.7260173037,500,109,3.5,9210.890173186746,1.0,0.06268458506862835,17.841842077468744,783.1921845585276,0,60,20,3.663728288927439,1.058432884794152,40,5479.496941798167,9368.05013867529,39.6097356187495,30,1,6083.154204028178,483.10882721851834,18,0.5270118998393174
2413a7cc-be08-43fa-aa81-7765ecb482d5,TradeHalo Hebbal Candidate,13.001741350691924,77.65302885304095,0.9013472591769881,8926.125861683895,10000,23056.463933006537,20000,0.198420531749473,1402308.052197971,283847.9265569779,317888.2285109977,500,99,3.5,1839.6827622886517,1.0,0.07827037162630775,150.59760485868588,45.208459773246794,0,20,20,2.9975241282540064,0.5933624336999597,53,6882.803117379791,9371.241150088248,26.87662300001898,30,0,9194.425398692254,1070.9987627099977,17,0.5795822866599383
b9ad91e2-5e5b-4026-8da5-61739695f220,TradeHalo Ulsoor Candidate,13.088416803858783,77.68659750674422,0.9191218723194969,13576.879465281883,10000,22503.008049652377,20000,0.1737967978187454,1191390.1559001128,277476.78662244213,562215.1131705957,500,86,3.5,2689.625822624635,1.0,0.0771542397914648,379.76229808648765,0.9615267913152932,0,40,20,6.341128015401083,1.001641505049688,35,4422.548321163387,16512.85075836994,25.167570035236864,20,0,8187.435831947856,1468.408651137831,17,0.2560522864684598
5b851073-562f-4396-b16e-97a5ee0ccac6,TradeHalo HSR Layout Candidate,13.074482494158879,77.62587687343553,0.8968695958038776,14187.731713904317,10000,22297.08612927585,20000,0.3438962100045643,758503.8520212602,290170.3557584248,546524.0451117104,500,101,3.5,699.1824190508257,1.0,0.018407644140385072,503.95364454651667,91.7955822047463,0,60,60,2.0033754332172355,0.5949404814766305,50,1021.321747331061,11213.71171793481,21.53494682241601,30,0,10152.621895115704,107.3611279616185,17,0.19095629128887648
603dc6d2-a66d-4fbc-b36b-11cb649eff61,TradeHalo Basavanagudi Candidate,13.133321402984297,77.55977989064995,1.162403508854845,10713.275949866013,10000,19023.00251359959,20000,0.25214588782906133,1808446.8112624963,329275.050007279,586525.7431387695,500,106,3.5,4196.74326945279,1.0,0.07645839960178767,352.7688089553558,211.95971954574955,0,20,40,0.5824975435319398,0.522562577086524,56,7621.112010443785,9780.97701796037,37.49842540607219,20,0,7677.739377564021,1864.1850116800622,24,0.9746332411751697
35244fa1-7248-40ff-aa31-7bab2f846dc5,TradeHalo Electronic City Candidate,13.045221454989264,77.51573584907983,0.5609454668274874,12943.644896907163,10000,21760.18863507014,20000,0.04020612248873196,850114.8091088207,372307.6507038007,584495.7480596184,500,97,3.5,17500.75401557325,1.0,0.06986022525295744,599.6547257388929,55.11169865293561,0,60,40,0.8090935364020615,0.9307651983475835,43,5844.038745753614,8388.204001211232,28.207468957239442,10,1,9916.528457372993,1319.0944463630624,13,0.12284487281902245
1a6d2256-eb89-4fea-a97a-0e1350221f45,TradeHalo Whitefield Candidate,13.1343299839778,77.46274872647449,0.9219494472606826,16022.625593805275,10000,22156.246206192853,20000,0.13326991720129475,2093573.5040385132,317876.62731231883,545389.8552238585,500,94,3.5,2109.784424851284,1.0,0.06374844659267445,571.4659881439185,445.362441483039,0,20,40,1.332891183529648,1.4698523117286335,60,3744.4965504118186,6757.939341399531,32.640907669033844,20,0,9295.805056876974,737.4267799252366,12,0.3248770640972002
c1b23590-901a-46ec-ba85-47f4b88db927,TradeHalo Rajajinagar Candidate,12.862465110591039,77.57024714285701,0.9748463518304034,16027.329451892003,10000,23625.476274470217,20000,0.1821052445152275,1429077.395781843,406839.43468910066,469432.0695328065,500,117,3.5,14130.58674898098,1.2,0.04577667358252436,426.8114692254913,70.62452127006529,0,60,20,0.6310967105817908,0.6705512397892426,49,7334.130345267267,9767.082989538727,36.63533304745196,20,0,8077.903093021556,2527.2377954129233,17,0.9704461042114375
34090f48-4880-4520-ba5e-cadbfc8a4e83,TradeHalo JP Nagar Candidate,12.972043397974227,77.68105644176457,0.7170715798872069,7823.4885611470045,10000,23551.113747468888,20000,0.0646566201284303,1299796.1340658956,258906.03937702125,505861.47173878166,500,119,3.5,8162.238881462893,1.0,0.03429112379006628,572.6723944179548,926.1874048199596,0,40,60,4.710744586762802,1.3038360070998463,48,8011.553876680835,10440.74801474571,57.17693871695272,20,1,6514.103482294079,1538.177088079582,25,0.721782169627353
47f485cb-f7ef-402f-858a-cc0ab46583b8,TradeHalo Electronic City Candidate,13.052574278856424,77.67586381771385,0.8919481534073705,11238.440430620294,10000,24906.318360844187,20000,0.16976532526598212,1034969.6671434853,289780.6474348504,434826.8701876787,500,106,3.5,7861.831423476642,1.0,0.07202710177316775,989.5859401819663,371.14720554261066,0,40,20,1.384221832352961,0.5100043969399682,55,4239.784437692334,7398.4616660266565,29.503361101980147,20,1,11952.425010320669,678.4360033083458,20,0.5627347820307169
f5d5838d-9f12-43d9-b84a-0eda0432ccb4,TradeHalo Hebbal Candidate,12.994089121907852,77.73259915781298,0.8600456068335786,8269.132783459676,10000,22538.708195533967,20000,0.2802213429839227,1002037.829205601,244597.97444435494,519366.51333895844,500,86,3.5,6784.523959387313,1.2,0.07392100824190112,20.565625961080258,580.1577783911773,0,40,40,1.4378070416112274,0.5918691348396135,50,8846.002191741612,10250.129010966104,29.908932499240677,10,0,10705.142767264722,2099.482988423288,19,0.013798511184075046
428190e4-62fc-4f0b-8d46-8fd00252c619,TradeHalo Indiranagar Candidate,13.129652597522671,77.45542387508877,0.9935930678551624,5000.0,10000,19573.09526613618,20000,0.15307085978540427,1232490.5842371236,274803.1704191113,420985.39944373997,500,90,3.5,7132.750633617004,1.0,0.04374960851857106,894.4244291216852,238.36779478243145,0,60,60,2.082327601986023,1.3383271679691888,55,2962.0599384442885,9100.518822684611,52.18437217739158,10,2,11665.75061968928,2091.367965611067,22,0.8716529689419439
f80860fa-6f22-4bc6-a926-ec8161fba73d,TradeHalo BTM Layout Candidate,12.892151400874466,77.5029869318085,0.8778709488308254,12745.991376251619,10000,24354.12703808496,20000,0.14872638404713942,1557209.5656778624,266992.2135627757,513699.413176196,500,95,3.5,2055.5064569481424,1.0,0.06285183184486264,220.02918076210796,241.82737877458763,1,40,40,1.0165116319472096,0.8806232185403262,58,4134.26282451288,7505.693978619143,43.91311967064499,10,0,12440.466576016315,968.1694488986623,29,0.7635407876597258
9af98771-9b3d-4d06-b6e0-a894b1186c49,TradeHalo MG Road Candidate,12.994063709974789,77.64836863229247,0.6441003941443888,6467.626958764608,10000,25362.369708049104,20000,0.06729236911944177,1923671.8789853337,226656.5413723931,455984.35351271747,500,108,3.5,8926.625610424036,1.5,0.06391527348126975,182.31928412694953,1104.106811178297,0,40,60,0.4012209800444343,1.468546037109228,56,2230.8194139604134,9108.600779761293,31.317663286511355,10,2,10520.408004297404,2173.358922085179,15,0.1009532964310389
28abf0a0-5f96-4980-87d9-739324296b10,TradeHalo JP Nagar Candidate,13.106852957494086,77.6125357024534,1.1700454364897257,8384.236396028442,10000,23198.230647487206,20000,0.04245870477734232,1035248.3311329058,346760.58022709395,418244.7725745784,500,91,3.5,18199.142211166873,1.0,0.046908044956404035,994.359630178389,37.37167525590318,0,20,60,3.9818352218027115,0.5617867142375199,57,9495.90818759118,10420.557888849318,30.79441086983887,10,1,10288.18971849856,1310.894486077024,18,0.8097821556369863
49ec32e2-5da8-47c2-81f1-cfd617c0ca07,TradeHalo Frazer Town Candidate,13.077234745923027,77.66543093768976,1.0212831946559318,6423.7144299598895,10000,25316.820071335664,20000,0.182165866808016,1607716.1077647004,329577.86737851024,605024.3768999332,500,87,3.5,551.3002884098291,1.0,0.02919223683872704,466.8233302518716,260.8626427128451,0,20,40,2.682824100461607,0.8349740060109235,44,7072.985354807321,13323.691735412514,42.35587620149004,20,2,9728.22713905319,101.58511464902926,23,0.26196636380654736
261636aa-02df-401b-ae9b-6f6e1fc30f8e,TradeHalo Frazer Town Candidate,13.087363003351012,77.56661265702482,1.0266218814068238,15061.686736806569,10000,22557.164349615596,20000,0.196286753879335,944747.3760848593,280007.79724421987,579315.1532706934,500,110,3.5,678.4771907997596,1.5,0.05210998598766573,30.180248097714532,21.149918503464185,1,40,20,0.6357134953838337,1.0829940896265176,54,5958.3142221056405,13275.947098919165,17.710155188112488,20,1,8429.599776467181,2094.6178707181957,19,0.8090110323515018
62cee875-7c39-4c72-b376-7ff852918399,TradeHalo HSR Layout Candidate,12.988726476631285,77.55582403076892,1.2900099597095003,13694.322369133488,10000,21145.82821280635,20000,0.16482093074022203,1228235.2994837672,316050.791438264,505690.7760395589,500,96,3.5,58.37525427800841,1.2,0.07597143067520502,105.74534377688317,1387.774982534663,0,40,20,0.1915177769446086,1.185974571944445,48,4538.39011131791,11958.890908589667,32.95218314397453,30,0,13007.266863121931,1386.8858615839515,16,0.8427801458838979
7d38a650-ce28-42d2-8eda-dddce283fa88,TradeHalo Jayanagar Candidate,12.951528495268088,77.65963407616813,0.8915923308916724,19624.485979245666,10000,20934.837105206076,20000,0.19045977594958322,1650729.7216623283,279332.7583394835,325714.8145931459,500,90,3.5,6055.587320037567,1.5,0.023995955998715464,1370.5021062829253,298.89394536155487,0,60,40,2.316467984280111,1.006375876410635,41,4809.061396913133,5156.283483370027,37.47613698319772,10,0,11110.558273212546,403.16337291954704,18,0.4336026075749043
a365a958-40bb-479f-978d-329cfc1c5e5c,TradeHalo Electronic City Candidate,13.001902306404814,77.57259679444677,1.2711117440665696,15558.052463993237,10000,19281.54309250206,20000,0.2011606090843894,1194892.4375087037,288789.38116881746,412101.95891791396,500,111,3.5,376.4983929074934,1.0,0.08475139080531591,265.9368750043274,25.94560425783233,0,40,40,3.294132496142697,1.3429771153573113,41,6502.8016131098675,11018.608945975833,10.0,30,2,12169.693466693074,153.21633277726156,20,0.08003495444345177
f10c9957-387b-4c1a-a385-a208121b57b6,TradeHalo Jayanagar Candidate,12.91032398525614,77.52773719941246,1.025101505625452,10165.99056541275,10000,21616.138720646828,20000,0.23842028743656052,1963075.660974685,325291.4590948693,492306.63896950096,500,106,3.5,3689.4075004681727,1.0,0.027927388421181157,159.28622865217287,101.07905514948976,0,40,60,0.7979580224478048,1.1629365509686282,62,2406.657348052683,12776.018112843634,45.07722882380861,20,0,10705.664770255713,77.67053487352548,29,0.5600147677026521
a64bd76a-0830-48e5-8344-0402d26147c2,TradeHalo Yelahanka Candidate,13.04240533217223,77.5404825695781,0.7993418487832892,14626.54271856484,10000,19569.941405288635,20000,0.06516582000078976,1726441.875023967,299155.8705493705,547297.8325533522,500,95,3.5,5820.77037091058,1.0,0.10453704730085331,110.25550013227969,665.0230303652697,1,20,40,1.489917178032389,1.437389236119012,56,4494.965358795946,8398.468879553087,26.57251508828282,20,0,6583.25073659721,3319.1241428311373,20,0.5535577753996922
642e1b9a-9fc6-418d-8db2-37374c1e0886,TradeHalo Jayanagar Candidate,13.085935085018964,77.51585542478725,0.9939010707130228,11971.060358952409,10000,26894.594377168072,20000,0.04503467623804566,1648683.3707118183,300847.54911786714,548957.2003981661,500,112,3.5,4514.797384075148,1.5,0.07398131624630165,406.7053252343022,25.507125630751716,0,20,60,6.358632091989851,1.281034027563394,69,4654.0503536183005,14561.034782223544,23.189392135114364,10,2,9201.60431450145,898.4688850260613,22,0.8047638877816012
054670d8-b518-473e-9ea1-be811ab2cdc6,TradeHalo Ulsoor Candidate,12.871541456951485,77.45335971775248,1.1945250316498388,12426.25486171667,10000,20243.771575973115,20000,0.31637721478762787,1332601.3320490916,204406.12022632433,523180.8921008406,500,128,3.5,4672.962133864746,1.0,0.03676111273444249,1723.2723410797917,96.11922242242622,0,40,60,2.1126643602594086,1.4658401349725454,54,4427.7099349851205,11418.725614210054,22.890985194030304,20,1,11395.215215803997,65.39889025945143,23,0.09250010440668155
c6467589-4d80-483f-99d1-3f3bb895a5ef,TradeHalo Ulsoor Candidate,13.029724558608383,77.65758812386073,0.7020231178122941,9821.559652576261,10000,24186.83196763369,20000,0.07839846266366605,1240048.855506246,341042.5220493934,503053.51426554983,500,106,3.5,16279.537499984152,1.0,0.00939487511667117,72.07026192820437,210.92248338246029,0,40,60,5.870578003081165,1.2369725065521973,44,4529.257094162736,10707.217084620861,37.90969414187312,30,2,10623.459839311445,25.03135941268735,16,0.6992798764733887
41f592bd-9f02-45f5-a932-bf0e6ef763c7,TradeHalo Electronic City Candidate,13.022632061082433,77.67043823476246,1.033440231044846,14049.79189624002,10000,19052.270546503914,20000,0.1887009073007055,1362962.450525132,365169.50182150165,478460.92271727184,500,98,3.5,1792.858332638554,1.0,0.03351401676401897,136.7343758326257,1214.961229807588,0,60,60,2.3714373228351295,0.7395716183957977,53,6923.738814184259,7510.554172845689,21.385395106258372,20,1,6968.077388850534,113.96991601828623,19,0.8436265134656089
0b00c0dd-b769-4f27-bb24-4b2db366770e,TradeHalo Koramangala Candidate,12.929219036024074,77.68753563608216,1.2436394634911154,10720.424751728526,10000,21127.311689655708,20000,0.3713378765600046,1574973.7839760336,351314.86239777703,437166.7336461114,500,84,3.5,4841.7416318145815,1.0,0.040836593196633846,342.1414108625861,70.07111907712198,0,40,40,2.830033506797605,1.018402577684034,52,5355.50812470056,5522.758885764908,19.516477720780117,20,0,12693.794476340476,1153.4691367455637,31,0.5276971156845639
ca9d55f8-6543-4c7b-ae59-e84b5f898388,TradeHalo Rajajinagar Candidate,13.148608316572496,77.50379481174713,1.2452241298899709,10537.630446892403,10000,21566.816679823063,20000,0.14747532014496753,1574809.7738303966,273326.95055413415,665558.2347523072,500,102,3.5,4926.351706281863,1.0,0.04009718002683664,121.21312015144919,471.5983318501533,0,20,20,2.615917560603386,0.8469416952593088,47,6496.09371935502,9463.728282315678,30.701835381751224,30,1,7919.995834470158,234.76002614810153,23,0.31175088428310693
