location_id,name,lat,lng,own_store_blocked,break_even_viable,d_wt,d_count,d_dens,d_offset,d_var,min_d_dist,freq_score,c_count,c_dens,min_c_dist,c_pressure,saturation,unmet,c_cluster,tier_gap,avg_age,nearest_own,overlap_frac,overlap_demand,risk_rev,net_new,rent_adj,ppi,labour,infra,payback,future_pop,footfall_g,eff_rad,access_scr,zoning,pop_2027,student_d,hosp_f,demo_match,affluence,working_rt,student_dens,commuter_rt,event_foot,transit,access,pub_transit,parking,traffic,vis,boundary,flood_pen,demand_score,competition_score,cannibalization_score,cost_score,forward_score,customer_profile_score,accessibility_score,final_score,huff_capture_prob,net_opportunity_index,opportunity_score,demand_reached,unmet_demand,saturation_ratio,comp_pressure,self_overlap_count,self_overlap_demand,net_new_demand,rent_adj_demand,competitor_density,comp_count,nearest_sister_dist,ml_score,shap_demand,shap_comp,is_pareto,lisa_cluster,rank
a47e2a33-8440-4c20-a07f-9a4263f5ae89,TradeHalo Electronic City Candidate,12.877017960341972,77.62855739939889,False,True,12879.438381311633,257,455.5169516962724,0.0615526107140624,843.4986917321569,0.08472080287814449,55.43933317131058,5,0.17683882565766149,1.8875536221424305,26.804162057387664,0.0003882156854956593,10738.714620348086,0.03192301741535887,0.8,5.089585923538861,9.164399554051473,0.0,0.0,0.0,12879.438381311633,10703.19862702464,1.3655138998480236,0.9894012520242715,0.9212150421715748,4.777808749075375,294.0,20269.682662701216,3.0,1.0,0,283.1665033926225,190.4481557775439,137.14153432779605,0.24236524539252968,7055.992769829868,0.5004007725261512,0.00036987701304264326,0.03936656486902142,141.35562786180938,1.6619161207648636,14.511976518819214,1.6619161207648636,0.5675675675675675,10446.960901346949,546.9312885655302,1.0,11042.912807216591,0.6904326143219118,0.7601649933724871,0.8384520353893311,0.6092866029551229,0.2499258901127836,0.3045082666758878,0.3937128022078668,0.8812369814675166,0.9595770526928185,0.4311762229459451,0.8883580144694837,12879.438381311633,10738.714620348086,0.0003882156854956593,26.804162057387664,0,0.0,12879.438381311633,10703.19862702464,0.17683882565766149,5,9.164399554051473,0.85275286,0.52460164,-30771.61,True,Neutral,1
7a828ea2-55bb-465d-9b44-f41f02c252a6,TradeHalo Banashankari Candidate,12.909005878427582,77.63476224159443,False,True,13058.048657325518,251,461.83399798840964,0.0648305995719964,890.089340848167,0.2557674427219641,59.52218009800825,6,0.2122065907891938,0.5874349792460501,30.969772108948167,0.0004594867240469365,10446.715273438054,0.029072573055548893,0.6666666666666667,1.69723389735925,7.132028811037465,0.0,0.0,0.0,13058.048657325518,11889.984322132106,1.4925646130613612,0.9574230358389515,0.8097749908796048,3.7041211825548745,297.5,1429.153693445092,3.5999999999999996,3.0,0,304.1191221327171,28.169470173081077,7.583839665739868,0.24912687252755036,7688.728138101615,0.5036095816458305,5.5390537063083394e-05,0.00281019096700158,2935.1384052053595,3.0601509510747604,14.136550242223214,3.0601509510747604,0.5121951219512195,12013.163899582756,1030.488357135794,1.0,7676.340394090748,0.6488756417146249,0.6963656325496895,0.810729128839349,0.6024430672214734,0.29551049674104685,0.30449371481506965,0.46902377766773756,0.8612106414505996,0.9094621793889698,0.41881384059411186,0.8443746122058675,13058.048657325518,10446.715273438054,0.0004594867240469365,30.969772108948167,0,0.0,13058.048657325518,11889.984322132106,0.2122065907891938,6,7.132028811037465,0.9285547,0.5130984,-30690.684,True,Neutral,2
6271eea8-8cc3-472c-aedd-d898e2af0167,TradeHalo Ulsoor Candidate,12.907690129565886,77.70589343812694,False,True,16176.72465101692,279,572.1345980546353,0.09046616157903982,874.5581993429508,0.28791907666430744,69.31053049213622,11,0.3890454164468553,0.6027509706899061,32.20512080085934,0.0006799893202922573,10801.694819793578,0.023071028198692427,0.09090909090909083,3.106240456768646,9.741319112156797,0.0,0.0,0.0,16176.72465101692,20316.516758560658,1.4605624070320014,1.084913996049034,0.7884122167178019,3.011245020750933,353.5,3495.332734744465,4.5,0.3333333333333333,1,271.2142678071339,270.22292776020856,168.99273889567093,0.252983651524502,7524.788170470025,0.49865860942741763,0.0004838062108804124,0.006258031841264083,2351.0942861361755,0.5219571918386879,72.01058266869748,0.5219571918386879,0.5357142857142857,18430.745924179544,543.1282499873994,1.0,0.0,0.8223102226405218,0.48129119211228527,0.9007597846968924,0.6400815495191754,0.4211107749356419,0.2802557033762961,0.5585762167815596,0.8522064827382565,0.9756525564641624,0.46255535326819774,1.0,16176.72465101692,10801.694819793578,0.0006799893202922573,32.20512080085934,0,0.0,16176.72465101692,20316.516758560658,0.3890454164468553,11,9.741319112156797,0.2610324,0.55631804,-34551.832,True,Neutral,3
582442d1-afb5-4343-beba-c5a7586c2a9d,TradeHalo Malleshwaram Candidate,12.898820795529812,77.61732691725096,False,True,12130.09761576404,245,429.01444349690246,0.11775368069904077,862.1779421809003,0.12044630386653285,56.80920681010508,8,0.2829421210522584,0.7823137273529618,30.51197485569852,0.0006595165392241654,8341.164319157986,0.027752171973469353,0.75,3.11220677972799,7.938662528023233,0.0,0.0,0.0,12130.09761576404,13096.927930079873,1.133856438920249,1.0448256214438296,0.9089445319175062,3.02353280650528,462.0,379.8879783815183,3.0,0.3333333333333333,0,245.8263200557315,25.59556656965536,59.703851104409054,0.24912558592767273,5898.0097585909025,0.4981722570500394,5.203059041112711e-05,0.0007722351349984605,1122.7128039232928,3.1508437709709733,55.42675049128529,3.1508437709709733,0.5535714285714286,11913.542825709157,856.7188645054929,1.0,13685.81317125185,0.6452239051224373,0.6016720763289125,0.8077963557395742,0.6831460894274504,0.1915494727159999,0.22450433750788695,0.5201567491013597,0.7708200123995828,0.8855365733892712,0.41492696181087013,0.8305457119010744,12130.09761576404,8341.164319157986,0.0006595165392241654,30.51197485569852,0,0.0,12130.09761576404,13096.927930079873,0.2829421210522584,8,7.938662528023233,0.5319172,0.37345818,-36573.555,True,Neutral,4
d08a86e7-d58a-4ec7-8ef1-2292de5f7b96,TradeHalo Sadashivanagar Candidate,12.910369964317676,77.58806517691804,False,True,14735.241560059447,269,521.1525626525761,0.17817983596137102,965.9730207484171,0.06285636208616897,61.443517797489434,8,0.2829421210522584,0.8148930755793433,31.269691720446936,0.0005429161081203018,11036.01916801132,0.03106619366099835,0.125,2.000208148242787,4.763272073970385,0.20438345707768577,3011.6396109197412,1505819.8054598707,11723.601949139706,15691.657866363166,1.155991418556697,0.9886417411881262,0.9290653819554302,4.422766553066889,409.5,3056.970629691347,4.5,1.0,1,320.6915024035858,2556.087115379411,375.2749535626419,0.24851828794153547,6011.933656610728,0.5035321518231057,0.004829982699843799,0.005776452283844856,1071.3620256713791,0.15001423874105493,15.243240744063232,0.15001423874105493,0.48148148148148145,14711.716160562224,781.4505724542261,1.0,6615.115930954928,0.744359438325686,0.62869108624228,0.4019859337151817,0.6988597835390149,0.6354714387770126,0.31145718997910105,0.4175244552472178,0.7634554771324339,0.5176935340572062,0.43073308842644836,0.8867814118961918,14735.241560059447,11036.01916801132,0.0005429161081203018,31.269691720446936,1,3011.6396109197412,11723.601949139706,15691.657866363166,0.2829421210522584,8,4.763272073970385,0.27015173,0.53883123,-35847.54,True,Neutral,5
1861cff7-4ec6-43eb-bedd-79189f9c60cd,TradeHalo Electronic City Candidate,12.882675191461193,77.63099265400132,False,True,13019.186099245144,257,460.4595161618124,0.05354434732001843,848.0554735884522,0.1895669229266333,57.56854567734781,4,0.1414710605261292,2.121549134254056,27.208199148021173,0.00030723886804505553,11126.085656006906,0.03406523667106356,1.0,4.8528244559376255,9.360812884574093,0.0,0.0,0.0,13019.186099245144,13130.446264289609,1.1969508973673804,1.0963146578856784,0.9414586521696529,5.571798873329629,346.5,2957.170764326914,3.0,1.0,1,313.47136249272296,352.07245458295307,153.2261215705224,0.23845030701995543,6218.070548743454,0.49458155117258035,0.0006764916284394306,0.005682072652638164,636.4490633312458,0.14490212545827907,18.33191528920689,0.14490212545827907,0.5333333333333333,14025.962154215136,324.4656713475825,1.0,33948.0646988073,0.6764920992342857,0.829132303577201,0.8436842081698813,0.5907208714251413,0.3449376017052339,0.15655508065756643,0.3059385682736872,0.7536187056291649,0.9580423295059023,0.4269390783608261,0.873282923808762,13019.186099245144,11126.085656006906,0.00030723886804505553,27.208199148021173,0,0.0,13019.186099245144,13130.446264289609,0.1414710605261292,4,9.360812884574093,0.27496183,0.67799354,-30360.223,True,Neutral,6
e782ce0e-07cb-4976-a34f-b394caf5f296,TradeHalo Sadashivanagar Candidate,13.101638896146252,77.64970662781484,False,True,13776.143293616155,250,487.23140042694996,0.11749047071382887,911.7257358992526,0.06791128212012937,59.478339678920534,9,0.3183098861837907,0.4453410239646012,33.82814197886744,0.0006533033090742158,9934.738264804828,0.02840490530848862,0.11111111111111116,3.1371458163854427,7.409448827412616,0.0,0.0,0.0,13776.143293616155,17365.639219473607,1.3812935275961096,1.1542567070259784,0.9758727317528817,3.6143859029375984,304.5,1953.002456709928,4.5,0.5,0,317.523476855344,26.08095816047339,6.054433831808641,0.25117567794003764,7133.871813071793,0.4875268705206912,5.200397171163007e-05,0.0038941776558428275,1534.6438110841718,1.3998202538938613,53.310894066462254,1.3998202538938613,0.16666666666666666,19373.066266633807,222.4251907789452,1.0,0.0,0.7112472372612959,0.5207119648845242,0.8265859472689462,0.6529381181070855,0.26702244708734424,0.22557611376199788,0.42578083966238933,0.7484137835555376,0.895432134283703,0.410122550105294,0.8134523744947091,13776.143293616155,9934.738264804828,0.0006533033090742158,33.82814197886744,0,0.0,13776.143293616155,17365.639219473607,0.3183098861837907,9,7.409448827412616,0.4882594,0.602742,-27589.729,True,Neutral,7
9fe00358-50f5-433e-b0fd-8821387a7885,TradeHalo Basavanagudi Candidate,12.872464589473498,77.6719309053947,False,True,14781.377492987443,262,522.7842874924976,0.13744547758259848,938.5024635111927,0.059414765142399344,63.9170851860503,8,0.2829421210522584,1.1602733760948252,27.442594677915693,0.0005412215474366544,10677.16478380368,0.02673151235081543,0.75,2.3877801416091478,12.416845895461991,0.0,0.0,0.0,14781.377492987443,14828.778746920985,1.7089205194719281,1.1868373700044346,0.9136291994360451,5.893702471149691,350.0,9269.26460046113,3.5999999999999996,0.6666666666666666,0,339.79400356604884,366.2296846907061,31.93166932272708,0.24902941929515474,8778.281278932642,0.5046035033715605,0.0007054961647716639,0.017856091134179516,1451.6630528900253,0.4580050826168293,54.432526603151906,0.4580050826168293,0.37777777777777777,11574.4883372912,815.8845876884401,1.0,16226.441970743977,0.7712166247258921,0.6809262601231933,0.918390718514765,0.4770525467010639,0.2949454517324333,0.32186057344202484,0.42553531242786896,0.731117499804859,1.0,0.4147542693529388,0.8299312994335648,14781.377492987443,10677.16478380368,0.0005412215474366544,27.442594677915693,0,0.0,14781.377492987443,14828.778746920985,0.2829421210522584,8,12.416845895461991,0.3358623,0.27483732,-30018.389,True,Neutral,8
cdce713c-3dab-43b1-8dd0-c5b6e00ac528,TradeHalo Basavanagudi Candidate,12.913642374229688,77.72925771843849,False,True,13646.135137325393,254,482.63330249007475,0.21369471448967095,910.3143623504708,0.2500959873814752,62.537725598969494,14,0.49514871184145215,0.7442520804968386,28.83365635226881,0.001025931508014068,6370.818254159021,0.025630553321809208,0.2857142857142858,3.917757616410648,10.731216133826866,0.0,0.0,0.0,13646.135137325393,16824.2404923097,0.5348847435388766,1.2009558396882338,0.9240381130712744,2.989996000483155,392.0,4302.866382275473,4.5,1.0,0,285.5441354845306,1201.2663545436285,49.27891767650178,0.2588977118753942,2896.3856605549972,0.5069302807265555,0.002408571815272536,0.008627364492506485,1856.7540882910623,0.3398906846122522,18.800947974141245,0.3398906846122522,0.4722222222222222,10658.6280650031,200.0,1.0,10746.376723804698,0.6695050525843762,0.38136224069779145,0.8745298705056388,0.7325877007616091,0.40102540679647075,0.27307789407180033,0.3278529669973985,0.7304488731945074,0.9539756692902849,0.42511942075751147,0.8668088696927472,13646.135137325393,6370.818254159021,0.001025931508014068,28.83365635226881,0,0.0,13646.135137325393,16824.2404923097,0.49514871184145215,14,10.731216133826866,0.18500888,0.7859823,-30832.895,True,Neutral,9
ad03a069-4938-480c-8e74-2b7ed5312bb2,TradeHalo MG Road Candidate,12.92397847121126,77.59498279636252,False,True,12774.709115535727,272,451.8129116219123,0.042331037614461844,798.4286060505121,0.07983061563031775,52.70129750533107,6,0.2122065907891938,1.794202005788822,30.75106316857467,0.0004696780134667185,10280.163872552326,0.0304526581234903,0.8333333333333333,2.8644299825964037,5.646909434274371,0.15223907304940879,1944.8098742249917,972404.9371124959,10829.899241310735,15664.417392547699,0.5477864911067262,1.098658196967749,0.7466395709472313,6.3843344504371835,364.0,2734.0386316569625,3.0,3.0,0,276.2500492631532,1979.0309163797865,209.6383200772404,0.25133085666230265,2972.970285111489,0.4996905128473551,0.003646649816845618,0.005037860395641943,189.89447956445764,0.11135527253910432,24.2411997946213,0.11135527253910432,0.2909090909090909,16120.421877057386,364.9871265172412,1.0,0.0,0.7024374970055208,0.7482304224862081,0.5140147403775897,0.5910983074799084,0.38768385538710504,0.21449908306088009,0.37577624564436507,0.7301822539488362,0.5871650577283118,0.38699543119113305,0.7311697411437689,12774.709115535727,10280.163872552326,0.0004696780134667185,30.75106316857467,1,1944.8098742249917,10829.899241310735,15664.417392547699,0.2122065907891938,6,5.646909434274371,0.7262323,0.8605621,-25681.188,True,Neutral,10
32fcba7c-139e-459a-b9fb-0aff1914d73d,TradeHalo JP Nagar Candidate,12.985414263445486,77.53186721062634,False,True,12752.89318407978,274,451.0413308820527,0.24571436115082435,862.2469666540802,0.19503475976746962,54.09557767110712,7,0.24757435592072607,1.7866148978561334,31.88744932552568,0.0005488950545542505,8462.542682892465,0.032237814495557134,0.7142857142857142,3.880316767438343,5.45339083148857,0.16238309624561878,2070.8542813205227,1035427.1406602614,10682.038902759257,12952.96957660939,1.1740078934452078,1.0000439682114293,0.7070835141370294,2.8825517046720983,427.0,12742.649022733718,3.5999999999999996,3.0,0,347.40999239496426,109.43071279493054,663.2660869093297,0.25246908116807204,6104.336897372968,0.502092186188074,0.00019957820973948956,0.023239865795826792,31.94886035052439,0.3314638723463178,28.442371465715254,0.3314638723463178,0.55,13025.854819080805,438.68668555404207,1.0,11007.809273333194,0.6365579311686427,0.6756739420830641,0.4931090159527255,0.6144602790584288,0.5008878584966548,0.25932298001266413,0.40197932133979414,0.7008355381169066,0.5531065541283222,0.3855244820740786,0.7259363367008846,12752.89318407978,8462.542682892465,0.0005488950545542505,31.88744932552568,1,2070.8542813205227,10682.038902759257,12952.96957660939,0.24757435592072607,7,5.45339083148857,0.60043234,0.64031583,-34269.676,True,Neutral,11
e860f1f3-0437-4c17-99b3-4ec601da33d9,TradeHalo Hebbal Candidate,12.925070698207412,77.69127417676725,False,True,12842.380659125452,280,454.20630288168195,0.13580477280057696,785.2172018383168,0.21611132849864023,56.68753025528299,10,0.35367765131532297,0.5721419506257923,32.58980418468434,0.0007786718261535308,7743.926170615993,0.024025377319383586,0.30000000000000004,1.7345510197111682,7.287606859731766,0.0,0.0,0.0,12842.380659125452,10707.203594899807,0.9682296894494881,1.2207428032701666,0.969889307691141,4.610225012011311,371.0,5300.340548718705,4.5,2.0,0,284.5587891870112,654.5142531866236,32.289306357663335,0.2552057426805482,5067.1723393828515,0.49031951808048196,0.0011644384194682506,0.009429771989142108,269.3313467986919,1.4407816993482732,13.701804118773893,1.4407816993482732,0.4,12232.794084856143,165.0828576026218,1.0,23496.269918881553,0.6945818031721105,0.5060951269035701,0.8095668794650873,0.5801523766170549,0.411422387022337,0.22876147885112466,0.2877667854126719,0.6991204337276292,0.881875615334441,0.3874669559510266,0.7328473517046958,12842.380659125452,7743.926170615993,0.0007786718261535308,32.58980418468434,0,0.0,12842.380659125452,10707.203594899807,0.35367765131532297,10,7.287606859731766,0.56421274,0.9346184,-30336.168,True,Neutral,12
e07edb78-4988-4f0d-b854-6085524d6787,TradeHalo HSR Layout Candidate,12.866977999481948,77.66874185199973,False,True,12474.375516693071,235,441.1907834369374,0.331231807735883,930.1412218239803,0.2577194017809869,59.14636049927359,7,0.24757435592072607,1.5134158089622105,26.155450413197766,0.000561150334991333,8754.735586780538,0.023860253258937328,0.8571428571428572,2.648294918744735,12.85161713439402,0.0,0.0,0.0,12474.375516693071,16195.693087948459,1.3824339367257743,1.0237024568864568,0.885179096707374,5.0184629499236095,371.0,6068.866735281672,3.0,1.0,0,282.0354755860811,459.87972698482935,315.5489537366343,0.2570919374517157,7142.798393627384,0.5125163292276724,0.001004429712957583,0.013255096311514253,73.86122016972833,2.8716496326108074,28.601497849626348,2.8716496326108074,0.40816326530612246,9311.647976926262,421.7972984772013,1.0,46689.05103049019,0.5762123909121275,0.6928543160711302,0.8874307829081125,0.6216179144287487,0.25030863814721893,0.34426078489112705,0.2778884336680769,0.6966049432011766,0.9568294769239162,0.4061800722474224,0.7994256614710294,12474.375516693071,8754.735586780538,0.000561150334991333,26.155450413197766,0,0.0,12474.375516693071,16195.693087948459,0.24757435592072607,7,12.85161713439402,0.28532207,1.0,-21891.398,True,Neutral,13
31bc2a40-5885-411d-8c2c-5565a32a8501,TradeHalo BTM Layout Candidate,12.866213776115089,77.6696016440851,False,True,12393.585656955973,230,438.33342665274625,0.38216499836141765,924.3715373451223,0.17469934674488888,60.01269147788564,7,0.24757435592072607,1.5310147211991696,26.083610676787913,0.0005648082963037584,8673.94572704344,0.023860253258937328,0.8571428571428572,2.648294918744735,12.969278752657853,0.0,0.0,0.0,12393.585656955973,10210.501115506422,0.9447029548226105,1.109949231488623,0.7120026838549021,4.0369358597791605,325.5,8264.41221217202,3.0,3.0,0,259.02232904798285,534.3904335216787,679.0096991789893,0.2551642227470855,4954.328506531826,0.5106318534649658,0.0011932857587945264,0.018454307523063797,178.04231663410113,0.1744217589378738,21.15542771516809,0.1744217589378738,0.2553191489361702,14233.919536704572,1063.6565143167936,1.0,11547.418116578738,0.5978473540385352,0.6929514760577244,0.8878902609336599,0.5354344151067767,0.34121043071190177,0.27421892365022105,0.3879146531041962,0.6960029138408949,0.9554435762540516,0.398087401618579,0.7706332185967327,12393.585656955973,8673.94572704344,0.0005648082963037584,26.083610676787913,0,0.0,12393.585656955973,10210.501115506422,0.24757435592072607,7,12.969278752657853,0.39748168,0.82502234,-31694.03,True,Neutral,14
9f2d2a9b-d1b3-41d6-ae6f-9a5ce3ff6ef5,TradeHalo Yelahanka Candidate,13.046054683930832,77.68550191176385,False,True,13660.2884738119,266,483.13387437075704,0.1244298017461089,863.838360134352,0.21794086001909385,59.85665756519597,9,0.3183098861837907,0.7242806848674876,32.74441126298554,0.0006588440659400331,8940.339109080875,0.03203853332513161,-0.11111111111111116,3.112665050814131,6.490555074429721,0.0,0.0,0.0,13660.2884738119,14681.71262250949,0.9424426196279312,1.0897623390176474,0.86923655968615,5.700098865850287,346.5,3432.6548698378824,4.5,3.0,0,345.37497141899416,235.11077426091228,120.1341376605001,0.24301003479308916,4935.590503366696,0.4844224178446315,0.00044023154014739916,0.006427450825652933,852.2268209978888,0.2607013621010124,24.45199627482562,0.2607013621010124,0.46511627906976744,10164.497213102877,683.743209002945,1.0,22162.22174420837,0.6974548573866491,0.5297659723176569,0.8108547492697044,0.6070665711537955,0.44963556414066796,0.13318378514476384,0.3482425317010411,0.6903245642380058,0.9052007875762081,0.4006478798000281,0.7797429952268972,13660.2884738119,8940.339109080875,0.0006588440659400331,32.74441126298554,0,0.0,13660.2884738119,14681.71262250949,0.3183098861837907,9,6.490555074429721,0.33265084,0.599418,-29420.244,True,Neutral,15
c51f2eff-9a49-47dd-93d9-5aa11859b861,TradeHalo Bellandur Candidate,12.90825175476191,77.63772651638081,False,True,13991.86129998546,256,494.8608642108619,0.08102267431420793,963.2727171776081,0.3015400935093713,63.959437973831776,5,0.17683882565766149,0.28254525592363583,32.60730106987103,0.0003573505978082556,11803.760356791256,0.025339784478627895,0.6000000000000001,0.9795909841041258,7.309724995749276,0.0,0.0,0.0,13991.86129998546,16224.27791444096,1.1755152987828537,1.19829352439832,0.8851728565104843,5.71335120797555,364.0,56.70698847100971,3.0,2.0,0,292.00243556729333,220.26056856661532,466.261224019873,0.25309184812056296,6101.424853000572,0.5091254988137375,0.00042997096416139623,0.00011069779155770705,346.5702636460747,0.49119345599796704,24.397131505117883,0.49119345599796704,0.34,14327.998450401305,745.8674454239548,1.0,0.0,0.6671664812054431,0.7087130313316246,0.8285907129618761,0.5478562675032232,0.2652611317150511,0.22115470109939078,0.41962932993063945,0.6890893691080779,0.9164338379722111,0.39811482092500433,0.7707307721547746,13991.86129998546,11803.760356791256,0.0003573505978082556,32.60730106987103,0,0.0,13991.86129998546,16224.27791444096,0.17683882565766149,5,7.309724995749276,0.36252376,0.78062606,-31802.645,True,Neutral,16
5ae64596-6f11-4c95-bf94-81667e93a736,TradeHalo Frazer Town Candidate,12.9075770749004,77.69329188723734,False,True,13692.362551465176,275,484.26826281600864,0.12895331773726054,809.2231480857573,0.05715490348627631,58.9235624733385,15,0.5305164769729844,0.47092885422870684,31.96214618648842,0.00109550122877771,6191.549602744266,0.02976970426004353,0.2666666666666666,2.4099498226428997,9.149040159753463,0.0,0.0,0.0,13692.362551465176,12423.939486310073,1.1593486063562533,1.193950788726282,0.8418493889567987,3.457661851202444,346.5,706.2597588264856,3.0,1.5,0,343.73650307132533,805.9609348226932,246.84671007149328,0.24543410269757102,6019.525091092007,0.48546555098448,0.0014408622907727338,0.0012626208169843863,1223.4517309747832,0.1625904559778838,46.3637096862238,0.1625904559778838,0.3469387755102041,17774.834046282056,1163.577102508312,1.0,13594.062247010574,0.7683531983985807,0.37373874456186,0.8514386976225612,0.5628303502964558,0.2756183719863241,0.1773978313226314,0.4822131478129568,0.6819490002038531,0.9157800263977869,0.37881932857428496,0.7020804604443972,13692.362551465176,6191.549602744266,0.00109550122877771,31.96214618648842,0,0.0,13692.362551465176,12423.939486310073,0.5305164769729844,15,9.149040159753463,0.60142314,0.3572195,-30938.318,True,Neutral,17
ed43a104-38ec-4260-a526-913af2519d4f,TradeHalo Koramangala Candidate,12.885158064900551,77.63094756942448,False,True,12906.076481187985,260,456.4590817562495,0.12125264474256522,863.0721111214966,0.1517422214214297,56.919030584795905,4,0.1414710605261292,2.0272144980932145,27.464608382943975,0.0003099315276668658,11012.976037949747,0.03406523667106356,1.0,4.8528244559376255,9.340626707885058,0.0,0.0,0.0,12906.076481187985,13013.475431833109,1.3449991115104825,1.209549795042271,0.7089505648603085,7.078193945542764,322.0,16054.031757270022,3.5999999999999996,0.5,0,244.70991999999998,323.91475291871046,986.3004997155024,0.24133340721692417,6958.715121876948,0.4985919792028553,0.0006202109532839124,0.030739218422463827,997.9867746224268,8.990629259018359,20.30772234024561,8.990629259018359,0.32075471698113206,17687.137597660185,1262.7365217511197,1.0,0.0,0.6712341665399377,0.8218109881189728,0.8415408506384496,0.3737186995495863,0.312695758333406,0.3954185330318739,0.6039301441713079,0.680518374420835,0.9513287297533609,0.3980357768840589,0.7704495459517257,12906.076481187985,11012.976037949747,0.0003099315276668658,27.464608382943975,0,0.0,12906.076481187985,13013.475431833109,0.1414710605261292,4,9.340626707885058,0.3207937,0.6473118,-30753.008,True,Neutral,18
268d450f-a58f-4f9d-a043-416fdfeaff8e,TradeHalo Marathahalli Candidate,13.060124160058797,77.67454531061287,False,True,13447.326730191966,255,475.60189344040566,0.12425062854237183,917.223472266085,0.09765305588984087,62.383037308945745,7,0.24757435592072607,0.5423818024770988,35.33803139135175,0.0005205495590646717,10175.263440997833,0.02304996026873103,0.1428571428571428,2.957512841384285,6.257219573193257,0.0,0.0,0.0,13447.326730191966,11509.88038743304,1.7317367517296676,1.2268645123234352,0.9532666038010238,3.154372521238939,385.0,24816.572671108373,3.0,1.5,0,335.64130352305136,326.4951487244286,31.70703887505575,0.24788670518685968,8883.108326223408,0.4870374948008967,0.0006451553801042515,0.049037621039898116,1157.952982526766,0.13536934336284553,29.278882730570043,0.13536934336284553,0.6976744186046512,13571.87895404673,818.4472526701031,1.0,8975.734673096877,0.7147330938672184,0.55318838475422,0.8038757146256381,0.5209713607820671,0.38028006917608054,0.3640754835924154,0.48234533628279536,0.6754595773425163,0.8671863539260893,0.4001140816445755,0.7778438257682398,13447.326730191966,10175.263440997833,0.0005205495590646717,35.33803139135175,0,0.0,13447.326730191966,11509.88038743304,0.24757435592072607,7,6.257219573193257,0.26592258,0.57387537,-26220.254,True,Neutral,19
5d158b56-64b2-4b6b-adc4-994299cf4ac4,TradeHalo JP Nagar Candidate,12.917617984213743,77.62487319403186,False,True,13330.661432995628,266,471.4757026101652,0.06370369997906336,880.3529055490042,0.006163787904144521,57.38893436510866,7,0.24757435592072607,0.43210944807645113,32.634047051552876,0.000525105227162534,10239.6886775345,0.030121934662730627,0.7142857142857142,1.792369479327863,5.955847829044305,0.13734179451101994,1830.8569632264641,915428.481613232,11499.804469769164,16031.837436503936,1.0420047326298536,1.1908145903129457,0.7184046547353267,4.631850668501211,353.5,8221.516451903719,4.5,3.0,0,272.2234177062208,1060.787214018541,472.4072929983122,0.253111435882757,5437.15345952499,0.5083454017966043,0.001981378710361988,0.015356461172813625,708.3642160570352,0.755757575921488,21.401990748825597,0.755757575921488,0.6470588235294118,12408.37553232999,999.6797865345359,1.0,0.0,0.7339319212143097,0.6594150476132891,0.5468239620676447,0.5268128511817511,0.5031712449942216,0.2962221965609236,0.5017210734124128,0.6562388667691413,0.6122361191093613,0.39370476212169786,0.755040480038606,13330.661432995628,10239.6886775345,0.000525105227162534,32.634047051552876,1,1830.8569632264641,11499.804469769164,16031.837436503936,0.24757435592072607,7,5.955847829044305,0.2610324,0.8602697,-26714.602,True,Neutral,20
9f683217-4b9e-4006-b592-9eb81ef60ac7,TradeHalo Ulsoor Candidate,12.961978621438746,77.53688589470947,False,True,12428.025827131178,268,439.5514985025929,0.08568138148798737,821.201686957954,0.13187966780334875,54.08882543469585,5,0.17683882565766149,1.8956854516463437,31.238176947021245,0.0004023165118537716,9817.387424568342,0.03376094085596794,0.19999999999999996,2.3249766478944984,5.555188829099061,0.15696544244148236,1950.770572629815,975385.2863149075,10477.255254501362,10260.41110996673,0.9126925364982864,1.1761855206558394,0.7469824706085058,3.361778423685048,350.0,6235.661555231966,3.0,1.0,0,370.5687051336785,529.6341332982345,396.45397802172215,0.2463968094045482,4787.77668331138,0.4844853211265774,0.0009754689652912579,0.011484709807710724,1170.6462959880394,1.1807679808542078,37.99519285377728,1.1807679808542078,0.5128205128205128,15822.784325972125,425.4112364601721,1.0,22367.436830780913,0.6705638226687104,0.750483259873922,0.5038100564439627,0.5443452226445407,0.2918354441182915,0.18963767648360186,0.4073184933998731,0.6398545388238998,0.5624572964981784,0.3585812794741955,0.6300766808114164,12428.025827131178,9817.387424568342,0.0004023165118537716,31.238176947021245,1,1950.770572629815,10477.255254501362,10260.41110996673,0.17683882565766149,5,5.555188829099061,0.6789659,0.3254177,-28094.104,True,Neutral,21
7a05883a-2e54-4b5c-9c03-8ec9deb4c8f4,TradeHalo Electronic City Candidate,13.129441064214404,77.69037377521039,False,True,11658.065043098826,247,412.31970633244623,0.23245619348915472,758.819399245741,0.0549655091908194,57.539411144731304,9,0.3183098861837907,1.533885417198415,27.05173770080831,0.0007719977514903033,6575.094485836533,0.03050549055238195,-0.11111111111111116,2.547086012000124,5.333984428596477,0.16897663812992048,1969.940638082786,984970.319041393,9688.12440501604,14806.529116411835,1.5061565056202402,1.0229481964729121,0.9793454143203653,3.907452739088605,413.0,19529.74678364533,3.5999999999999996,0.6666666666666666,1,232.47442399999997,674.8558805489256,332.8663083154333,0.24253787808169272,7767.129996847922,0.49738667836755984,0.0013757788641695571,0.03981385303432162,547.5041273983347,0.21914381879088715,79.58447419349831,0.21914381879088715,0.30357142857142855,12912.624792416826,938.2821017187503,1.0,22034.64840389927,0.687044193438011,0.5700183673705465,0.47947838612362553,0.6655368702477691,0.4901226832838589,0.322273271719642,0.45551106959415755,0.6383758401370413,0.5645448763361516,0.3993795136035342,0.7752303487927177,11658.065043098826,6575.094485836533,0.0007719977514903033,27.05173770080831,1,1969.940638082786,9688.12440501604,14806.529116411835,0.3183098861837907,9,5.333984428596477,0.090957806,0.36270756,-30962.256,True,Neutral,22
60928613-c492-40e6-a439-8de1640bbeaf,TradeHalo BTM Layout Candidate,12.898317553178416,77.66179784821901,False,True,11895.23740988665,253,420.7079628966876,0.12789462679003005,864.9981692078687,0.15470477694821005,53.525372298419605,7,0.24757435592072607,0.8791309537702762,30.58179085563031,0.000588470810526404,8572.36568060458,0.0238464121227214,0.4285714285714286,1.7126380729555282,9.436890581486239,0.0,0.0,0.0,11895.23740988665,16094.98109702057,1.410774828302902,1.1785917285574545,0.8898497780112865,5.625160354266866,346.5,980.5580617808748,3.0,1.5,0,313.1485686198367,349.3424776165898,252.04563397822227,0.25184135750960013,7271.498449440061,0.4889547670504185,0.0006901077843408642,0.0019370411409741393,380.3199181992066,0.9943021233240306,21.614359795007072,0.9943021233240306,0.37735849056603776,16046.217274928671,288.8280098823882,1.0,7917.341633538701,0.6112138473565424,0.6228336606582457,0.8265552997266304,0.5296126324826809,0.23928380850220418,0.21654100423774642,0.372624223100273,0.6351730106890346,0.8764366129961499,0.36554336618980277,0.6548466848358693,11895.23740988665,8572.36568060458,0.000588470810526404,30.58179085563031,0,0.0,11895.23740988665,16094.98109702057,0.24757435592072607,7,9.436890581486239,0.5564783,0.9420543,-27304.764,True,Neutral,23
6068d615-ff9e-4a21-8ea8-9cccd8ac0c9e,TradeHalo BTM Layout Candidate,12.954779822799916,77.51604303668712,False,True,12733.151173210059,244,450.3431000783883,0.2508938726173913,868.022738053973,0.14947241763086241,61.165490921939984,6,0.2122065907891938,0.9764184185270718,31.823170339498986,0.0004712109295163096,9781.922826538836,0.02257601554388345,0.6666666666666667,2.6544471939890117,5.6006700655845165,0.15460372914652126,1968.5926551646774,984296.3275823387,10764.558518045382,16680.954689505856,1.032482447232031,1.1263653399739653,0.9379591904031558,4.206982313155764,395.5,1418.8421134356663,3.0,3.0,0,301.18768953909165,119.64516942410654,683.7223421392791,0.2504565000615283,5379.0533018135375,0.48822883103197345,0.00024140916299431872,0.002862810832014936,867.6785049657891,0.4546551960064398,25.40247353040611,0.4546551960064398,0.2916666666666667,13409.167977430765,270.7684603642441,1.0,0.0,0.6682450230580373,0.6551476980581531,0.5090652536438359,0.671042748631654,0.3521201050255238,0.16752418193312263,0.3559453713493835,0.6287628896261364,0.5693141483419233,0.3800489569299146,0.7064552837641425,12733.151173210059,9781.922826538836,0.0004712109295163096,31.823170339498986,1,1968.5926551646774,10764.558518045382,16680.954689505856,0.2122065907891938,6,5.6006700655845165,0.3179933,0.8157658,-26038.74,True,Neutral,24
b3fcb2e8-86bb-494a-bde8-4906ac1d4fb9,TradeHalo Malleshwaram Candidate,13.037079428154737,77.68479956847297,False,True,15009.424776362092,269,530.8498102497762,0.09283071312541784,846.0127486083745,0.19071412995208825,63.575811000632314,7,0.24757435592072607,1.262780691586369,31.883677896472932,0.00046637363551893724,11512.309559773297,0.030282759558730447,-0.1428571428571428,4.190847654696528,6.292933981350187,0.0,0.0,0.0,15009.424776362092,13538.710646625383,1.2711498004941,1.2147638198568478,0.7341190223513085,4.453178123400193,381.5,948.3499580304124,3.0,1.5,0,303.15086285028804,571.1987634688753,96.64648475287213,0.2513835803950919,6577.95022390838,0.49509756202208494,0.0010801299821276205,0.0017933183485855629,500.7683127641942,0.4225805984410285,47.80328641567333,0.4225805984410285,0.3090909090909091,13511.76199272104,954.1203085348296,1.0,0.0,0.7810664096671879,0.6085406298771231,0.8298135858539158,0.47381534815082593,0.2570793953584006,0.2160928270712888,0.4702018304705458,0.6196380579455473,0.9519937829885309,0.3866693456168161,0.7300095802152874,15009.424776362092,11512.309559773297,0.00046637363551893724,31.883677896472932,0,0.0,15009.424776362092,13538.710646625383,0.24757435592072607,7,6.292933981350187,0.17815197,0.67355317,-29591.74,True,Neutral,25
3bb6e299-4025-45c8-b6b3-cfcd9987f031,TradeHalo Jayanagar Candidate,12.870577419229717,77.69189700921841,False,True,11618.060879565994,238,410.90484847233364,0.32085436111032717,801.5153412483072,0.11601421553084396,55.08066462637218,10,0.35367765131532297,0.9350476133833373,28.30063683726524,0.0008607288344983748,6748.692959926988,0.023954783354899967,0.7,2.5468437125374748,13.007092239968506,0.0,0.0,0.0,11618.060879565994,14802.964123884643,1.5186206733623824,1.0442393813567277,0.9173688243704939,5.734806962074441,385.0,2686.265850355661,3.0,0.3333333333333333,0,266.9679701128634,862.7396054524489,115.27211455899294,0.24465555405197398,7828.4479358900135,0.4979183969821388,0.001792056015119607,0.005579828310786382,1143.030066075118,0.7284090669537929,43.16038084661076,0.7284090669537929,0.39622641509433965,15381.50668016283,337.5442557818121,1.0,6152.953477584097,0.6188790824733613,0.540029074319699,0.8758500869114855,0.5737819123243082,0.21025777920880176,0.2599614351517071,0.418348546180314,0.613503370199007,0.8987013844692328,0.3767062502724819,0.6945624618647027,11618.060879565994,6748.692959926988,0.0008607288344983748,28.30063683726524,0,0.0,11618.060879565994,14802.964123884643,0.35367765131532297,10,13.007092239968506,0.289267,0.55850714,-23811.1,True,Neutral,26
d4a76ff3-eb5a-4e68-b2e2-b1c55230a949,TradeHalo Jayanagar Candidate,12.97530073992651,77.73853790162613,False,True,9521.83000630315,193,336.7658472853065,0.6227740321895098,825.3423356432322,0.15580268871956574,56.93895658719674,5,0.17683882565766149,0.47759096325994793,26.92444473262205,0.0005251091435879615,6467.148995258443,0.024838292369382158,0.8,3.981388197994041,8.444494468162654,0.0,0.0,0.0,9521.83000630315,9289.871855463147,1.265460503389106,1.0913383746923928,0.8633169108394765,4.635930980080245,395.5,5385.847645236155,3.0,2.0,0,223.82431957040458,773.8709912342146,402.678395795612,0.2546068971962582,6552.967994530263,0.48398796223144985,0.001997599878813649,0.013902535080522672,1652.2083421380476,1.1024598774330385,13.971927128768407,1.1024598774330385,0.37037037037037035,19369.530260473643,436.23324208355086,1.0,0.0,0.48452799591444545,0.6277964287078203,0.7730087093885613,0.540863961874692,0.30009004949428425,0.29174249340961084,0.41771385984057446,0.6121034995642813,0.8353921192810781,0.3544920801295624,0.615527955930371,9521.83000630315,6467.148995258443,0.0005251091435879615,26.92444473262205,0,0.0,9521.83000630315,9289.871855463147,0.17683882565766149,5,8.444494468162654,0.59840566,0.6993148,-31523.334,True,Neutral,27
6c2febec-5f11-409d-83ca-86ddab3b1ee5,TradeHalo Rajajinagar Candidate,12.941103261534854,77.7398299536558,False,True,11136.658120141346,192,393.8787087433311,0.921791850399266,877.1851048769842,0.11540121342780764,69.91594020226866,3,0.1061032953945969,0.6520234124457505,25.47536051606639,0.0002693806317511275,9477.37664392788,0.016799686936626583,1.0,2.7402672265211887,9.756647005168569,0.0,0.0,0.0,11136.658120141346,9368.688464752619,1.2577232669939535,1.2913525233036995,0.951098437141663,3.140638499813986,367.5,2504.8167873624184,3.0,3.0,0,185.74064251663043,401.9605096011376,304.0192880245182,0.2580352791351171,6509.343964191086,0.49337965331543865,0.0010370599262414693,0.006462438599573096,466.2444193279483,0.13225697502514464,25.76521778301125,0.13225697502514464,0.25,13811.915811289724,320.39350191150027,1.0,20831.823390105616,0.5834626102139283,0.741092929590377,0.8190394386141309,0.5318574743877716,0.2709835220639247,0.24629195413252775,0.29013637164947453,0.6063178521211618,0.9237378734653288,0.3761095925287687,0.6924396479273431,11136.658120141346,9477.37664392788,0.0002693806317511275,25.47536051606639,0,0.0,11136.658120141346,9368.688464752619,0.1061032953945969,3,9.756647005168569,0.26183066,0.70426273,-29838.432,True,Neutral,28
c73e34f8-1e10-4a92-9298-a1a0b5cf839f,TradeHalo Hebbal Candidate,12.88978383663959,77.69939461897962,False,True,13989.934374850936,284,494.79271317527804,0.26051561055190897,805.7074328555003,0.2003950702912603,57.054376312461976,13,0.45978094670991987,0.7549978181594504,29.796497818810927,0.0009292395269108269,7584.753127007734,0.02945697825960274,0.3076923076923077,2.776003811700181,11.231179031513115,0.0,0.0,0.0,13989.934374850936,11973.286247961321,1.9144357012926172,1.196262387679684,0.790201995487295,4.652480321906716,346.5,3431.411921012896,3.5999999999999996,0.6666666666666666,0,287.49481908096175,133.4726004566588,336.1103400140016,0.24872737922633023,9796.063999460252,0.5010088720461833,0.00023319028890887781,0.0059950277022301395,1250.6344313081186,0.328560452399021,63.51339109521807,0.328560452399021,0.46511627906976744,18266.100677781524,876.1053430364941,1.0,26971.38065483747,0.7188222471210034,0.45936748168139135,0.8876542989558335,0.4016251914215051,0.24412062834034384,0.2820290356459171,0.478979691544864,0.6003063532698653,0.9510105554663866,0.3515000873778064,0.6048829186693456,13989.934374850936,7584.753127007734,0.0009292395269108269,29.796497818810927,0,0.0,13989.934374850936,11973.286247961321,0.45978094670991987,13,11.231179031513115,0.5820001,0.19832091,-34083.508,True,Neutral,29
44bd97a2-12a9-4ff9-a3bd-3330743cd3d3,TradeHalo Basavanagudi Candidate,13.025435824861034,77.71640024879669,False,True,12495.9098315165,268,441.95240402588087,0.17623496419975831,765.6908260478168,0.21530223267531026,54.522419704725976,12,0.4244131815783876,0.7900684860652541,30.97212336661657,0.000960314227759091,7032.691002348953,0.027091416431959656,0.08333333333333326,3.6828945675087064,7.480198630885436,0.0,0.0,0.0,12495.9098315165,8670.969396871586,0.9477924088158824,1.1653709582245433,0.9228735643494251,6.892624681986582,329.0,13111.21364725227,3.0,0.6666666666666666,0,315.55536194498995,27.79181377934016,157.9577898104304,0.25444146045248467,4969.107684749341,0.49656043527221905,5.264123572280072e-05,0.02483430889746683,4534.129371228272,3.0136827569774765,32.96939259976363,3.0136827569774765,0.36363636363636365,13109.656968412824,1188.530053201628,1.0,0.0,0.66330707583109,0.41911912073642893,0.8068355636070033,0.5016069781906349,0.23004900497423114,0.3522380597798475,0.5138594689220436,0.5991257301477881,0.891613592122732,0.3551370045758824,0.6178224951660003,12495.9098315165,7032.691002348953,0.000960314227759091,30.97212336661657,0,0.0,12495.9098315165,8670.969396871586,0.4244131815783876,12,7.480198630885436,0.52433866,0.7917154,-25230.85,True,Neutral,30
064129bf-cba8-481b-9daa-ca6fbc039238,TradeHalo MG Road Candidate,12.899576908072044,77.6219659658827,False,True,11760.843719771015,251,415.95475842951794,0.08959488128257698,854.3607376121876,0.08486659588536545,52.78016267990403,6,0.2122065907891938,1.2767872738210408,29.79503815328536,0.0005101674797288115,9026.729418267643,0.023943206383802852,0.8333333333333333,3.3279991371078217,7.909817713704293,0.0,0.0,0.0,11760.843719771015,10815.121276157317,1.6557940807030143,0.9155784218499424,0.736948653790113,5.241371569929441,371.0,126.42807551111191,3.0,2.0,0,287.66746740581937,65.97995683867305,133.2909044222072,0.2463624936918498,8511.162294032729,0.48985313170584555,0.0001295640187845612,0.0002482652359180759,4677.995172069936,0.7613736016046666,26.57268666136278,0.7613736016046666,0.35714285714285715,11473.112086431403,366.93168419735963,1.0,10652.70565800424,0.6288688938042052,0.6730981078904728,0.8013576172727962,0.5136918667100513,0.23939876231260057,0.27207902183998184,0.3441035583334591,0.592102533803763,0.8825755608035046,0.36979979355378817,0.6699903805757338,11760.843719771015,9026.729418267643,0.0005101674797288115,29.79503815328536,0,0.0,11760.843719771015,10815.121276157317,0.2122065907891938,6,7.909817713704293,0.28055114,0.47837254,-32191.254,True,Neutral,31
6bc5c3ef-bb9b-4a99-bb00-319b69fa2181,TradeHalo Frazer Town Candidate,12.856858270360236,77.60411950553825,False,True,8847.81856187529,165,312.92756882281714,0.8175646203357692,890.6937539178226,0.025532299664730366,60.50863517204446,8,0.2829421210522584,0.6894878153332429,27.016418023852836,0.000904177673180541,4799.771708981951,0.027131773170729956,0.375,3.4567122116605167,7.329020521524939,0.0,0.0,0.0,8847.81856187529,7223.628434119856,0.689190936852841,1.1144273154830409,0.767819375084851,3.5994672432644212,336.0,4759.252390379164,4.5,0.5,0,188.24410694987913,621.5379975466591,389.06201127815393,0.25503853094797685,3674.2073962800923,0.4991393556974415,0.0018990946152950302,0.014541782840429745,8343.60357391128,0.37404812806649435,32.41017533404842,0.37404812806649435,0.7,21221.9175363421,303.39462788355706,1.0,10582.594051157435,0.4618523654382757,0.5186936847499666,0.7452395076548533,0.5747616298198346,0.2877894641003627,0.373898748664284,0.4850543416165089,0.5907675506090249,0.8006264542307387,0.3489335320244016,0.5957515204219923,8847.81856187529,4799.771708981951,0.000904177673180541,27.016418023852836,0,0.0,8847.81856187529,7223.628434119856,0.2829421210522584,8,7.329020521524939,0.57083166,0.53851295,-25777.684,True,Neutral,32
2408a210-9c32-42f6-a3b7-457beab2ee9e,TradeHalo MG Road Candidate,12.946614478689837,77.51862624566812,False,True,13860.359070346225,231,490.20992423870865,0.20575078887543807,915.0006601359422,0.12503403776209893,70.19712881956427,6,0.2122065907891938,0.72053134759453,31.697796018330045,0.0004328892180605046,11154.241438888574,0.02791301251101412,0.33333333333333326,2.71210122619472,4.693827077090125,0.2091697771963344,2899.1682186055123,1449584.1093027561,10961.190851740714,14445.934699507481,1.2280679024847885,1.0668802317544748,0.7807535162648946,4.110008047316216,374.5,1755.8195361407672,3.0,0.6666666666666666,0,249.29985484675504,1534.5511354747766,277.242211824951,0.24879764994694709,6357.1438623397935,0.4885108326019658,0.003277938458692482,0.0037505875503188913,514.2874513805205,0.3046776802103561,38.62067011761907,0.3046776802103561,0.46153846153846156,10222.66816242352,444.3873737004309,1.0,10181.075392244493,0.743440121966356,0.6573784760093645,0.39478719389900585,0.5866374796460228,0.24859565087017146,0.24136205136528713,0.384711391831731,0.5888247752756626,0.4849503083737646,0.3510704785770176,0.6033544384651817,13860.359070346225,11154.241438888574,0.0004328892180605046,31.697796018330045,1,2899.1682186055123,10961.190851740714,14445.934699507481,0.2122065907891938,6,4.693827077090125,0.5307061,0.35632583,-28334.268,True,Neutral,33
8f48b511-9b03-4e55-bd75-4dc8f444eba6,TradeHalo HSR Layout Candidate,12.860408837821865,77.70320977441716,False,True,10570.601861567855,194,373.85856393886996,0.7335565129802873,855.7766596148718,0.21604344447326346,62.05754836203562,10,0.35367765131532297,0.6000124858487688,26.374147912966695,0.0009460199268650516,5608.427088583285,0.024275088565250805,0.8,2.657733644809446,14.442495385695727,0.0,0.0,0.0,10570.601861567855,10097.494485634408,1.536044162880918,0.9979376047011276,0.7585433545683349,4.4803011892314615,350.0,13140.689207932568,4.5,1.5,1,236.68935183994668,151.78910481341305,702.158903356721,0.2514569247094173,7905.735564134153,0.5045936122291658,0.0003916411591780725,0.03390516572398104,2777.382245769187,0.391499553363946,22.182906140825352,0.391499553363946,0.45454545454545453,9852.05988615465,200.0,1.0,21964.181586341478,0.5104534519660292,0.5201726660629168,0.8804494493501464,0.5159614449546381,0.532108189659822,0.37704655347488336,0.2932694426263171,0.5867775728846717,0.8888909899558084,0.3737002736537809,0.6838676722155421,10570.601861567855,5608.427088583285,0.0009460199268650516,26.374147912966695,0,0.0,10570.601861567855,10097.494485634408,0.35367765131532297,10,14.442495385695727,0.19841717,0.66869706,-30872.152,True,Neutral,34
dc4c3363-8b13-4da6-a2c7-c099b6bec7af,TradeHalo Banashankari Candidate,13.065002918905376,77.46902031057195,False,True,10585.641762808762,209,374.3904916335598,0.33678113999212955,724.8934473650703,0.06585917826884867,56.7669248927428,5,0.17683882565766149,1.1818075918312425,25.8172838295754,0.0004723379188559764,7802.405868370294,0.024855596527382517,0.0,3.0922845035995175,3.623860962807228,0.2988081189408756,3163.0757029268607,1581537.8514634303,7422.566059881901,10437.804124401799,0.8944611992262912,1.0288185511356382,0.6751961941570546,2.2485500873344315,357.0,482.6626792912985,3.0,0.3333333333333333,0,233.57453718579012,899.2138109237615,847.5117522864643,0.2550718032929209,4689.136769037832,0.520187865603694,0.002202195016903692,0.001182051848257033,792.4381278271744,2.0808065461535934,85.24666529809222,2.0808065461535934,0.38596491228070173,17022.958916540785,200.0,1.0,0.0,0.6177497442085927,0.6460823722639211,0.2506191524447948,0.6182617637759517,0.21205951332625111,0.2979346990021802,0.527116466798903,0.5861533224078455,0.2788946070844492,0.32429571160848986,0.5080940499271499,10585.641762808762,7802.405868370294,0.0004723379188559764,25.8172838295754,1,3163.0757029268607,7422.566059881901,10437.804124401799,0.17683882565766149,5,3.623860962807228,0.8983904,0.45470726,-26157.498,True,Neutral,35
265a411a-1198-4710-beb4-e40664bd179d,TradeHalo Sadashivanagar Candidate,13.04039515836008,77.67118384863926,False,True,15855.457299870317,266,560.7720898348526,0.1617247964074035,940.381121890235,0.21853595979752286,67.69338616989,8,0.2829421210522584,1.0993241759597532,32.95754573515069,0.0005045581372203899,12111.138202087048,0.02737942587089575,0.375,0.9942331668337882,4.956631789633482,0.19162583265950958,3038.315207284949,1519157.6036424744,12817.142092585367,17077.497669590703,1.2698856455580565,1.1807087300972285,0.8799986425734693,5.449874069139257,287.0,1121.715081643238,3.0,0.6666666666666666,0,355.7980802167754,352.7787303049768,57.41919670198009,0.25239040902785403,6567.772838276709,0.503350298861432,0.0006747265245823201,0.0021453983859923147,537.6519175458117,0.640954217191824,74.1568804740799,0.640954217191824,0.3333333333333333,10303.501165616808,244.25912938531397,1.0,8920.731166880614,0.7802402387862826,0.6723257958143765,0.4276352707016865,0.557390873883648,0.17350592477736307,0.23226715269683593,0.40922625689493664,0.5744884134394312,0.5510144608376836,0.3502178750495554,0.6003210098870576,15855.457299870317,12111.138202087048,0.0005045581372203899,32.95754573515069,1,3038.315207284949,12817.142092585367,17077.497669590703,0.2829421210522584,8,4.956631789633482,0.47115803,0.52139175,-27300.42,True,Neutral,36
3e9320d1-b1bf-4445-882f-a80b49d3cb00,TradeHalo Koramangala Candidate,12.86695164280248,77.59679717818193,False,True,11310.635215376506,230,400.03188978587445,0.3810915089144027,863.2462766141579,0.0269700525252116,57.56182282137235,9,0.3183098861837907,0.7435921965392054,29.72147980311231,0.000795711277803809,6870.000587366288,0.023479404482756077,0.0,3.496582925249208,6.122826037645225,0.0,0.0,0.0,11310.635215376506,10577.69758059755,1.1888508033098368,1.1639814862882172,0.7696949634643457,4.3269274127829735,350.0,1219.9152683966367,3.5999999999999996,1.0,0,273.5302579675714,1667.8580779145643,1062.4034892465413,0.24702281130601422,6165.6745171088205,0.4876316043457482,0.0035976648990469146,0.0026314267377051935,778.6386653299382,0.30426898705487426,39.338993896596094,0.30426898705487426,0.3090909090909091,13325.718786647314,754.9850413221357,1.0,22616.92272624831,0.6180311525108617,0.4753161928256111,0.7671079113198908,0.4984820855425475,0.36420944588657955,0.2371859845332029,0.3666717185402712,0.5742144627435374,0.867208816979467,0.34499075313019095,0.5817237363586037,11310.635215376506,6870.000587366288,0.000795711277803809,29.72147980311231,0,0.0,11310.635215376506,10577.69758059755,0.3183098861837907,9,6.122826037645225,0.54417735,0.3936955,-28047.842,True,Neutral,37
692ab662-3d29-40f6-ae31-076c0c2188b8,TradeHalo Basavanagudi Candidate,13.06639811517533,77.49132333081141,False,True,15402.888362170244,262,544.7657379404494,0.06027521147612904,889.8256488552357,0.10881933945350727,67.3357712037255,5,0.17683882565766149,0.9200986594382962,29.127745085881475,0.00032461444129401634,12769.709206495236,0.025456148790585845,0.3999999999999999,3.648554079220522,3.704641391702845,0.29086952969874785,4480.230893906775,2240115.4469533875,10922.65746826347,17418.377695070725,1.1441081505005688,1.1438880731857939,0.879714375990247,5.282114214893674,315.0,1038.5874268579348,3.0,2.0,0,330.43175882769077,1117.1886337157532,628.2412115492169,0.25681071623050705,5937.4071005244705,0.5110975786331697,0.0021554368532954744,0.002003788391377853,623.9913620548233,2.1298406305990003,17.02929827846178,2.1298406305990003,0.36538461538461536,16741.78574414391,466.6357384916646,1.0,8175.742468719963,0.822372332431874,0.6991842925604426,0.20897583272734194,0.5988968165818276,0.3132730679209723,0.3092930518688578,0.39950329851030075,0.5734352248343675,0.36306153727302976,0.36049857667109203,0.636898121167328,15402.888362170244,12769.709206495236,0.00032461444129401634,29.127745085881475,1,4480.230893906775,10922.65746826347,17418.377695070725,0.17683882565766149,5,3.704641391702845,0.31958362,0.7249251,-31780.572,True,Neutral,38
6f0ae074-5bf9-4d2d-ba10-235a4181b349,TradeHalo Marathahalli Candidate,13.002636542823158,77.5555673850239,False,True,15164.549458066438,278,536.3362235583992,0.23699844196456035,1059.2496434508769,0.13005766753159811,61.75784713312047,10,0.35367765131532297,1.4848117769897022,34.23890054586737,0.0006594327136228058,10514.587824268827,0.028808999907438772,0.3999999999999999,2.652092832766292,3.4358437705767,0.318134427716313,4824.365263417691,2412182.6317088455,10340.184194648748,13144.849097405404,0.9732605974427856,1.1438984598485344,0.922229978228601,3.873252282691264,385.0,6480.762003884787,3.0,0.6666666666666666,0,340.70386623352266,741.8528212463737,42.34848137544999,0.24989281860079807,5090.802412155441,0.5078077607346714,0.0013452479058585073,0.011751969210612487,130.22162917495416,7.432187714212908,50.43180531315639,7.432187714212908,0.5217391304347826,13674.271148588836,926.4473104316044,1.0,0.0,0.7062037899396737,0.5901702383643141,0.15314091242969088,0.6395953048199899,0.2723271853744106,0.33716428840773244,0.6230612868454013,0.5615262643802202,0.25971503529974016,0.3396671700798937,0.5627832693740771,15164.549458066438,10514.587824268827,0.0006594327136228058,34.23890054586737,1,4824.365263417691,10340.184194648748,13144.849097405404,0.35367765131532297,10,3.4358437705767,0.5564982,0.0142769385,-31967.623,True,Neutral,39
bf098fd4-a918-4420-87b9-f6d8011709ce,TradeHalo Bellandur Candidate,13.01192810999136,77.69107022702049,False,True,12578.188074149906,260,444.86240158677447,0.15021217551995888,850.1901860848003,0.05859012521407336,54.61505628540162,5,0.17683882565766149,0.8690045878665544,31.32447163373056,0.00039751353458259716,10087.688302993407,0.01972960160390473,0.0,2.636278743466834,4.5237218322708515,0.22137276533149527,2784.4682768341995,1392234.1384170998,9793.719797315707,11568.070803582938,0.9679006251458276,1.1994078908858075,0.9394173540731854,5.85082439012784,315.0,3570.109441705138,3.0,1.5,0,299.3216104255467,1987.1637369063324,173.29738060979017,0.24807090394730286,5058.149780795519,0.5007400679126117,0.0038776100497624638,0.006966457767319973,22.14137858370958,0.44636572773294775,26.457294160051198,0.44636572773294775,0.4358974358974359,17003.649515314286,1083.9615105633175,1.0,0.0,0.676470360800512,0.6196307062737323,0.3755547396511216,0.5488581456713422,0.3008358717161379,0.25491771090807436,0.496267724976801,0.5582115573592763,0.43273544419049387,0.33656158581199147,0.5517340914542204,12578.188074149906,10087.688302993407,0.00039751353458259716,31.32447163373056,1,2784.4682768341995,9793.719797315707,11568.070803582938,0.17683882565766149,5,4.5237218322708515,0.5841214,0.3669113,-30226.21,True,Neutral,40
87fa8ee9-9280-4a76-940d-86558793fb6a,TradeHalo Banashankari Candidate,13.080276309793456,77.68449895688487,False,True,11746.289768474635,258,415.44001769833176,0.14715243992583335,834.0654374636644,0.1527886898333669,53.22602575222944,7,0.24757435592072607,0.9340382502855686,31.697035744723166,0.0005959328552226764,8144.9587773189205,0.03044273423343232,0.0,1.8259618745123423,4.262100033739111,0.24154487357482396,2837.2560770994537,1418628.0385497268,8909.033691375182,12525.403129012777,0.9078543792578512,1.1054233253055497,0.8597983507099302,3.9025994029412074,420.0,2811.1842748131576,3.0,1.0,0,294.0757500189615,87.49835761963114,26.686281066570768,0.24822607231536872,4763.645347544438,0.47837160536823453,0.00016940651624921125,0.0054427642699411615,964.3437153891596,0.7656522277474646,18.768483018865854,0.7656522277474646,0.46,13629.574568664639,1182.9588747142993,1.0,29601.554013081164,0.6199859646631064,0.6096786731393267,0.34188270507036267,0.6322016396358683,0.23444115947076416,0.13938335910731964,0.3953458694006397,0.5556123521945536,0.3654449941252915,0.31726011388374564,0.4830625053522065,11746.289768474635,8144.9587773189205,0.0005959328552226764,31.697035744723166,1,2837.2560770994537,8909.033691375182,12525.403129012777,0.24757435592072607,7,4.262100033739111,0.8458117,0.43659127,-35431.715,True,Neutral,41
de5687dc-43f4-43d7-bcdd-b2be62ce8adb,TradeHalo Marathahalli Candidate,13.002747741723995,77.53104833521883,False,True,11542.818375947325,240,408.2436892764401,0.035234086572041017,885.7050238648884,0.18759045860024173,54.058065149485856,7,0.24757435592072607,0.9273380866838404,33.21844053929404,0.0006064376802970797,7331.260111643767,0.02705461862523089,0.7142857142857142,3.034918599326416,5.851309533642958,0.1422119809113831,1641.527066543783,820763.5332718914,9901.291309403543,7922.906485752921,1.306053895841361,1.031751193643306,0.9155540945939936,3.7602885501727017,343.0,10693.58531633319,3.0,1.0,0,257.50422969619353,235.69948144547692,22.034426266560445,0.24782704637366038,6761.426520312078,0.5085483036824204,0.0004913383670071451,0.022291812924476684,2995.113540822185,0.221109908202007,23.5959593782788,0.221109908202007,0.4716981132075472,21455.399019055796,561.0105706710394,1.0,24093.439166481327,0.5838636205553097,0.6052473426184489,0.5315333350933104,0.5980759984332333,0.21418853939896737,0.31848255606028975,0.4028538342854833,0.5504527997224504,0.5428569642602535,0.34066323145324706,0.56632709829124,11542.818375947325,7331.260111643767,0.0006064376802970797,33.21844053929404,1,1641.527066543783,9901.291309403543,7922.906485752921,0.24757435592072607,7,5.851309533642958,0.48695558,0.40338823,-29828.5,True,Neutral,42
009e707a-bc40-4b7d-9430-b28d4f048af5,TradeHalo Jayanagar Candidate,12.85397957521534,77.66438599512291,False,True,8360.274438079705,150,295.68422276115615,1.094412709732283,946.925447918123,0.1780250991731766,63.687172546577834,4,0.1414710605261292,0.5086254922609317,24.986933676250203,0.0004784531930890502,6373.474977431884,0.024113095827263127,1.0,2.6544358845558924,13.516898784746491,0.0,0.0,0.0,8360.274438079705,7286.465217991769,1.7942179724864253,0.9777495462406292,0.8210908219113463,5.904420761044402,374.5,10026.178614340432,3.0,1.5,0,157.19869241042036,254.77406608117337,360.5292537263173,0.2591677598626109,9206.303737248241,0.5347199712534629,0.000897693209105339,0.03532711391630796,299.8828977605698,8.356237672466007,53.31448074880947,8.356237672466007,0.5,19504.709630959653,687.9925621622167,1.0,0.0,0.36494733981795113,0.7011848577727191,0.8305611795366756,0.4496605696539171,0.22469700912664328,0.5802940704729492,0.6503754596926848,0.5489433270727317,0.8104623184032811,0.3575717265206737,0.6264848509846529,8360.274438079705,6373.474977431884,0.0004784531930890502,24.986933676250203,0,0.0,8360.274438079705,7286.465217991769,0.1414710605261292,4,13.516898784746491,0.23877722,0.31845322,-27295.537,True,Neutral,43
e2b15a28-b205-4686-a993-2d0dc6632ffa,TradeHalo Frazer Town Candidate,12.985826289284924,77.71162330428042,False,True,11451.361467104716,253,405.0090628048387,0.08626182865474684,783.7596074146713,0.16018378875347364,52.22396062859467,6,0.2122065907891938,1.70837529428381,27.712249546942655,0.0005239551661377255,8725.368419723229,0.03602789364492434,0.6666666666666667,4.555005078801272,5.4825830732190655,0.16081065032389907,1841.5008846191483,920750.4423095742,9609.860582485568,12982.939828645642,1.0442543650894687,1.2280747389656483,0.813755906386847,4.07462735981592,273.0,16525.663663284064,3.0,0.5,0,313.4521361135937,871.8729103488679,409.89815469893847,0.2516849174890007,5439.167658948509,0.5043637041984343,0.0017701112973836943,0.0335510641515831,2343.510106736904,0.36720082690525874,28.6238759579278,0.36720082690525874,0.43478260869565216,20470.30136185366,321.7077396641951,1.0,8739.35807228754,0.6225089268825749,0.7148723455088373,0.4951245630188318,0.5372903581198878,0.26040017529719195,0.35333156858680237,0.41929192187681746,0.5483328360088545,0.567555250832094,0.3513677452118983,0.6044120661626108,11451.361467104716,8725.368419723229,0.0005239551661377255,27.712249546942655,1,1841.5008846191483,9609.860582485568,12982.939828645642,0.2122065907891938,6,5.4825830732190655,0.32401592,0.48898676,-26875.291,True,Neutral,44
8623166e-e555-4aec-a93e-8aaeaf84055a,TradeHalo Bellandur Candidate,13.100364019209444,77.68286407895506,False,True,13748.448179679988,255,486.2518861419646,0.16388158463032418,954.1601723734127,0.1312861741601149,63.03742616653004,7,0.24757435592072607,1.0208813232144376,30.956693827037142,0.0005091483714028105,10019.031821722707,0.028152321691084347,-0.4285714285714284,2.9315058289573774,4.306102826329248,0.23802784680410866,3272.5135171070947,1636256.7585535473,10475.934662572894,14570.710806417937,1.2558947618691352,1.0338444226789318,0.9471202361631373,5.061486807275235,283.5,3348.1794911528928,3.0,1.0,0,277.8240820053507,1355.7859410714648,393.77949482538526,0.24001305454442157,6506.39446168265,0.4688089357941212,0.002617550222693605,0.006464167909691767,4228.949930837499,0.21170732333815676,14.320210845999819,0.21170732333815676,0.2807017543859649,16657.653763408995,302.3820285899051,1.0,11138.852804205122,0.7001640086423329,0.579000217665728,0.3355485023493541,0.6431757458122325,0.22838227353390242,0.22469284733239894,0.3218221730673747,0.5399684080895343,0.4290043935908188,0.329342276904657,0.5260489315311807,13748.448179679988,10019.031821722707,0.0005091483714028105,30.956693827037142,1,3272.5135171070947,10475.934662572894,14570.710806417937,0.24757435592072607,7,4.306102826329248,0.5956463,0.24051328,-31616.47,True,Neutral,45
a5ba7f5b-b7e9-4d70-84b2-dcfcee40cda1,TradeHalo Indiranagar Candidate,12.944511779189364,77.74536826808608,False,True,8111.5887044825495,149,286.88876414372913,1.0824031257842657,836.1608373831393,0.10476160878664827,64.68728631662721,3,0.1061032953945969,1.3150588619111365,23.708825380675172,0.0003698412369382299,6452.307228269084,0.016799686936626583,1.0,2.7402672265211887,10.117002529319128,0.0,0.0,0.0,8111.5887044825495,6032.393822381633,0.810495781350437,1.1137257545817314,0.9246418700165839,5.029480421222164,346.5,12012.76380666615,3.0,3.0,0,166.28781007089464,80.32315713628817,53.83860942103153,0.25890792472680574,4267.347554021552,0.49446485419759195,0.0002683634420192799,0.040135208304270226,828.56958895715,0.3090219314888256,14.40958325139694,0.3090219314888256,0.3793103448275862,15877.65063692012,742.9172043852328,1.0,7652.863205148522,0.4285618505019861,0.7438801685819374,0.7752823294300579,0.573337150947608,0.2644212954768481,0.300153084674491,0.39547301568261645,0.5368558981818545,0.8205896060866136,0.3646262793838476,0.651583834945856,8111.5887044825495,6452.307228269084,0.0003698412369382299,23.708825380675172,0,0.0,8111.5887044825495,6032.393822381633,0.1061032953945969,3,10.117002529319128,0.07794415,0.60992175,-31625.764,True,Neutral,46
08b64a95-bad7-440a-89a5-6770f9423e04,TradeHalo Basavanagudi Candidate,12.880124098608425,77.59344278437175,False,True,13237.328039816912,264,468.1747090812914,0.1617815359229651,815.0948991554053,0.07559421113598734,57.03261406380427,11,0.3890454164468553,0.3166598997809049,32.84010702901251,0.0008309834104671884,7747.614633440313,0.026714563749348386,0.2727272727272727,3.910284144346995,5.350659028723373,0.16804003749082008,2224.401100089118,1112200.550044559,11012.926939727793,14768.595470973987,0.8369662911953306,1.3047262378598465,0.9810391532595696,4.787714288824617,381.5,10810.110790037075,3.0,1.0,0,316.1534441287621,685.5014125292435,113.83746899668168,0.24345814843419675,4412.457541069825,0.4889931070608862,0.0012705491315384248,0.02003610295336895,9.330354772822195,0.7163062968711922,81.03609046774932,0.7163062968711922,0.6304347826086957,10357.795852628762,610.8339926932546,1.0,29457.78973119198,0.7221521532720999,0.431895877094128,0.4816654125980306,0.5972310092115789,0.29672853251408865,0.18463402643063784,0.46956918584677965,0.5364978255690876,0.5441256588773165,0.3373184754357614,0.5544269850926776,13237.328039816912,7747.614633440313,0.0008309834104671884,32.84010702901251,1,2224.401100089118,11012.926939727793,14768.595470973987,0.3890454164468553,11,5.350659028723373,0.46478117,0.42201552,-23829.885,True,Neutral,47
82227404-23c5-4542-9b95-a93960980462,TradeHalo Jayanagar Candidate,12.952232917323157,77.54744659987688,False,True,13900.659286786402,259,491.63525282851475,0.0879751464310453,906.8476630182719,0.04445714451204599,61.9905695753754,7,0.24757435592072607,1.0339501538573779,31.816350120125406,0.0005035732374689605,10350.78364880182,0.029747657600994456,0.0,1.9500985738025676,4.429336618672731,0.22844825725646795,3175.58138878229,1587790.6943911451,10725.077898004112,13160.918804132956,1.364456167037106,1.1307327781882468,0.9172199879700664,4.599293424111993,332.5,1930.2543982306108,3.5999999999999996,1.0,1,321.160663338016,337.0913597234916,530.3091948385103,0.2436246950958422,7044.936475691752,0.47566180199864794,0.0006362621304657852,0.003643367711253656,1402.8421272996,0.42008563181195924,29.206266582587617,0.42008563181195924,0.42857142857142855,12904.063623970298,854.6661784525118,1.0,12475.04224496532,0.7514344090454107,0.6386665959308594,0.35442701858664355,0.5713412806329622,0.4077705803726886,0.165455044488751,0.41369456495885704,0.5329910154836244,0.44424943509540515,0.353868888568085,0.6133107388636553,13900.659286786402,10350.78364880182,0.0005035732374689605,31.816350120125406,1,3175.58138878229,10725.077898004112,13160.918804132956,0.24757435592072607,7,4.429336618672731,0.21171212,0.17737739,-31582.662,True,Neutral,48
10739b9f-5bd1-47d7-9a4a-c8e4238888b4,TradeHalo JP Nagar Candidate,13.134958236428622,77.64436635316201,False,True,11157.503034198307,207,394.61594676788474,0.3573001747515532,942.865540351249,0.30749992374812807,60.62067436864945,8,0.2829421210522584,0.33280018782766546,31.8365803318874,0.0007170063028869092,6891.83511985965,0.02102756104230539,0.125,2.5735483387268063,7.767628515828516,0.0,0.0,0.0,11157.503034198307,9834.319692713241,1.2339532266502835,0.9518817287355822,0.7720550508366781,5.607716003699598,329.0,6102.222692010906,4.5,1.0,0,250.99962560984258,158.35667662255395,518.3977783003278,0.2428290259474261,6402.054146700246,0.498630951047033,0.00037859483642395186,0.014589028080015642,1579.4745071242223,0.21461190072193323,38.86441746431191,0.21461190072193323,0.36,9651.273196028716,636.7014886422106,1.0,10228.964454771623,0.5021101646155027,0.48900924797950407,0.7894045750137826,0.5468762634739862,0.33117029477606985,0.22237708746407003,0.37607443049219225,0.5260026210175708,0.831369817914566,0.3377076496856087,0.5558116055561546,11157.503034198307,6891.83511985965,0.0007170063028869092,31.8365803318874,0,0.0,11157.503034198307,9834.319692713241,0.2829421210522584,8,7.767628515828516,0.40676668,0.4080866,-28425.682,True,Neutral,49
ca78faa9-28d0-4128-9e6c-24c0049c6992,TradeHalo Sadashivanagar Candidate,13.062410522329154,77.67091939414476,False,True,13638.013505740138,255,482.3460585316826,0.08450322118359055,989.1878394071566,0.19293033311979307,63.34921529006243,7,0.24757435592072607,0.153452834512016,40.41629159180573,0.0005132712324308633,10457.868419630373,0.020961749381412074,-0.1428571428571428,1.2515815039168465,6.160397142056935,0.0,0.0,0.0,13638.013505740138,9880.4753049013,0.931953813905372,1.325849172225532,0.6905855965089803,5.300928547310093,336.0,2256.3478271277786,3.0,0.5,0,310.42448845170475,1037.7318420822753,101.5228591436898,0.24553684990405994,4881.467972440962,0.4847288323490149,0.0020401606449263056,0.004435936001476294,170.4874693329948,10.0,26.592535729381233,10.0,0.48148148148148145,10906.636105832684,649.8531256435389,1.0,5465.789357869827,0.6746089348322221,0.5178919214418318,0.8055171963235755,0.3878920706335799,0.2151810914057996,0.30123017880009206,0.5454647239968856,0.5216117038261461,0.8143309403390903,0.3413423513573141,0.5687432995601952,13638.013505740138,10457.868419630373,0.0005132712324308633,40.41629159180573,0,0.0,13638.013505740138,9880.4753049013,0.24757435592072607,7,6.160397142056935,0.33308533,0.36476022,-35616.52,True,Neutral,50
5e758197-f260-4bf7-8719-08efe1365b7c,TradeHalo JP Nagar Candidate,12.900072854628297,77.58705793674741,False,True,11973.205540694164,252,423.46552143483234,0.1955974147138134,838.4398610950652,0.037372695185365505,52.95801596917237,10,0.35367765131532297,0.2426005906263112,34.63932741550478,0.0008351982237348475,7474.43293521398,0.02795309081859286,0.0,2.56903832860367,4.750990238946948,0.2052219068239835,2457.1640718567405,1228582.0359283702,9516.041468837422,11462.852119067225,1.291767680135652,1.1586570748574618,0.8088096121870619,4.372833768632923,381.5,37.88755271326405,3.5999999999999996,0.5,1,293.2454307810401,544.9720832586278,800.9542151097006,0.2485386597046472,6684.99696212779,0.4993362464637542,0.0010810149920710173,7.515433130265938e-05,836.6372085934978,1.227905021054515,30.345373354207798,1.227905021054515,0.7878787878787878,13562.234037122567,865.3089882828554,1.0,0.0,0.6477317801019079,0.44841646885608544,0.4092926640352178,0.5115352208104602,0.4182911730506244,0.2273454657268144,0.5512298367586791,0.507951709320114,0.4148348888387624,0.31849996347781384,0.4874736942226265,11973.205540694164,7474.43293521398,0.0008351982237348475,34.63932741550478,1,2457.1640718567405,9516.041468837422,11462.852119067225,0.35367765131532297,10,4.750990238946948,0.5898638,0.3183038,-26003.82,True,Neutral,51
8f0b1694-9f38-44ae-ae51-108e59e18dbd,TradeHalo Koramangala Candidate,13.027584826647042,77.6865764692071,False,True,13204.778685316043,261,467.02351115612163,0.16721725563616904,936.238375909583,0.054603894724323476,57.922969529512535,6,0.2122065907891938,1.1404124173967642,31.688349031612447,0.0004543809588169857,10479.350189500943,0.027409014943108996,0.16666666666666674,4.4350196745417145,5.614548803386749,0.15389014615106344,2032.0853217757333,1016042.6608878666,11172.69336354031,10842.032391330662,1.2428222390544665,1.18319574919979,0.7424859236634425,5.553788792455835,371.0,3567.8803841639806,3.5999999999999996,2.0,0,314.3882836002445,13.71905362614064,46.45351872131386,0.25199154013590974,6432.053929334522,0.49107195864992914,2.6631547531494922e-05,0.006926000774317357,661.1142915324557,1.3555687889555603,13.811784202601991,1.3555687889555603,0.34545454545454546,16105.720813809327,633.3710645288035,1.0,35937.87191765472,0.6848157485785066,0.6184170151121876,0.5112844429773029,0.43742545335634525,0.31246211543025165,0.2155701544111975,0.31078682160307086,0.4987939840348579,0.5847862585200887,0.3178403518381067,0.48512690027455707,13204.778685316043,10479.350189500943,0.0004543809588169857,31.688349031612447,1,2032.0853217757333,11172.69336354031,10842.032391330662,0.2122065907891938,6,5.614548803386749,0.5534623,0.77536535,-31194.164,True,Neutral,52
6c9944ba-c4fc-4a0e-96bd-65af2b0ab679,TradeHalo Frazer Town Candidate,12.851969330557957,77.59238296554842,False,True,8435.26704678673,155,298.33654373250715,1.3152458281275194,843.7084755023781,0.1685784444147506,62.17396187269091,7,0.24757435592072607,0.9791061540367844,25.665482077569127,0.0008298492461677937,5015.8136391829485,0.020948401679372557,-0.1428571428571428,2.809445051457183,6.5660750090389035,0.0,0.0,0.0,8435.26704678673,7436.739053081051,1.5880986918373827,0.9367231513273435,0.8686461944844609,4.245861364590675,364.0,9122.424755641032,3.0,1.0,0,170.49354320955106,600.0451835907045,2000.0,0.25474860151562817,8170.516553247164,0.48379380950804357,0.0019433344960216863,0.029544312994755698,388.9612606877321,0.4634430768023024,54.25894603632184,0.4634430768023024,0.3064516129032258,16294.877487694905,407.59460711290774,1.0,0.0,0.3832834619731353,0.5162418910930824,0.7270341147340977,0.5660600420760702,0.31636475831011884,0.33567474352895393,0.4449245063282109,0.49693379464073645,0.8022641671514039,0.32776177467807693,0.5204257544418631,8435.26704678673,5015.8136391829485,0.0008298492461677937,25.665482077569127,0,0.0,8435.26704678673,7436.739053081051,0.24757435592072607,7,6.5660750090389035,0.40296596,0.40804762,-27439.033,True,Neutral,53
4dfbfcd3-f841-4180-b80a-0ab4162c335d,TradeHalo MG Road Candidate,13.020327995784168,77.6746543888594,False,True,13029.586123058021,251,460.8273417613886,0.05100308161847852,888.4588844953024,0.23872775354387957,58.52554357443611,6,0.2122065907891938,0.4897887403838655,33.746961489229136,0.00046049045175594654,10147.696709426877,0.024554625151172037,-0.16666666666666652,2.332003025706246,4.337860902064792,0.23552136823857941,3068.7459512850323,1534372.9756425163,9960.840171772988,15039.167052224997,1.3091512434622743,1.1358010276545534,0.8186484645686759,3.5864241464423405,353.5,905.1686482878362,3.0,1.0,0,296.65812050346756,300.307336769487,74.23037596879833,0.2456477950155706,6766.769771190801,0.5029268605546339,0.0006107946622479955,0.0018410212176495136,1014.466839748954,0.11150569799793486,66.35560111198022,0.11150569799793486,0.34782608695652173,15358.755538649033,161.01238390483533,1.0,15312.029641361161,0.6482239597046301,0.5796705106079622,0.3451546108650366,0.5815991886940644,0.1978807828292748,0.2059927321046305,0.39661928867923424,0.4953799496557396,0.3910431818001442,0.3080683049815923,0.45035950224425414,13029.586123058021,10147.696709426877,0.00046049045175594654,33.746961489229136,1,3068.7459512850323,9960.840171772988,15039.167052224997,0.2122065907891938,6,4.337860902064792,0.6754617,0.31782776,-23683.654,True,Neutral,54
f8f1e892-1955-4995-9261-761571041c8c,TradeHalo JP Nagar Candidate,12.958752593347928,77.489483408963,False,True,13079.001952461625,249,462.5750692095151,0.10365530017689661,788.038585348135,0.2503520585551103,61.13058499406195,14,0.49514871184145215,0.18654425039969302,37.52238299701245,0.0010704180678989066,5983.236220247658,0.02853546575250618,0.4285714285714286,1.7001872224113617,5.3782725443101755,0.16650040872329974,2177.659170777696,1088829.585388848,10901.342781683928,13417.411310409421,0.9990484270836265,1.1726254270722383,0.9127277732996326,7.415851255251545,343.0,3928.59632203128,3.5999999999999996,2.0,0,288.1321544235357,544.785214715902,121.20506172174628,0.25025764529339445,5212.619913421704,0.49720626296108394,0.0010664891108316886,0.0076907468945990164,142.43026376237214,0.6270334265679154,19.882643588488303,0.6270334265679154,0.4791666666666667,16343.283151050693,159.83478921222937,1.0,0.0,0.6952112569659016,0.3724110972656502,0.4848163187243685,0.5176178421785633,0.3139740542924129,0.20399470068275954,0.3992388563967455,0.4768056364543186,0.4953920802418752,0.30536509017118013,0.44074189125087687,13079.001952461625,5983.236220247658,0.0010704180678989066,37.52238299701245,1,2177.659170777696,10901.342781683928,13417.411310409421,0.49514871184145215,14,5.3782725443101755,0.6210606,0.5121825,-31233.164,True,Neutral,55
185210e5-eb53-4221-bf7c-f5c55a0f09f4,TradeHalo Malleshwaram Candidate,12.978530527313104,77.74298530148788,False,True,7679.591190886258,163,271.6099775454496,0.8175874092283087,809.5667402221467,0.3464425705728621,56.471009800194395,5,0.17683882565766149,1.0782840530204667,25.776532564877115,0.0006510763236894356,4441.448509335722,0.016593957717222815,0.8,2.5551784966177324,8.893484229093493,0.0,0.0,0.0,7679.591190886258,5944.808039997716,1.3227683794437763,1.1050445941291285,0.9294378658446925,3.6610135272814452,332.5,5403.190927081073,3.5999999999999996,1.5,0,229.1918697478896,116.10813529550084,50.65033053063881,0.25229184109765734,6839.001492505936,0.47316335722636815,0.000350901012579644,0.0163294773673569,275.2465191455247,2.157651487278274,43.7510348533462,2.157651487278274,0.4583333333333333,12801.378229831384,111.40986193612775,1.0,0.0,0.3342083883867203,0.6259645949701204,0.7498200770330162,0.5518506533352989,0.23578146532174304,0.2281938378486173,0.4324304246218726,0.47657707317037273,0.755815562914226,0.3177425578393446,0.4847789646854362,7679.591190886258,4441.448509335722,0.0006510763236894356,25.776532564877115,0,0.0,7679.591190886258,5944.808039997716,0.17683882565766149,5,8.893484229093493,0.4437695,0.5513311,-26933.201,True,Neutral,56
e9ba5548-0b43-4398-ae6c-e6fa35260490,TradeHalo Koramangala Candidate,12.935793495229923,77.51606298841611,False,True,13169.96990158212,241,465.79240226850595,0.08182825123084955,935.4352112507146,0.11748880617245648,63.41530048559362,7,0.24757435592072607,0.8769021069173065,31.264986554870717,0.0005315122245768446,10023.608702914777,0.029909974176770902,0.0,2.585770300101335,3.9967688587763655,0.2638811975874444,3475.3074298200872,1737653.7149100436,9694.662471762033,14579.901319245215,1.1790338360731212,1.0616472289958216,0.8796144633071945,5.165719594559186,360.5,557.7068942674474,3.0,1.0,0,273.5984614392584,81.76438260774059,200.0117035026716,0.2391747484786988,6107.850739551392,0.4805692840347305,0.00016338040743404643,0.0011144018545498817,147.48778746306425,0.13099588157778397,49.684009751097335,0.13099588157778397,0.5294117647058824,12265.570980337478,359.29286883150996,1.0,0.0,0.6923789934035218,0.6149201407855336,0.28782983044114324,0.6083381952531454,0.18585640348738766,0.09618065990831912,0.4520338322918445,0.4737459612746815,0.35929068093819966,0.3135421629385827,0.46983462359256795,13169.96990158212,10023.608702914777,0.0005315122245768446,31.264986554870717,1,3475.3074298200872,9694.662471762033,14579.901319245215,0.24757435592072607,7,3.9967688587763655,0.4893913,0.32559308,-23313.936,True,Neutral,57
f1e7eef3-cefe-4fb5-8cdc-6f80f3581a71,TradeHalo Jayanagar Candidate,13.079866232525085,77.6891788535302,False,True,11870.640804550105,269,419.8380359361117,0.14120300992033263,839.6550922913278,0.11856277933904481,51.50200671493405,6,0.2122065907891938,0.4483071668520129,32.67094240980725,0.000505448703131524,8586.35899731837,0.028996464733764354,-0.16666666666666652,3.551749877098708,3.801774866548446,0.2816026374353639,3342.8037586091596,1671401.8793045797,8527.837045940945,14337.333937609497,1.045180866343207,1.2575388041416424,0.7404880816741075,5.6285945116721185,350.0,11923.783940490024,3.0,1.5,0,298.96493558756026,461.5151832726554,135.4548543814658,0.24877575709076172,5449.400284662414,0.4842569390963123,0.0008620797961746946,0.022272838687900604,2777.105132505598,0.3388892832191888,56.96078715396005,0.3388892832191888,0.41509433962264153,16675.991912763096,398.5845733300099,1.0,0.0,0.6302775321271074,0.5569425810569242,0.2665851292390478,0.45951376858316817,0.2876182892703439,0.25553131318733424,0.4746343743385353,0.4669569351283041,0.2779678567166348,0.28460769612388453,0.3668903643895347,11870.640804550105,8586.35899731837,0.000505448703131524,32.67094240980725,1,3342.8037586091596,8527.837045940945,14337.333937609497,0.2122065907891938,6,3.801774866548446,0.8672232,0.24053091,-23172.396,True,Neutral,58
578a6413-0b09-4c8b-8721-009883f15640,TradeHalo Frazer Town Candidate,12.860153707767664,77.59993656947435,False,True,9156.20116908781,184,323.8343724453591,0.5643754967606234,803.1947679901476,0.1855812826570623,56.00698681564286,8,0.2829421210522584,0.384053871874545,28.987476891965937,0.000873724796153316,4924.303844748212,0.024601885224518734,0.25,3.6983115613754394,6.755978614090305,0.0,0.0,0.0,9156.20116908781,8429.629422593338,0.996403637068527,1.086771125020142,0.9439339378540152,4.700025217816483,367.5,5090.037803603751,3.0,0.5,0,232.27926602744833,369.47793168907725,2000.0,0.24929067634910004,5205.532177906401,0.48486722516876674,0.001000271729254546,0.01378004064412232,388.3120455554053,0.4905967446988733,25.450169153545694,0.4905967446988733,0.40816326530612246,18788.75971886944,479.9525660913911,1.0,12730.354497774186,0.4644308021871463,0.47240592515758517,0.7416182619264766,0.6026067438878787,0.29514386616557614,0.19385121453135676,0.402721150549909,0.46537047378330104,0.7837608389977199,0.33121768147378644,0.5327213245395406,9156.20116908781,4924.303844748212,0.000873724796153316,28.987476891965937,0,0.0,9156.20116908781,8429.629422593338,0.2829421210522584,8,6.755978614090305,0.19596706,0.36781883,-29824.273,True,Neutral,59
ff4458a9-12c3-4185-99a1-007b32a215dd,TradeHalo Yelahanka Candidate,12.935702767586516,77.64307572665093,False,True,14108.173229677925,264,498.9745572222203,0.15764219820479608,936.2846029955388,0.0644532685738372,61.229740460061294,6,0.2122065907891938,1.023731629777326,31.057130326613652,0.0004252853932483911,10965.750285919481,0.030670176082340593,0.33333333333333326,3.8057827931081025,4.85648027636427,0.19813101824972415,2795.2667276395864,1397633.363819793,11312.906502038339,10518.845843908042,1.080340177068189,1.3155946306720128,0.9048695433097513,4.2561225427013305,336.0,3612.468208051567,3.0,1.0,0,308.02601768687646,559.8088230574843,217.2319536981836,0.2509415957619375,5619.540202893486,0.5237493921639894,0.0010582280433132029,0.006828786910607541,2294.01084676208,0.6385022553162071,39.519325074140966,0.6385022553162071,0.509090909090909,13634.616533600252,293.02361323367296,1.0,34980.94323083641,0.7333157761853341,0.6632877731808196,0.4172867225811677,0.5022863169217233,0.22805310262749934,0.3016573514646975,0.33766575449790037,0.4646806750615978,0.5199135259957068,0.33222913351931355,0.5363199110354662,14108.173229677925,10965.750285919481,0.0004252853932483911,31.057130326613652,1,2795.2667276395864,11312.906502038339,10518.845843908042,0.2122065907891938,6,4.85648027636427,0.17812373,0.4682177,-32921.27,True,Neutral,60
23b0150c-4140-4803-afba-695c7ef2a748,TradeHalo Bellandur Candidate,12.959997268159904,77.55482353851764,False,True,13188.481868477653,268,466.4471291657899,0.10614886764736872,894.6599215399801,0.15839591144270607,54.97412191002677,7,0.24757435592072607,1.0276315702094323,33.25495627383239,0.0005307661692837441,9558.579501860439,0.017916888295322973,0.4285714285714286,2.9798342342779724,4.13104418228298,0.2523307057457973,3327.8589375886177,1663929.4687943088,9860.622930889036,12370.274804438228,0.9623547821404269,1.1602438596020561,0.8877520913344549,3.644901139359791,311.5,4189.62910343409,3.0,0.3333333333333333,0,323.4172130967136,330.9046811983328,506.8838248994341,0.2529083615944132,5045.266418672141,0.48289587240035364,0.0006087484821888305,0.007707447197221769,2510.482422548758,0.09592632068143245,72.05761796240188,0.09592632068143245,0.38095238095238093,20696.949999920682,305.8175109944256,1.0,0.0,0.660558905059106,0.5791207614412746,0.3106086336744762,0.6178560796489523,0.199148914965557,0.20587965690296514,0.5076854054443299,0.46413972120466374,0.3649991719883822,0.32146757094198936,0.4980319724850672,13188.481868477653,9558.579501860439,0.0005307661692837441,33.25495627383239,1,3327.8589375886177,9860.622930889036,12370.274804438228,0.24757435592072607,7,4.13104418228298,0.32857072,0.46361122,-28223.443,True,Neutral,61
a6a8f7f1-f3e8-49e0-93d6-b914c3157487,TradeHalo Yelahanka Candidate,13.023782091846035,77.55653737764916,False,True,12046.147336376533,260,426.0453097327986,0.062067379617760494,917.248769044329,0.48229107214214,51.734819814250336,11,0.3890454164468553,0.43369206982102704,36.36132782884346,0.0009131550273158777,7057.546922198954,0.029430884527330982,0.4545454545454546,3.314003350235089,4.479314726261636,0.22467397923275634,2706.4558564877843,1353227.9282438923,9339.691479888748,22833.15836965714,1.1195386874425253,1.1701461655713743,0.7563112610970457,6.472587196455604,350.0,3434.399227689246,3.0,0.3333333333333333,0,349.95040670956314,611.6932004661943,840.4284950816519,0.2441801215579823,5816.899279084726,0.49102796780683955,0.001168991640264055,0.006563394825115332,245.6437322379607,0.37401300693636286,88.05795349718178,0.37401300693636286,0.5769230769230769,16445.415597407708,336.1780456351138,1.0,0.0,0.4976835688651059,0.44330024925733424,0.3718447414977818,0.5541541899371853,0.26767032953789766,0.175358552236593,0.5616227683925804,0.44955094075638014,0.3610013240235182,0.2775528130786417,0.34179020569272284,12046.147336376533,7057.546922198954,0.0009131550273158777,36.36132782884346,1,2706.4558564877843,9339.691479888748,22833.15836965714,0.3890454164468553,11,4.479314726261636,0.8805939,0.41347164,-27398.682,True,Neutral,62
0a0d58c2-263e-4f5b-b8d3-960a9aeb638b,TradeHalo Marathahalli Candidate,12.861587516067315,77.51250710398934,False,True,10026.776845523176,192,354.62468849875,0.5238479812393332,937.2729577206632,0.064784562301214,59.98957741173197,5,0.17683882565766149,0.8382293684756633,24.882708023086945,0.000498664733147266,7528.479322131915,0.021770997310248126,0.8,3.0612912436012643,4.6137822622112195,0.21482588401652794,2154.0111996759697,1077005.599837985,7872.7656458472065,14070.928100956502,0.8885610567829284,1.1703498847196445,0.7172654303038069,5.124142904857012,343.0,3094.853073434096,3.5999999999999996,2.0,0,202.02956669291342,101.79134418009576,323.2698333295898,0.26972758378793166,4675.731903907856,0.5305948263942647,0.0002771798099738618,0.008427345111719478,252.1602957822599,0.271459164147664,28.588810168646095,0.271459164147664,0.25862068965517243,18671.52235966814,1005.4359234979484,1.0,19930.336896129804,0.5125112338584242,0.6749934935831757,0.39916240768242195,0.5224588503583225,0.25657990606009173,0.3210842627139779,0.40250132621612433,0.4475077866093303,0.44738529879813765,0.30713495433261057,0.4470387881716074,10026.776845523176,7528.479322131915,0.000498664733147266,24.882708023086945,1,2154.0111996759697,7872.7656458472065,14070.928100956502,0.17683882565766149,5,4.6137822622112195,0.44938377,0.676841,-22243.695,True,Neutral,63
9d624e12-2d93-4a9d-93cf-e5157f13b70a,TradeHalo Basavanagudi Candidate,13.087350905931018,77.4948161128135,False,True,12207.87281149485,254,431.76517835256874,0.0871128039855534,746.9652091230297,0.2191431996161794,53.97894340653443,10,0.35367765131532297,1.382446397131939,30.148994332963543,0.0008191435276573383,7288.7639414722635,0.026650321000636606,0.19999999999999996,2.80934933621104,4.624619259783569,0.21405126142819172,2613.110574655398,1306555.2873276991,9594.762236839451,8927.02319415046,1.323850502575654,1.0865636936048741,0.916176194221812,3.247953816837598,346.5,962.7317733009584,3.0,2.0,0,309.4436796699876,132.3513178023812,49.06984331726243,0.2584277973581995,6836.132048283628,0.5077179857385655,0.0002646984274855727,0.0019254329364794258,1779.5798579517982,0.28711234486867754,27.582145378277353,0.28711234486867754,0.25,11912.261438287635,652.5452469225211,1.0,11104.83361023444,0.6527498318506828,0.5313362320851313,0.3914461745086834,0.5954026828072395,0.23741064725252115,0.27693777838934364,0.34485406192047663,0.44688885797214833,0.45054628351717135,0.31719747357252764,0.4828396410265605,12207.87281149485,7288.7639414722635,0.0008191435276573383,30.148994332963543,1,2613.110574655398,9594.762236839451,8927.02319415046,0.35367765131532297,10,4.624619259783569,0.3030857,0.6531312,-31550.877,True,Neutral,64
a7da7232-e64e-421c-85fc-d6bd1beb4847,TradeHalo Koramangala Candidate,13.149079996472487,77.6976806341649,False,True,6469.895797828392,128,228.82575500308232,0.903260908385593,830.057090090132,0.22027319853251107,57.614362115147436,4,0.1414710605261292,0.5081180652093003,25.2154504122071,0.0006182479787916511,4332.520255756499,0.022402434539032037,0.0,2.9538158573389306,6.811748494260343,0.0,0.0,0.0,6469.895797828392,7606.796387208545,1.2730887898680552,1.067914858898096,0.9666645554414571,3.7071965111578744,339.5,4391.7152153372535,3.5999999999999996,2.0,0,130.79772703499503,452.6212562975661,305.58151310715454,0.24485294697509727,6601.422541630969,0.49354878984202855,0.0017603851866039527,0.01708074974671591,2666.4727727537747,0.08131600742230029,19.18746967597823,0.08131600742230029,0.46,14556.351010472878,253.25134811679948,1.0,7477.517179251548,0.29900858827126214,0.5787377637292013,0.6987794486992562,0.6061776422966074,0.24050851358341666,0.2788089794118801,0.3620568890089931,0.4410914495877436,0.6806962121643306,0.30880438318001247,0.4529783521210168,6469.895797828392,4332.520255756499,0.0006182479787916511,25.2154504122071,0,0.0,6469.895797828392,7606.796387208545,0.1414710605261292,4,6.811748494260343,0.39354384,0.33701092,-30517.377,True,Neutral,65
7e7b1344-4a8c-4765-bc7c-37a58760839e,TradeHalo Malleshwaram Candidate,12.95390042817657,77.49199813738026,False,True,12666.851971208278,242,447.9982454735813,0.17210406119584476,848.4635714297415,0.14131054876914245,60.849921641833824,12,0.4244131815783876,0.7877257952042739,32.57971039779522,0.0009473545619129338,7047.42941176956,0.02631557095453129,0.5,2.226446548039811,4.851107593099241,0.19848616790791676,2514.1949072219727,1257097.4536109862,10152.657063986306,10653.19342492919,1.4310265744577961,1.1556524920228708,0.9393679348284047,6.064819499775623,381.5,4260.304806651036,4.5,1.0,0,264.8012796196266,706.4957160719329,770.1508434925025,0.2532209201252916,7374.65074013678,0.5084736367632553,0.0014329699207413556,0.008641083735176072,76.0471353191936,0.25989034188895205,83.01640153606981,0.25989034188895205,0.2571428571428571,10876.914083187308,871.0302814183734,1.0,0.0,0.6792395547172277,0.47084641919468,0.420372174889179,0.49352477275793066,0.4044404065628558,0.2832963364249462,0.49506670435570455,0.43976669853376155,0.4692283937228312,0.32297641790586806,0.5034002114763707,12666.851971208278,7047.42941176956,0.0009473545619129338,32.57971039779522,1,2514.1949072219727,10152.657063986306,10653.19342492919,0.4244131815783876,12,4.851107593099241,0.18523264,0.4868886,-27987.443,True,Neutral,66
fe5078a2-9f8a-44e7-a747-dd01137c9a9b,TradeHalo Jayanagar Candidate,13.099812963552866,77.54173955393063,False,True,12803.659321390034,238,452.8368157030769,0.12358291359238006,927.1266484143827,0.22745409052549875,59.706805010695646,11,0.3890454164468553,1.2088842857811792,32.89145525513593,0.000859129388238501,8345.806161485532,0.024723531043343114,-0.09090909090909083,2.510548832846918,4.288573588077074,0.23942273366525552,3065.4871156458325,1532743.5578229162,9738.172205744202,13025.361773203562,1.345025545255954,1.0693814747551011,0.7123545099750961,3.103367452070111,343.0,292.3395568511942,3.0,1.0,0,285.6125941241774,38.40093211440145,31.42709319889031,0.25055103864987477,6947.534477053498,0.5125531483171614,8.10420821162803e-05,0.0006169591483245889,725.3014073921946,1.107466337782368,21.98836295531258,1.107466337782368,0.46153846153846156,9575.055953546722,471.7207843597208,1.0,0.0,0.6206211059596937,0.4731003545627898,0.3388887428916135,0.5566037082800779,0.16704327517959672,0.24253495451873655,0.3935672913932114,0.4392088870731149,0.3856706976269676,0.2814333209661326,0.3555964393574935,12803.659321390034,8345.806161485532,0.000859129388238501,32.89145525513593,1,3065.4871156458325,9738.172205744202,13025.361773203562,0.3890454164468553,11,4.288573588077074,0.77365863,0.6727171,-30850.729,True,Neutral,67
015121ac-8857-4531-a9e7-c099ae236579,TradeHalo Hebbal Candidate,13.082414931708431,77.66778295687122,False,True,12544.843269672168,269,443.68307037364895,0.19161505185955266,931.2615504075039,0.12576620321328336,52.43963219431737,7,0.24757435592072607,1.4219288442197817,32.02082516690828,0.0005579982028889014,9640.77370609095,0.030917966844291954,0.0,1.7180175441969536,5.956490810379374,0.1373123615951367,1722.5620551995419,861281.0275997709,10822.281214472627,18506.73510264747,1.4473837528438243,1.12890286477637,0.6392683130513122,6.528783970450264,318.5,2231.6419869411743,3.0,0.3333333333333333,0,297.04907516291894,205.16549216602667,106.7608985643608,0.2474889621352938,7461.182780962809,0.48380758039578653,0.00038254631098003826,0.0041610623722319814,62.65707866249755,0.9238360038610984,63.348395575916776,0.9238360038610984,0.4444444444444444,16751.91804003974,242.8797049935249,1.0,9183.139376656947,0.6144949127246484,0.6547492299115061,0.5443979933521191,0.43669526533344294,0.1489661456461217,0.18533556002267457,0.459912776129561,0.4391653770217516,0.5974277946949075,0.3072484318922496,0.4474425233911994,12544.843269672168,9640.77370609095,0.0005579982028889014,32.02082516690828,1,1722.5620551995419,10822.281214472627,18506.73510264747,0.24757435592072607,7,5.956490810379374,0.4060568,0.3926636,-24092.861,True,Neutral,68
65bc7a68-3c17-42b7-b13e-90d498a0237d,TradeHalo Frazer Town Candidate,12.979748936061798,77.5502641126882,False,True,15934.809257714995,287,563.5785912426304,0.14851882837573324,1020.3809351730667,0.2047748001432699,62.7416249666208,6,0.2122065907891938,0.7795478291142521,33.814698902754024,0.00037653415883186935,12891.357350365339,0.015313719890642535,0.33333333333333326,3.408423109666447,3.5259197982060666,0.3087243104870162,4919.463000830185,2459731.5004150923,11015.34625688481,19299.777452767998,1.067348638683125,1.1472848456951779,0.7243401239682912,6.623335932370919,325.5,3084.882020395903,3.0,0.3333333333333333,0,337.4468804857939,89.74461149376845,144.87177983264692,0.253424533558727,5566.752961177766,0.49971510016727533,0.00015556500550402923,0.005347392790435023,16.13898253845763,0.1155266473379075,84.29607149865674,0.1155266473379075,0.75,10926.911566676474,1133.2918350969958,1.0,18589.206835957615,0.7427639968309956,0.602223984663734,0.16316619628911921,0.5192802321869923,0.17508620622990673,0.1918794470403202,0.582036364267788,0.43662899115131726,0.2957894599153025,0.29878951917895086,0.4173470490729614,15934.809257714995,12891.357350365339,0.00037653415883186935,33.814698902754024,1,4919.463000830185,11015.34625688481,19299.777452767998,0.2122065907891938,6,3.5259197982060666,0.51375675,0.5179406,-28334.287,True,Neutral,69
ec6bb1b7-4d21-4857-b649-98c707b0e4c7,TradeHalo Banashankari Candidate,13.026527800268376,77.6657326913937,False,True,12216.042979827458,247,432.0541389472415,0.26272533367218187,904.1916872187555,0.14375642623900117,56.24303376751116,6,0.2122065907891938,0.7262058773830201,32.82849329983827,0.0004911574075097717,9292.44619569843,0.029300257248576992,0.16666666666666674,2.130007836694644,4.1128696306535995,0.25386401139309706,3101.2136742094813,1550606.8371047406,9114.829305617977,14547.943556195336,0.7873616781804852,1.2187747642526425,0.647241134274399,4.779110238592283,350.0,2257.233892940739,3.0,2.0,1,266.06369027540603,346.7853098130874,409.9552960756757,0.2443821050513479,4163.361215778704,0.4954665928467321,0.000717247249645868,0.004668579538134984,34.94716877837246,0.26776375657069323,29.650097236434373,0.26776375657069323,0.3870967741935484,18046.45555727343,277.09821935403653,1.0,20995.58460180071,0.6099052303594314,0.634431959613647,0.31528348390261235,0.49787004014247493,0.38197580283802496,0.13352953174363508,0.35334536564933006,0.4363500940410265,0.34176503645530193,0.29851162578545504,0.41635834830601615,12216.042979827458,9292.44619569843,0.0004911574075097717,32.82849329983827,1,3101.2136742094813,9114.829305617977,14547.943556195336,0.2122065907891938,6,4.1128696306535995,0.51631707,0.47578442,-22727.98,True,Neutral,70
c088c68f-99a6-470e-87f5-3f6be89aa80f,TradeHalo Bellandur Candidate,12.91002964358592,77.57312310255303,False,True,13849.205360418604,265,489.81544244564327,0.1893129414030653,873.1923001848843,0.3797494397128315,57.77301423417491,7,0.24757435592072607,1.1580444096309572,31.543842531672475,0.0005054441621615479,10897.22866507819,0.023851264454724935,-0.1428571428571428,1.3037405852496649,3.150020631976972,0.3499353424835705,4846.326420923385,2423163.2104616924,9002.878939495218,10243.034419127074,0.8540292533611642,1.0065656705469082,0.8313330015112808,6.514260940957594,423.5,10665.56683877844,3.5999999999999996,3.0,0,263.23354233937926,198.11152864648568,83.45826790597764,0.24457246124855914,4497.651504893662,0.49308707916553307,0.00037451598370695825,0.02016250787476965,1066.7110917621771,1.8147223911917305,24.780603930124943,1.8147223911917305,0.4583333333333333,17354.69202281412,812.2194955613451,1.0,10773.375262774947,0.6299492128708882,0.6287709644274591,0.1077433941145666,0.5740589015145849,0.4131711105026201,0.21331530197358733,0.4619387299988765,0.4120403187711749,0.1906214857880364,0.30456464517367204,0.43789403447753605,13849.205360418604,10897.22866507819,0.0005054441621615479,31.543842531672475,1,4846.326420923385,9002.878939495218,10243.034419127074,0.24757435592072607,7,3.150020631976972,0.30862546,0.19854735,-38488.23,True,Neutral,71
08465ee4-9ac0-4731-b0b7-d461a445d3e4,TradeHalo Hebbal Candidate,12.895147810116798,77.59333986076399,False,True,11581.829188080992,261,409.62341451757396,0.20707250388946544,815.7925638310387,0.18825743424885277,49.42927824572499,9,0.3183098861837907,0.7300494058008146,31.849252914502497,0.0007770793243317744,7252.981304599709,0.024590347273288977,0.4444444444444444,4.001329334597697,5.307099755816659,0.17049773753451644,1974.6756730790346,987337.8365395173,9607.153515001957,11909.392226793263,1.350039894072893,1.1139702702458263,0.7422026330918114,4.335799926672642,350.0,8315.0745677261,3.0,0.6666666666666666,0,324.382886592905,116.0466394907909,299.05046019974844,0.24676414782513906,6976.413908310619,0.49194362480853254,0.00021968950751086403,0.015741383332731677,494.8798546698401,3.65404311449362,32.165896363734625,3.65404311449362,0.37735849056603776,12422.208895473013,758.8037719083798,1.0,11647.33865753224,0.5831181083562088,0.49648290097781156,0.476539918536516,0.5012994112960356,0.23668154251355342,0.2664644314206949,0.44347142754350927,0.4082539767451375,0.5028901370733372,0.2981782429616717,0.4151722249174229,11581.829188080992,7252.981304599709,0.0007770793243317744,31.849252914502497,1,1974.6756730790346,9607.153515001957,11909.392226793263,0.3183098861837907,9,5.307099755816659,0.38058096,0.2975505,-25832.521,True,Neutral,72
7524f80b-d4ac-4ee0-8f7d-ec53e5ea94c2,TradeHalo Banashankari Candidate,13.061931317061577,77.70896712172944,False,True,13962.03662475982,256,493.8060321023572,0.09344829332727046,901.4890884325757,0.09944478618531066,63.79695504121928,12,0.4244131815783876,0.9567968712704814,32.06650754877279,0.0008594734652621948,7917.456262314554,0.026775002198981164,0.41666666666666674,4.665325083748502,3.672242382628166,0.294027848244452,4105.227585888361,2052613.7929441805,9856.809038871459,19755.228239761334,1.8854190493258047,1.111978628587787,0.8675122670278815,4.787157578711657,294.0,223.74764909336807,3.0,0.5,0,240.94515199999998,1487.3573720618776,18.67959115991761,0.2617164232288957,9653.51741337923,0.5068231045466436,0.0028991696580827333,0.0004361308233673437,348.33359956530614,1.211217402456349,57.44794251917796,1.211217402456349,0.5098039215686274,9222.788614663667,786.3328583372427,1.0,19049.92947574764,0.7478513649449848,0.4427039972662725,0.2190653994985643,0.5486990446489801,0.15985466870383572,0.3839271119120466,0.44593248311955475,0.40735108064784536,0.30572320940524267,0.2937232824289338,0.3993221795456351,13962.03662475982,7917.456262314554,0.0008594734652621948,32.06650754877279,1,4105.227585888361,9856.809038871459,19755.228239761334,0.4244131815783876,12,3.672242382628166,0.43946669,0.08926682,-28456.088,True,Neutral,73
d80ac6ea-ca83-4d0c-a050-00603bd5ba0b,TradeHalo Indiranagar Candidate,12.90559452273485,77.5929264487759,False,True,12967.070881222247,269,458.616317371,0.30420361214446423,876.0627030732848,0.1288092476758365,54.77234854445717,9,0.3183098861837907,0.0796915116979,40.138252139339926,0.0006940657672376107,8724.355669045744,0.028227477189197457,0.4444444444444444,3.550682074209208,5.340091626981127,0.16863299674580473,2186.6760217157707,1093338.0108578855,10780.394859506476,12368.589816993066,1.2496763125868149,1.1721738301332285,0.8509312240108821,5.389011358811999,392.0,18152.751108643355,3.0,1.0,0,293.4404165847933,812.5376759898078,255.30188662929987,0.25123776435165607,6480.811485723823,0.5064039371744804,0.0015259170384697605,0.03409022502007302,11.406043714726747,1.9441791835037403,10.402230333777085,1.9441791835037403,0.4117647058823529,16049.401254831431,1046.910364498397,1.0,20437.429463011253,0.6521177025467686,0.47033342450053817,0.4803803704222537,0.5078470440154551,0.3437788918532063,0.3539018976472397,0.4141555882299822,0.4019849259932256,0.4623132548050941,0.3227181000819204,0.502481157491532,12967.070881222247,8724.355669045744,0.0006940657672376107,40.138252139339926,1,2186.6760217157707,10780.394859506476,12368.589816993066,0.3183098861837907,9,5.340091626981127,0.0,0.77762127,-31387.83,True,Neutral,74
6d3b8cce-85b3-45c9-9483-1b69fa289252,TradeHalo MG Road Candidate,13.071090205295787,77.69098718256906,False,True,12838.626539765006,266,454.0735280698659,0.16211575320643457,835.2383929732614,0.13269640148056677,56.35512061070202,10,0.35367765131532297,1.1527155273677197,31.834572351690348,0.0007788995161614099,6990.233199596914,0.030315027099341328,-0.10000000000000009,2.589445622165381,4.099120584540868,0.2550301442206459,3274.2367780312816,1637118.3890156408,9564.389761733724,11097.35479652694,1.3654449565139832,1.1668462268162232,0.831649943095,6.7843302002039305,360.5,10766.258085619824,3.0,3.0,0,368.2724906820435,101.11734622159828,396.7812350549909,0.2518094244564188,7053.737636561515,0.48608561837666714,0.00018893182747242634,0.020116121428842105,1573.5568077970077,5.0346913328291185,20.221365194459352,5.0346913328291185,0.45098039215686275,16545.038955701893,912.6214168850923,1.0,0.0,0.6834308580243657,0.5109732835443366,0.30805680428653665,0.43373298613950595,0.39287097064290766,0.32712434926735356,0.5340651211768013,0.40110231366588844,0.36459373967334285,0.30627812529278314,0.44399032588842224,12838.626539765006,6990.233199596914,0.0007788995161614099,31.834572351690348,1,3274.2367780312816,9564.389761733724,11097.35479652694,0.35367765131532297,10,4.099120584540868,0.22955026,0.671507,-31211.74,True,Neutral,75
cbfb25f5-8cab-4128-84dd-5e650f04b8fb,TradeHalo Jayanagar Candidate,12.866792985029411,77.52422300436398,False,True,11682.881735884503,221,413.19741729423146,0.3131864365632491,929.7631831135496,0.10652889303733672,61.11423466805545,5,0.17683882565766149,0.45377181164420044,26.791247591003383,0.0004279765996981954,9185.70862170251,0.02993953196538049,0.3999999999999999,2.3540433052382754,3.295187271353351,0.33340551833165805,3895.1372407600334,1947568.6203800167,7787.744495124469,10715.652732316828,0.9061044379820029,1.0383007852765032,0.8831702516603193,4.926269623030472,290.5,3658.586070741144,3.0,0.5,0,270.81304464903275,107.42600740901588,174.8898177889877,0.27363260199172296,4759.218097604086,0.5239648381972306,0.00025487815827252713,0.008680334511936479,63.8400867983203,0.30363653520749156,36.0659119670711,0.30363653520749156,0.45652173913043476,16251.613306389709,893.7664647225389,1.0,10615.021783204867,0.6018071447239858,0.6902344037972006,0.17455113481721493,0.6260343723127157,0.1324610593564939,0.32274282280239286,0.462017163815657,0.3925223214472435,0.22356161000370678,0.3069611371421805,0.4464203740836558,11682.881735884503,9185.70862170251,0.0004279765996981954,26.791247591003383,1,3895.1372407600334,7787.744495124469,10715.652732316828,0.17683882565766149,5,3.295187271353351,0.17693011,0.34708595,-27565.701,True,Neutral,76
88df4002-5adc-4ff4-ad84-63213f547c3d,TradeHalo Yelahanka Candidate,12.852018003847252,77.5000511539437,False,True,7034.552750029159,141,248.79640946840593,1.171314575205917,790.8075668393229,0.20700170244441082,57.16037604270989,5,0.17683882565766149,0.8660954084508088,24.025681688401093,0.0007107772416631994,4431.933303315816,0.017492183727258186,1.0,4.283612151239107,6.331945780871073,0.0,0.0,0.0,7034.552750029159,8643.114796877717,1.0927354805926297,1.1648551624462968,0.7821868601940207,6.044992128442893,357.0,9766.77197356968,3.0,0.5,0,160.0242597258649,219.4695653310618,59.73575550136838,0.2585535903135194,5695.246635169265,0.5325656386786987,0.0007955014309379688,0.035401177693588415,437.4941721381401,0.5368717204717722,27.359701142863415,0.5368717204717722,0.5526315789473685,16495.85231381986,380.5361567107029,1.0,0.0,0.3183814790369891,0.6001920061079324,0.7007302976985825,0.4469670770158126,0.14645822159661248,0.39584657678454044,0.45181052584281806,0.39200152116332976,0.7473433662028155,0.2875111450726949,0.37722037679595904,7034.552750029159,4431.933303315816,0.0007107772416631994,24.025681688401093,0,0.0,7034.552750029159,8643.114796877717,0.17683882565766149,5,6.331945780871073,0.4511261,0.5168604,-29919.205,True,Neutral,77
8d309455-833a-40fe-9ae1-a314099cb7e4,TradeHalo Ulsoor Candidate,13.053323667822394,77.73264205758122,False,True,10599.749237494529,237,374.88944148484507,0.2981642553670101,761.0627965106149,0.09805511306987294,53.55222838965552,13,0.45978094670991987,0.2603166952147917,34.48800152740843,0.0012264441081318279,4332.715995469652,0.025913571463372163,0.3846153846153846,4.506320269619043,4.5119717372126,0.22224151588314964,2355.7043385220436,1177852.1692610218,8244.044898972485,8263.177694823096,1.2775176995769828,1.0750691518638245,0.8660199367819105,4.409855504483281,273.0,3258.770208170173,3.0,3.0,1,285.184007992088,1101.3007673640154,138.83666856159883,0.25277586880305475,6621.636219434762,0.4884458143450905,0.0022809438122485953,0.006749356726280163,1248.5690557894172,0.4315233588912554,24.993851457807455,0.4315233588912554,0.7291666666666666,12557.286628159387,1020.0268214549267,1.0,10317.04471500641,0.601572216190794,0.30418298925641185,0.38360794569402096,0.5447011541288915,0.4154652068486049,0.26333556345258596,0.4958946001726492,0.389346926613338,0.33849039492541066,0.292856714369542,0.3962390673703044,10599.749237494529,4332.715995469652,0.0012264441081318279,34.48800152740843,1,2355.7043385220436,8244.044898972485,8263.177694823096,0.45978094670991987,13,4.5119717372126,0.36177835,0.47659084,-30267.05,True,Neutral,78
8dd01b62-9713-498a-bfb0-4e3bb4bb0c44,TradeHalo Marathahalli Candidate,12.990864930386216,77.5506735944038,False,True,13261.438461437865,269,469.02744081040345,0.22024463769576308,930.0341982354163,0.07321292888915576,56.324026530498166,8,0.2829421210522584,0.786759289273928,33.75402167687873,0.0006032528087554541,8906.214570619235,0.03172730520953418,0.375,1.8513397162213925,3.460527237751909,0.3155276130584972,4184.350023459639,2092175.0117298192,9077.088437978226,11792.065417277425,1.3107320975452277,0.9118146474707525,0.7750540777403069,5.491769419616747,318.5,6875.911210735451,3.0,2.0,0,312.1817615241711,123.50601201632676,86.25217478988714,0.2493691125388599,6781.4371651810325,0.4991994566151627,0.0002295035616552711,0.012777079323722193,1877.4619351754711,0.4283666893743262,14.525232026528052,0.4283666893743262,0.5833333333333334,18936.689192598235,333.5029707752766,1.0,19170.91952949992,0.6747495425288417,0.6129604246827834,0.1850343350310409,0.5789330925315488,0.25299152515185047,0.25672181221383633,0.3897362975166959,0.3792615013333435,0.23221218207896643,0.3032094231850037,0.43307236886425254,13261.438461437865,8906.214570619235,0.0006032528087554541,33.75402167687873,1,4184.350023459639,9077.088437978226,11792.065417277425,0.2829421210522584,8,3.460527237751909,0.16401802,0.43833125,-31581.947,True,Neutral,79
d7fac492-1dee-44fb-baad-e4107df4f196,TradeHalo Banashankari Candidate,13.142511998562156,77.57936241366271,False,True,8583.950960258418,165,303.59516146301087,0.7188658971656866,847.7214369942617,0.2595560481734329,57.0788166312466,4,0.1414710605261292,1.7922834378833357,26.718508497266047,0.000465985886745977,6786.455004843661,0.010516004683947778,0.5,1.3375860824395178,4.543196420148068,0.21994037178322293,1887.95736556819,943978.6827840949,6695.993594690229,7430.944179743358,1.852992514442628,0.9476419256847627,0.8199353984900482,3.20438206302402,336.0,4045.987376191292,3.0,0.3333333333333333,1,205.6842062088728,499.8572612215081,5.44660722534452,0.25605111367490024,9481.371004253204,0.5044270181305546,0.001515351135479925,0.012265684707002723,2708.917394584982,0.1710695406742425,68.72745562846694,0.1710695406742425,0.3333333333333333,19543.54759754406,855.235255600041,1.0,8466.122660958437,0.3859670258413135,0.6931626953056027,0.3971734021043341,0.5359690144045972,0.2553671230464764,0.38219368403330994,0.5153311439345113,0.37864190316834834,0.3592885681681746,0.30232729467543534,0.42993389506686214,8583.950960258418,6786.455004843661,0.000465985886745977,26.718508497266047,1,1887.95736556819,6695.993594690229,7430.944179743358,0.1414710605261292,4,4.543196420148068,0.17347392,0.3345759,-26612.014,True,Neutral,80
3714ca2c-e3f2-48d6-b2f4-68b7f09dbc48,TradeHalo JP Nagar Candidate,12.867532009247329,77.5249528235967,False,True,11607.158288272452,223,410.5192481841386,0.2418897965723471,936.8137305180111,0.1544852891661239,60.08773840251678,5,0.17683882565766149,0.3412320793296507,27.652961467965543,0.00043076865808333635,9109.98517409046,0.02993953196538049,0.3999999999999999,2.3540433052382754,3.1811431304404376,0.34632382075085383,4019.835406454456,2009917.703227228,7587.322881817996,9644.359113252418,1.240573978195844,1.0486474251136535,0.8176391600599275,7.751131959705965,346.5,1202.2362143205924,3.0,3.0,0,264.02766659184726,58.07575233567376,25.758225091179597,0.27302828338294144,6434.6657268228155,0.5248718652811422,0.00013708642443132675,0.0028378498308635333,897.6982379449267,0.4449966545332392,25.278095766387185,0.4449966545332392,0.24074074074074073,13160.22370346585,660.1683537608792,1.0,8469.167718565104,0.5838091691221139,0.6793194643292715,0.15255870205142003,0.4562451060534599,0.2571249806458476,0.3499783935509737,0.3572006265528079,0.37719298540550134,0.18659434283923337,0.2731097898488815,0.32598263135797856,11607.158288272452,9109.98517409046,0.00043076865808333635,27.652961467965543,1,4019.835406454456,7587.322881817996,9644.359113252418,0.17683882565766149,5,3.1811431304404376,0.5820344,0.5388201,-30277.297,True,Neutral,81
d19a0261-6ff8-4c94-aed9-e066cf1d9188,TradeHalo JP Nagar Candidate,12.99049393326846,77.55440419799078,False,True,13483.882852096574,280,476.8948017740475,0.10736149391119526,941.7857420843357,0.1685375521313991,55.48371646799583,9,0.3183098861837907,0.4766834693576871,34.81879067217078,0.0006674635265464809,8567.513829402455,0.03216913176371928,0.4444444444444444,2.695359687005617,3.0550442266415683,0.3611911080488847,4870.258588150117,2435129.294075059,8613.624263946458,15568.138318440842,0.6597619424970442,1.1240507993413889,0.8609100334599197,3.4923657093102785,315.0,2845.926959783959,3.0,1.5,0,321.0225637561517,52.1144109505076,13.438077026427528,0.24698443645674795,3525.19654816266,0.4967114837033385,9.252578246209886e-05,0.005052760147938085,1950.4649024086289,0.48760480568707026,53.81721311304082,0.48760480568707026,0.390625,14676.62615608652,338.51129855831374,1.0,0.0,0.662232859599669,0.5532358755955712,0.09185759590993138,0.6978107743352939,0.20351097967275478,0.15791510362073416,0.4463616211711841,0.37489407479216,0.13451452493344002,0.29606390609961264,0.4076497485792803,13483.882852096574,8567.513829402455,0.0006674635265464809,34.81879067217078,1,4870.258588150117,8613.624263946458,15568.138318440842,0.3183098861837907,9,3.0550442266415683,0.24387138,0.2726835,-23547.186,True,Neutral,82
f3050ee4-241d-4cf0-b3ca-dd1496841a4d,TradeHalo Marathahalli Candidate,13.0552852282107,77.61862717552064,False,True,13850.673063074468,263,489.8673518084588,0.03344683182096334,884.78881860863,0.020250593963487055,61.203618806488144,15,0.5305164769729844,1.1920946017884095,36.6931448653952,0.0010829798618227158,6151.689952622094,0.02911121234787032,0.33333333333333326,3.3269547894953106,3.3690988576245573,0.32529170266613555,4505.509023759473,2252754.5118797366,9345.164039314994,11605.708723710946,1.524723915286952,1.1418207367042297,0.9023908214576507,3.407201819477152,343.0,2120.482100045152,3.5999999999999996,0.5,0,328.5741495500249,104.4610203927874,934.9655187990702,0.25603398127363075,7847.5534391076935,0.4897100443309928,0.00019789373406705314,0.00401709766209842,112.22090364197966,0.1594253485381488,39.91279520029113,0.1594253485381488,0.5,22738.222895300045,650.8723370753104,1.0,0.0,0.7686513796140492,0.3691412368973538,0.15720983173789155,0.5588856695490005,0.28457744649422684,0.2243442505177701,0.525036754855667,0.3748774492910841,0.20075553326800502,0.288011691627649,0.37900124231618376,13850.673063074468,6151.689952622094,0.0010829798618227158,36.6931448653952,1,4505.509023759473,9345.164039314994,11605.708723710946,0.5305164769729844,15,3.3690988576245573,0.35838228,0.4123395,-32630.627,True,Neutral,83
787cc712-770b-4280-b3ec-5c698b177963,TradeHalo Frazer Town Candidate,12.862626548418216,77.47511419857082,False,True,8888.292335637772,198,314.3590357472354,0.48934525749126895,841.9655249496691,0.08706897201140108,51.803157248455925,9,0.3183098861837907,0.49422178465937605,24.118561069908093,0.0010125679557044195,4432.293928363813,0.029687443642427307,0.6666666666666667,2.688435206131268,5.51213308669094,0.1592344402780608,1415.3222550930584,707661.1275465292,7472.970080544714,7422.365087271624,1.4253177270403838,1.2038892299027961,0.9355712447919879,4.252254875752508,381.5,6262.254663877024,3.0,1.5,0,213.18123524666268,5.831607958625134,141.51556526146734,0.24807296304588203,7353.770557083849,0.5194260555724107,1.4621615132921477e-05,0.015701377426122397,839.0182708303188,0.5952078686112324,27.00467500963918,0.5952078686112324,0.3829787234042553,14970.083895900552,289.047594851192,1.0,32839.34508678416,0.46238322534761883,0.5399583257866967,0.49540141053695297,0.4923525995980961,0.2128920595050329,0.290875488847916,0.2994871255135131,0.37305428821362024,0.5305341091378041,0.2743597898641726,0.33042993382261404,8888.292335637772,4432.293928363813,0.0010125679557044195,24.118561069908093,1,1415.3222550930584,7472.970080544714,7422.365087271624,0.3183098861837907,9,5.51213308669094,0.5435517,0.3811353,-31266.676,True,Neutral,84
3de9fb56-de56-43e4-95f8-76a4466ba974,TradeHalo Banashankari Candidate,13.041622346465813,77.7366897355697,False,True,11343.37279284582,216,401.1897447367845,0.5148085827508142,866.0081522871317,0.20008337084324768,64.01293966071073,10,0.35367765131532297,0.7932816331698047,29.294812341582254,0.0008815720141285426,6598.492951426973,0.02198362893153462,0.3999999999999999,3.441498379790859,5.882990228668916,0.14071809123947046,1596.2177676270048,798108.8838135024,9747.155025218814,12980.809732000384,1.3581841943207102,1.136637475235949,0.6531444395359658,4.356934226569767,388.5,1624.653340348381,3.5999999999999996,0.6666666666666666,0,249.9235275362407,318.3216019400737,31.7533596033829,0.247431154812581,7027.527056211055,0.48547598203570536,0.000713273242757255,0.00364041192732139,1369.0878103801476,0.1934483415816686,55.3410560236818,0.1934483415816686,0.5,13272.222554089942,242.46567605286117,1.0,7051.157165580793,0.5856198665060826,0.4746480436365649,0.5339150088229772,0.46114374736551794,0.23209335659590163,0.1980379357303761,0.4310207348100557,0.3711299645005294,0.5862195906244896,0.2897200091942281,0.3850791661812151,11343.37279284582,6598.492951426973,0.0008815720141285426,29.294812341582254,1,1596.2177676270048,9747.155025218814,12980.809732000384,0.35367765131532297,10,5.882990228668916,0.31533316,0.12942043,-28087.701,True,Neutral,85
217fe743-057a-4904-8e0a-977ea08d5ffb,TradeHalo Frazer Town Candidate,13.0535292420633,77.73026653470657,False,True,11121.090840772336,250,393.32812886287104,0.19013044039301127,742.5641286592273,0.13651779558132038,52.9367482046957,13,0.45978094670991987,0.4923180923858347,32.95889476038027,0.001168950077481534,4977.900647127172,0.025752881833373244,0.3076923076923077,4.239210101351225,4.429548854855099,0.2284320961661398,2540.4140924116828,1270207.0462058415,8580.676748360653,13139.127312263789,1.60688548728258,1.116114938378912,0.8960763993067618,4.249264931294619,339.5,2734.8817511343423,3.5999999999999996,1.0,1,278.97152490139246,44.567052100272925,660.0940117342669,0.25128003251838005,8269.399018445536,0.4905436038953761,8.731355204831554e-05,0.005358044314584459,456.2468431390535,1.1077262059109172,56.50079068773579,1.1077262059109172,0.28,8395.241435511914,100.0,1.0,11887.474569975597,0.6287527788033417,0.33452163071690055,0.3698037613931736,0.5474144836142604,0.3883816522883158,0.23556339081425284,0.3358351416344417,0.3636484784541209,0.3600255591911369,0.28463065998323905,0.36697206617117917,11121.090840772336,4977.900647127172,0.001168950077481534,32.95889476038027,1,2540.4140924116828,8580.676748360653,13139.127312263789,0.45978094670991987,13,4.429548854855099,0.35035414,0.39986563,-27432.12,True,Neutral,86
d3fcd20f-ba33-49ce-8f69-eda9d9511ce7,TradeHalo Frazer Town Candidate,13.119380350117506,77.50764073501438,False,True,10981.508983753658,241,388.3914305272113,0.23490992969494406,787.871295610573,0.20059566744739285,51.01535042960995,14,0.49514871184145215,0.7999299112707038,31.387188952009005,0.0012748703316376629,3936.2975982213,0.027151250190482396,0.3571428571428572,2.040368956810006,3.285022343775685,0.33453711533190783,3673.7223374163796,1836861.1687081899,7307.786646337278,11580.895865573275,0.7709897218040653,1.0432767022299232,0.9493302130402739,8.09367590103319,343.0,6570.433587889136,3.0,1.0,0,271.59867918938124,1148.8849310531116,313.5975623988077,0.2519956720389452,4073.942882150604,0.5152567753260168,0.0023925562988328197,0.013682947562343955,344.3158697895297,4.621717123345544,20.914665185100073,4.621717123345544,0.2542372881355932,20195.93712757861,353.9193399156238,1.0,29153.289439361502,0.5634399474490179,0.37531412304924855,0.1834779591647719,0.5853057099612515,0.2635784377527096,0.33372596217610306,0.36765631686437905,0.345712013942691,0.15986737558309846,0.25609306506926666,0.2654398144566669,10981.508983753658,3936.2975982213,0.0012748703316376629,31.387188952009005,1,3673.7223374163796,7307.786646337278,11580.895865573275,0.49514871184145215,14,3.285022343775685,0.6668008,0.6326962,-30156.365,True,Neutral,87
0c13df67-06c0-46fe-a344-91c179e9eccc,TradeHalo Hebbal Candidate,12.854004558048429,77.55211539330271,False,True,9413.893721503446,160,332.9483821153404,1.1656187128028308,927.998358943396,0.29327064814581427,69.02486055384152,4,0.1414710605261292,1.2173375252487804,24.64482161642062,0.00042490388338069956,7886.988022650368,0.014784146686216689,-0.5,1.6368553036613247,3.9229177323406366,0.27045778813939525,2546.060873697162,1273030.436848581,6867.832847806283,11302.036658910742,1.0215952485592759,1.1980668267746264,0.8694247036832349,6.327109201902496,346.5,4050.161580318328,3.0,1.0,0,205.42380191857222,749.536124662528,853.3216460021079,0.2532004450625736,5332.019140661342,0.4955954898796995,0.0023735034336559288,0.01282536238273382,1093.900368019744,0.20869534520997357,10.667430440138727,0.20869534520997357,0.6326530612244898,12022.787734487047,1058.3586260150896,1.0,0.0,0.40622232632335054,0.6278219398537315,0.31060102864814293,0.4958156092862914,0.23333284909541746,0.26922455672500306,0.4742607072688683,0.3259082185084896,0.316200508429077,0.2649865478631839,0.2970814204284644,9413.893721503446,7886.988022650368,0.00042490388338069956,24.64482161642062,1,2546.060873697162,6867.832847806283,11302.036658910742,0.1414710605261292,4,3.9229177323406366,0.4412154,0.6091757,-30500.742,True,Neutral,88
dcc81bb1-89e3-46bb-9cb3-c62a6d9f3985,TradeHalo Indiranagar Candidate,13.004273354291964,77.74909215789208,False,True,6891.275661870024,138,243.7290190656638,1.2412978683540694,679.6843430243409,0.07158338423460511,60.860310673829886,9,0.3183098861837907,0.22376682049195581,30.008634146128692,0.0013059991272439898,2035.4042880269444,0.018875029008147394,0.4444444444444444,2.5633281530750724,9.808974189050332,0.0,0.0,0.0,6891.275661870024,5875.15285979357,1.2034244781939851,1.1382638831998833,0.78603580834814,5.889348989249068,339.5,6844.616052620875,3.5999999999999996,0.5,0,143.79263215992816,122.9573314004158,41.54471735665824,0.2506067432522283,6254.057262035392,0.46873633630286865,0.00043844462585506793,0.024406719714338266,999.5107490274136,0.4659281681073946,43.178151854342445,0.4659281681073946,0.2978723404255319,14525.596061002478,563.3870639260224,1.0,31096.311959625047,0.4130147169465162,0.38417724918665347,0.75079819808588,0.4243434942466747,0.1565689458476658,0.21518416470505225,0.33753834595787124,0.32386019056382576,0.62160638166777,0.2595783790065532,0.27784001051563517,6891.275661870024,2035.4042880269444,0.0013059991272439898,30.008634146128692,0,0.0,6891.275661870024,5875.15285979357,0.3183098861837907,9,9.808974189050332,0.5079409,0.51175284,-25554.096,True,Neutral,89
7eac1184-26f5-434c-bbfa-05da9e773dbd,TradeHalo Bellandur Candidate,13.10672085846993,77.61842990855494,False,True,13147.250741114316,244,464.98887633709506,0.35169393464742915,878.2614046267424,0.056385925899197865,60.17329154283796,14,0.49514871184145215,1.2406063846091357,34.43708701127178,0.0010648614129050533,6817.771387400433,0.02649805104193275,0.2857142857142858,3.488232441115616,4.060726516309915,0.2583150008060788,3396.1320857886644,1698066.0428943322,9751.118655325652,12072.76472629842,1.1609867438211232,1.265905137663478,0.8890647907069773,6.3861231664225135,343.0,8504.092911406551,3.0,0.3333333333333333,0,236.11952896151647,159.96971666029506,71.42054631805082,0.25680577876269745,6027.789785715077,0.5018295246540213,0.00032954340414704267,0.01751873908209047,1650.0480707770737,2.4575223591588475,74.17844589025253,2.4575223591588475,0.2777777777777778,17551.97000260186,1515.952674723675,1.0,11071.704303261507,0.688161389384601,0.3912459054301824,0.29905537746613836,0.4604399100706152,0.16031333639014472,0.31948457173673817,0.5917265863416021,0.3163820123268983,0.3408403891531723,0.2762274255961494,0.337074686536419,13147.250741114316,6817.771387400433,0.0010648614129050533,34.43708701127178,1,3396.1320857886644,9751.118655325652,12072.76472629842,0.49514871184145215,14,4.060726516309915,0.23361132,0.49507058,-27789.17,True,Neutral,90
eb82f7df-e5e9-4e69-8d2d-df58aab56db6,TradeHalo Whitefield Candidate,13.094055654070816,77.60888447376473,False,True,14163.220175386126,257,500.9214446692362,0.10631946735492746,828.1993870751185,0.13029862254689067,60.92656679813938,15,0.5305164769729844,0.5298830669715687,39.782057059568295,0.0010590811845224359,7200.409931655993,0.02322675431754112,0.2666666666666666,4.020240888232585,3.106886200826652,0.3550031083573404,5027.987186611471,2513993.5933057354,9135.232988774656,11889.880840727537,0.8211689167774548,1.1486832141951946,0.8100301496231039,2.6309300215684353,360.5,5712.801163459207,3.0,3.0,0,345.43521679973895,103.9489000871009,301.7838241121273,0.25260517936747084,4327.217288459031,0.5020558888597505,0.00020293265662872832,0.011152729042068306,317.9086811649074,1.0089550190655774,29.331938086095928,1.0089550190655774,0.23214285714285715,9234.948840616154,270.11161277212506,1.0,0.0,0.7520410426101029,0.287879622543203,0.09207258117339451,0.6332691721962405,0.349874020773727,0.206140680711084,0.33032630288881365,0.30671639083579744,0.12381597639958475,0.2708130199028762,0.3178110869446839,14163.220175386126,7200.409931655993,0.0010590811845224359,39.782057059568295,1,5027.987186611471,9135.232988774656,11889.880840727537,0.5305164769729844,15,3.106886200826652,0.2623376,0.4491997,-31329.52,True,Neutral,91
ce7f2251-ea75-42ac-aa6a-8e6ae7a96042,TradeHalo Electronic City Candidate,13.080568857985662,77.60709763202121,False,True,13249.872723572165,271,468.6183865099965,0.14118538751547716,848.3697087594154,0.1657634701290808,54.63793776447509,14,0.49514871184145215,0.5304128458704951,38.848868733981284,0.0010566139231732636,6365.0185559304755,0.022647346444883407,0.2142857142857142,4.052382840404684,3.5285559987043262,0.3084531432526214,4086.964889283006,2043482.444641503,9162.907834289159,22674.94842406374,1.277329781121358,1.1840418354495557,0.6741735067615973,4.554913299807951,315.0,912.6229115732132,3.0,1.0,0,350.50429494029555,1151.908593417836,483.5919363106122,0.2533946847150594,6608.356577437238,0.4900051189674088,0.002113551236256798,0.0016745037705367437,924.803101443413,1.3827618775704915,78.76229800516337,1.3827618775704915,0.3064516129032258,13359.379686883693,222.25681215455603,1.0,0.0,0.6747912919312696,0.2962259708721595,0.1990739728422605,0.5464993689152279,0.2687043548792049,0.25833423952785045,0.4653915401783231,0.3020205866227972,0.20424987246709156,0.2617377899893127,0.28552285345028183,13249.872723572165,6365.0185559304755,0.0010566139231732636,38.848868733981284,1,4086.964889283006,9162.907834289159,22674.94842406374,0.49514871184145215,14,3.5285559987043262,0.3680115,0.6708723,-27807.889,True,Neutral,92
e435d05f-b140-4df6-954e-40c3b04bf8b2,TradeHalo Electronic City Candidate,13.142360356157738,77.61133191444074,False,True,8022.546667439486,156,283.7395462907569,0.6089123617836348,885.9305265241508,0.21598818581678897,57.79343318637653,8,0.2829421210522584,0.5462085608004701,29.681647164825655,0.0009971895872502687,4229.260597873027,0.023787882917533844,0.375,1.780698019489917,5.570225953815821,0.15618064129862644,1252.9664833688573,626483.2416844286,6769.580184070628,10152.372783791996,1.1782719836099733,1.1331079912392794,0.8037956662189734,6.89885023083353,378.0,1785.6562811052036,3.0,1.0,0,191.15159585211106,788.8001047958763,89.88448161490992,0.24572435179551144,6119.8724306936065,0.4935475172505012,0.0025123231609426953,0.00568730354525538,5730.9282552719005,7.250555233543062,23.059519556275824,7.250555233543062,0.43137254901960786,6724.300047448248,300.0,1.0,0.0,0.37540972129909067,0.5047023066938381,0.49937069088229913,0.44928591800120987,0.18851825151384494,0.41247918653510623,0.44119986025706354,0.2970957113545353,0.41354147889859383,0.26330622581307833,0.2911031001857438,8022.546667439486,4229.260597873027,0.0009971895872502687,29.681647164825655,1,1252.9664833688573,6769.580184070628,10152.372783791996,0.2829421210522584,8,5.570225953815821,0.32106614,0.29982775,-29284.014,True,Neutral,93
275c4c0e-57fa-4826-9bba-cf0fd2a29ec2,TradeHalo Basavanagudi Candidate,12.936252973429154,77.46258686213731,False,True,11004.087568372053,219,389.18998460499716,0.6806028550852753,1003.4511672093332,0.14079481868022808,57.04944824083682,12,0.4244131815783876,0.5810779130270217,28.691885429835896,0.0010905038628091618,5687.742553947941,0.0251043167863753,0.5,3.1876570967057574,4.0365558115145905,0.2604046259974905,2865.515307685559,1432757.6538427796,8138.572260686495,8996.415702733395,1.0987211317469041,1.1283203091240765,0.8263410894386891,4.172542843165509,290.5,9769.997166444902,3.0,1.0,0,263.2706652515735,1478.69221783663,10.232733747813498,0.2555199390566372,5721.955605729688,0.5074468345404336,0.0034167320690361076,0.022574990407281816,935.5251747596112,0.2670728906522286,16.64642631518931,0.2670728906522286,0.5,23297.92580528532,887.5165579933395,1.0,10288.258613971158,0.4825973240628126,0.42722959916710246,0.3132781718950869,0.5403802455668751,0.23974434016803858,0.3592971572369388,0.48183011203707565,0.2922817713528326,0.33800391935949187,0.26638805209357896,0.3020677509418938,11004.087568372053,5687.742553947941,0.0010905038628091618,28.691885429835896,1,2865.515307685559,8138.572260686495,8996.415702733395,0.4244131815783876,12,4.0365558115145905,0.25313786,0.54801077,-31506.283,True,Neutral,94
fd1077b5-9e40-49ce-98e8-3e451a15eff5,TradeHalo HSR Layout Candidate,13.117823859649295,77.50710952069844,False,True,10976.252142788751,242,388.20550781063065,0.11981452927417185,802.4900533330803,0.11206737217314297,51.270724880877104,14,0.49514871184145215,0.6176985615963151,31.734245925164444,0.0012754809034883378,3931.0407572563936,0.027151250190482396,0.3571428571428572,2.040368956810006,3.2700851494982475,0.3362069509535802,3690.2922658247076,1845146.1329123538,7285.959876964043,14654.529501866085,0.8977184659683882,0.9803219308089641,0.9314758820024168,5.532503807879113,294.0,7588.274927845353,3.5999999999999996,2.0,0,287.7450201169311,39.29816199088117,174.2422048086569,0.24975177163541704,4706.104008218822,0.5150225186881372,8.129980642699706e-05,0.01569857854654411,332.40266865442067,0.1397057320567899,24.363535397199673,0.1397057320567899,0.45454545454545453,12072.629759863014,276.4934795731069,1.0,9571.701922831387,0.5971502671640516,0.36441912837191115,0.18066289080575815,0.694902335475877,0.2800889332252605,0.22580044113499828,0.35137056999835636,0.2812836520011799,0.15311358909224046,0.27433534014806565,0.33034294559751654,10976.252142788751,3931.0407572563936,0.0012754809034883378,31.734245925164444,1,3690.2922658247076,7285.959876964043,14654.529501866085,0.49514871184145215,14,3.2700851494982475,0.08504648,0.32684028,-25261.676,True,Neutral,95
5278d9ed-c0be-4e86-b9bd-8a004ee9b88f,TradeHalo Basavanagudi Candidate,13.080088204379969,77.61743942511316,False,True,12861.152786295146,256,454.8702310664389,0.1192699720572721,800.5712876458117,0.14145017482488464,55.84824418104075,15,0.5305164769729844,0.15865316802452237,43.73075016033394,0.0011663029161728031,5528.7266830541275,0.024196824038798567,0.3999999999999999,3.9867776902506553,4.542841868706974,0.21996636671120604,2829.0210501190472,1414510.5250595235,10032.1317361761,9142.587829557664,1.1177284483276873,1.0186500713385445,0.7253889251970381,5.2054096085899095,322.0,3274.8836881837897,3.0,1.0,0,285.97644157982023,896.474218154522,423.5526785432037,0.2548377001314883,5804.995476396987,0.4921675808660779,0.0017551363197753668,0.006411637041836866,840.995572335262,0.364521023135953,13.047600227165525,0.364521023135953,0.4888888888888889,12144.54043155729,1299.9519442233734,1.0,12647.7315572335,0.685858672784543,0.23782106656976965,0.37697472244014607,0.5162387430492206,0.2356734069797143,0.24331548437021913,0.43662419937578745,0.27847422177072734,0.32632115291739044,0.2680814070028463,0.30809244003738423,12861.152786295146,5528.7266830541275,0.0011663029161728031,43.73075016033394,1,2829.0210501190472,10032.1317361761,9142.587829557664,0.5305164769729844,15,4.542841868706974,0.16000134,0.6997918,-31425.88,True,Neutral,96
90948076-b410-42f8-aba5-508c6abc0b1a,TradeHalo Indiranagar Candidate,13.148302981214975,77.61362841517824,False,True,6654.077437751568,131,235.33984798542568,0.9774096265362038,857.047826104274,0.4281655826503205,57.29710146875959,8,0.2829421210522584,0.5583115463067818,28.40019718414505,0.0012022703484952564,2860.7913681851096,0.023787882917533844,0.375,1.780698019489917,6.2545382843032105,0.0,0.0,0.0,6654.077437751568,5213.255822743517,0.7291811368729746,1.2040311021853185,0.9604133710847155,5.308597233413867,371.0,788.5221580873282,3.0,1.0,1,135.3856000987573,169.11421208385147,86.55759186470601,0.24705457413051815,3879.181799413851,0.4954982380771529,0.0006428315991505192,0.002997305510890872,24.842631754260296,0.6971773575334705,33.05907313935178,0.6971773575334705,0.3541666666666667,21771.73635601427,410.7478967410607,1.0,12381.517394332148,0.22575224444551756,0.4784257970064657,0.693377276985334,0.541542276465153,0.24496017761076175,0.13862670689933076,0.42058950916787097,0.267902125574361,0.632493855839218,0.2629245386891817,0.28974511773289574,6654.077437751568,2860.7913681851096,0.0012022703484952564,28.40019718414505,0,0.0,6654.077437751568,5213.255822743517,0.2829421210522584,8,6.2545382843032105,0.18053016,0.19601768,-24204.04,True,Neutral,97
d3b02e72-79a8-4874-881f-5368a5e62f51,TradeHalo Banashankari Candidate,13.063258173477028,77.46343811702336,False,True,9102.299294640037,181,321.9279836097409,0.6752725781483588,784.7130536295465,0.35617062864749033,55.96507670743444,4,0.1414710605261292,1.649704645963649,24.680323307832268,0.00043944940399349785,6738.783192133716,0.02148500375954865,-0.25,3.485320419813041,3.715570338422269,0.2898118249375452,2637.9539697073596,1318976.9848536798,6464.345324932678,8624.68528263034,1.3028966400448712,1.1711404080686445,0.8219487365217801,6.829842467100619,378.0,5064.608602106458,3.0,3.0,0,209.18795442399653,635.645822337516,135.1342363837829,0.2557649452237596,6728.829547737447,0.5269881444733935,0.0018058622070964473,0.014388492690231626,219.8224359098508,0.30206699698189327,24.948803904590278,0.30206699698189327,0.40384615384615385,12117.953942937249,948.44730153359,1.0,0.0,0.40598549264344774,0.6449505377599943,0.282931489965955,0.41056220374164026,0.30337843616629034,0.3466637404220679,0.4387185368054563,0.26245414663510025,0.26598100059859264,0.25865609388523786,0.27455866584127764,9102.299294640037,6738.783192133716,0.00043944940399349785,24.680323307832268,1,2637.9539697073596,6464.345324932678,8624.68528263034,0.1414710605261292,4,3.715570338422269,0.21403606,0.5257681,-29301.21,True,Neutral,98
5456e8c0-1f0e-4b40-b5bf-72871ae88fa3,TradeHalo BTM Layout Candidate,12.957820216134255,77.58675246095541,False,True,13178.987509316312,273,466.11133490089713,0.09647004130795195,904.5896537178752,0.4137004740365904,52.8253911793082,8,0.2829421210522584,1.4613606715588163,32.721644007193866,0.0006070269050899963,9525.039607157174,0.030515406169500096,0.625,4.2534110706453205,3.156439002372312,0.3491874712404527,4601.937321887674,2300968.6609438374,8577.050187428638,13588.57244039157,1.0849184147746749,1.1068936575377766,0.9627149085502648,9.06917022383389,290.5,1798.5310947719877,3.0,0.3333333333333333,0,349.2783066876283,330.59979533305807,439.81779308528536,0.2500873056005914,5655.808110940915,0.49333906526138666,0.0006162936749217806,0.0033527647430678423,631.2215538065091,1.4814208475566413,49.49709498637071,1.4814208475566413,0.3384615384615385,21116.932943565702,431.06976266656284,1.0,0.0,0.5708550149617001,0.6192831286976603,0.120657890799638,0.5114647156611553,0.18297217184743275,0.20186013589213306,0.49181581947294184,0.25516070777887234,0.16972712338178111,0.2603333512014315,0.2805260822451876,13178.987509316312,9525.039607157174,0.0006070269050899963,32.721644007193866,1,4601.937321887674,8577.050187428638,13588.57244039157,0.2829421210522584,8,3.156439002372312,0.1536992,0.15779148,-22739.385,True,Neutral,99
649f8cdd-a670-4ef5-8e55-7ed71691fe8d,TradeHalo Electronic City Candidate,12.932753396151092,77.46159504648368,False,True,10255.289004365579,217,362.7066528623875,0.7604593939681902,965.7336015472365,0.1164155733156033,52.77089796629742,11,0.3890454164468553,0.3309095183179855,29.497626734096784,0.0010726172607439346,5635.728050276679,0.023695640683844665,0.5454545454545454,3.4683531964062797,3.8506745461242398,0.2770497511059733,2841.225266179308,1420612.6330896541,7414.063738186271,13306.739413518111,1.3257367163887697,1.2368493007562305,0.77500792061594,6.28580897113333,322.0,2252.128534372845,3.0,1.0,1,274.1785999953836,939.767805332401,320.95009902983384,0.2520887358234196,6856.74280137862,0.5085193478219597,0.0021952281829630466,0.005260805916374026,69.82270344464753,0.08789715357593873,18.77138766742367,0.08789715357593873,0.3584905660377358,17028.620528286978,809.9469106283319,1.0,6411.149746456349,0.4449957857588465,0.42179906652988225,0.291400712550591,0.4181136528356677,0.3451735448790375,0.27361484741440195,0.41329651365262216,0.2472415865766877,0.2730875877515976,0.23665168535364747,0.19627045856265649,10255.289004365579,5635.728050276679,0.0010726172607439346,29.497626734096784,1,2841.225266179308,7414.063738186271,13306.739413518111,0.3890454164468553,11,3.8506745461242398,0.4511261,0.6641073,-30749.096,True,Neutral,100
67810a44-9743-4b1e-a674-5a0c39684edf,TradeHalo Rajajinagar Candidate,13.145231824920776,77.72062233459123,False,True,8256.72683538729,155,292.0219754691976,0.6960635056613279,889.9497186762244,0.06817941120608999,59.360702752782174,6,0.2122065907891938,0.6145233743135173,23.506864735782823,0.0007266802111321834,5171.953442534692,0.030803278470356143,0.33333333333333326,6.196713857826236,5.864751594119688,0.14157619899559348,1168.9560014990477,584478.0007495239,7087.770833888242,7428.884305972645,1.2783087564672952,1.2072122438283561,0.6762848906048715,8.205919171869414,367.5,965.1328898838,4.5,3.0,0,206.97156017533234,351.2499326633044,174.61938645748492,0.2387020444959095,6618.419937694604,0.4725740061869808,0.001088513369866927,0.002990918877538548,43.509396181390514,0.5479702261119911,27.53859359110691,0.5479702261119911,0.3620689655172414,8881.81627010109,234.94246483426485,1.0,10406.03406127907,0.42675134305178547,0.5452049591855496,0.5237136879597728,0.28253309030321666,0.38852006757756463,0.11804737878036663,0.31453704390314574,0.24592852038001747,0.5482564432909733,0.24571537024343704,0.2285176166874137,8256.72683538729,5171.953442534692,0.0007266802111321834,23.506864735782823,1,1168.9560014990477,7087.770833888242,7428.884305972645,0.2122065907891938,6,5.864751594119688,0.31557214,0.35771224,-30065.326,True,Neutral,101
63701686-af81-448d-8f52-cb69d9c0404f,TradeHalo Indiranagar Candidate,13.14276356405724,77.61628406384952,False,True,8009.5631276179,159,283.28034750377117,0.599610095532875,841.930035764765,0.11697570975497343,57.37455479940426,11,0.3890454164468553,0.1283768767588068,34.934818293220275,0.0013733582999141023,2621.4408610806977,0.02914660993569384,0.2727272727272727,1.9038983217485879,5.933939488815527,0.13834844262274165,1108.1105847944723,554055.2923972361,6901.452542823428,7960.672523267877,0.9210639438792385,1.208723151682603,0.9354186806531468,5.306554132272634,360.5,4440.776558193906,3.0,0.3333333333333333,0,158.5120135824754,112.74190365038466,173.7281065319845,0.2521444638376694,4832.303960393223,0.5071570706952452,0.0003546583646163992,0.013969593387742294,2218.012544938276,0.11184826135960867,36.82663733658557,0.11184826135960867,0.3469387755102041,17356.004517170117,355.49709550342766,1.0,9022.97940929476,0.4219034089919201,0.3627472811764315,0.5283260670358534,0.5301262875209597,0.11509543947852373,0.25508719910274,0.3928786107449728,0.22440175449498506,0.3723718873754597,0.2488318660928513,0.23960561628947669,8009.5631276179,2621.4408610806977,0.0013733582999141023,34.934818293220275,1,1108.1105847944723,6901.452542823428,7960.672523267877,0.3890454164468553,11,5.933939488815527,0.1635863,0.55799675,-26428.482,True,Neutral,102
fd347a8b-674e-4bea-8317-331cf134c9b1,TradeHalo Hebbal Candidate,13.099792730942829,77.46201470994667,False,True,10263.272793428212,199,362.9890216388144,0.8527699328086493,855.7352193196966,0.26222597424330324,58.0997394376792,10,0.35367765131532297,0.19877815904710114,32.86335459802193,0.0009743480662818598,5138.114394816172,0.019964754013791688,0.10000000000000009,3.7680878070298447,3.3475372003086568,0.3276380672240909,3362.6388614324155,1681319.4307162077,6900.633931995797,13699.184095615845,1.338292505036312,1.0084478108837054,0.6837763411341413,5.502830434984833,287.0,890.2558769287953,3.0,3.0,0,244.9914627538723,625.0113044191157,355.39924016756385,0.25870731729584595,6921.1868218388945,0.5274262229217861,0.0015978326697909753,0.0022759267145612554,1195.255922210179,8.066264455897628,22.711973264257352,8.066264455897628,0.4782608695652174,12301.371501381676,749.3704655181468,1.0,13863.46443692136,0.45493465330734784,0.3660895188694166,0.20622208801996153,0.5094697431630568,0.2569017166205066,0.4515521808446968,0.5047203566635915,0.21010053815436677,0.13858867200411484,0.24310710519730003,0.21923782194644603,10263.272793428212,5138.114394816172,0.0009743480662818598,32.86335459802193,1,3362.6388614324155,6900.633931995797,13699.184095615845,0.35367765131532297,10,3.3475372003086568,0.1735514,0.49800113,-25988.564,True,Neutral,103
fe3c5ddf-3b7f-4468-88e2-2f00c1158274,TradeHalo Jayanagar Candidate,13.147946685832173,77.49522857649806,False,True,6005.625038228947,133,212.4055358201311,0.8832503242046458,910.5019027063369,0.267215893878949,55.51574487450821,7,0.24757435592072607,0.8325342548456688,25.044121645338222,0.0011655739336774,1757.035375880404,0.022666738004641505,0.0,2.566794388487019,3.111067810725286,0.35450862488957663,2129.045873904955,1064522.9369524776,3876.5791643239922,5086.87329285764,1.4084246173187005,1.1482579137551112,0.6695711040931078,5.453444997776322,287.0,2949.1072425342795,3.0,1.0,0,164.42877852904041,546.1975024746691,577.7507230524595,0.26179165952278755,7273.81494622447,0.5086403840236688,0.0020749856109682626,0.01120355744165036,2328.8189492142637,0.5042050161401641,62.7124499936432,0.5042050161401641,0.3442622950819672,21425.85107718454,270.39437867416325,1.0,28944.508697659003,0.23360579359115244,0.4709860262447415,0.23616794163067806,0.34803260443346107,0.14229782676818645,0.38038110611154063,0.40594081277704497,0.05611022934317589,0.0,0.1814860926926101,0.0,6005.625038228947,1757.035375880404,0.0011655739336774,25.044121645338222,1,2129.045873904955,3876.5791643239922,5086.87329285764,0.24757435592072607,7,3.111067810725286,0.28055114,0.0,-26238.424,True,Neutral,104
a93b0963-e550-4fbd-9053-33ed6ffd4ee2,TradeHalo MG Road Candidate,12.859212056565978,77.61113754187822,False,True,10753.514624580825,187,380.3277795806723,0.6296559856037176,850.5894371646174,0.2876580986299074,62.48486270028124,8,0.2829421210522584,1.2544859182711339,26.174957505794282,0.0007439428204908256,6527.553794420946,0.028603888448066224,0.5,3.35953114426325,7.892526390097906,0.0,0.0,0.0,10753.514624580825,12432.34632467269,1.2487615253650681,1.245251604510838,0.8887004427816434,3.7725836451302883,339.5,10304.605096357533,3.5999999999999996,1.0,0,228.79919536737094,316.59502209630915,61.867729250207134,0.24558131725186846,6467.8521404701705,0.4774623360058728,0.0008381917551416799,0.02728165141247972,325.9255505340692,0.7288520144819407,25.460427535798715,0.7288520144819407,0.4090909090909091,14090.277316709167,182.9309141754748,1.0,0.0,0.5019677338051546,0.6010595054879327,0.7847179020297235,0.5384744499303845,0.25177771926306497,0.2256886688874081,0.3825530129577204,,0.8990070705416818,0.34295551042875544,0.5744826645414024,10753.514624580825,6527.553794420946,0.0007439428204908256,26.174957505794282,0,0.0,10753.514624580825,12432.34632467269,0.2829421210522584,8,7.892526390097906,,0.36367634,-29845.697,True,Neutral,105
0e79307f-d579-4b04-b989-aa9680ce2be2,TradeHalo Whitefield Candidate,12.854916328387544,77.73356280807833,False,True,8428.645373908985,164,298.1023499613892,1.3038056864344436,751.9136976876175,0.14627634992690977,59.83635888912587,4,0.1414710605261292,0.8526155758763725,21.610385745615027,0.00047457210768198506,6462.021383498455,0.01325066979387372,1.0,1.2749580429717295,16.326757550819476,0.0,0.0,0.0,8428.645373908985,7504.871288229866,1.4137494476910775,0.9735532942850644,0.8568823490575515,3.831405660834061,297.5,6405.434729500305,3.5999999999999996,0.6666666666666666,0,167.17520684124133,1265.5164727002325,69.70218424010547,0.25424142876615863,7291.003672498571,0.5045191682818665,0.003883125981554317,0.01965451304493985,254.64241123964825,0.07320848749831067,54.1221724335822,0.07320848749831067,0.28205128205128205,11849.61374415557,282.0798780070685,1.0,0.0,0.4174883231530503,0.7185158376580236,0.8740164612607177,0.5795418646706514,0.2055654231583124,0.36488204706828636,0.3919755429008229,,0.8775801743794084,0.37269603367783993,0.6802947451231791,8428.645373908985,6462.021383498455,0.00047457210768198506,21.610385745615027,0,0.0,8428.645373908985,7504.871288229866,0.1414710605261292,4,16.326757550819476,,0.25708976,-25203.729,True,Neutral,106
db980084-5234-47d3-9820-6bf9483b08fd,TradeHalo JP Nagar Candidate,12.931815654008345,77.71621951326695,False,True,13532.213621266243,267,478.60415306666664,0.10920924686707734,880.8746074009629,0.2385775832621957,61.265947441438676,8,0.2829421210522584,0.8012185469975879,28.889026554889394,0.0005911819177483115,9521.962204449257,0.02692456828665195,0.5,1.872903616700562,8.300855637054413,0.0,0.0,0.0,13532.213621266243,17174.012030875634,1.145122767541272,1.0804532488306051,0.8660876109644463,3.4486747059201783,325.5,3494.0951615843733,3.0,0.5,0,338.6854567464016,414.1014068287983,485.7870685627821,0.251498465969316,5953.690433911601,0.4854507283897585,0.0007669744536466469,0.006471559099661568,78.30452337211959,0.11505920145911046,34.989271076424416,0.11505920145911046,0.40425531914893614,5525.645600490763,573.7563223048029,1.0,12951.977315527483,0.6931270871742777,0.6331093816872035,0.836052841659097,0.6736111248008985,0.22280505234341388,0.1807064704340708,0.33679596708753107,,0.9501381043578171,0.4163825770806464,0.8357245609391919,13532.213621266243,9521.962204449257,0.0005911819177483115,28.889026554889394,0,0.0,13532.213621266243,17174.012030875634,0.2829421210522584,8,8.300855637054413,,0.8826943,-20706.895,True,Neutral,107
989070c1-5348-428d-8c2d-f26ced73cd7f,TradeHalo Basavanagudi Candidate,13.1032310702191,77.67349577700418,False,True,14079.895940062623,253,497.97445268455,0.01814919755488406,979.5656228679276,0.1377823762119899,63.06881634323763,5,0.17683882565766149,0.6379338197812872,32.808171161408616,0.0003551162608931726,11663.084613679346,0.01718152845079996,0.0,3.121685429427756,5.365331553844911,0.16722018678126385,2354.4428289580305,1177221.4144790152,11725.453111104593,14523.358397136786,1.0318984653954935,1.1733601887115124,0.9088511427101125,4.401682281761054,308.0,6574.001058329291,3.5999999999999996,1.5,0,303.68473959435084,121.09708423351216,555.9451487775608,0.2438045487698945,5385.473202188228,0.4815989734757904,0.0002396620243887001,0.013010539534829222,939.8772731536202,0.3071765309920437,31.878211307218383,0.3071765309920437,0.5918367346938775,12637.517903203432,551.894378332665,1.0,0.0,0.7093349531292118,0.5986048445035017,0.4836417379932527,0.6103697176324558,0.2963498345270829,0.15608326487039972,0.45809609774337556,,0.5668477335892427,0.3595585621312333,0.6335536980243143,14079.895940062623,11663.084613679346,0.0003551162608931726,32.808171161408616,1,2354.4428289580305,11725.453111104593,14523.358397136786,0.17683882565766149,5,5.365331553844911,,0.4054697,-27139.738,True,Neutral,108
7cd9ebe4-6388-4bd2-aa9b-cd6ccfad0631,TradeHalo Jayanagar Candidate,12.935671034675924,77.64207840689197,False,True,13951.80242377256,261,493.444071285531,0.1794455607150295,927.0402454779205,0.11821046675785507,61.26055348865659,5,0.17683882565766149,1.100286812535531,30.97154543865427,0.0003583766346547791,11225.603927055865,0.02989975383678596,0.19999999999999996,4.351957877269231,4.794686474496697,0.20225442896172915,2821.813832206988,1410906.9161034941,11129.988591565572,13070.085811650986,2.035689460004089,1.172965493266535,0.8379948098489499,5.657902947603456,336.0,3025.509388642238,3.0,1.5,0,279.780655030897,402.26812969576144,98.60550656666445,0.2514574783296981,10395.21459933128,0.5234802835123462,0.0007703181156149291,0.005793659797997966,748.2509413032765,0.14175775966287577,39.970959461242494,0.14175775966287577,0.3469387755102041,21365.353775291136,357.88588270651525,1.0,11927.51329997647,0.7118918954958197,0.6702430410914846,0.40899855297095566,0.39822841224313393,0.21892036430867995,0.34917764695763437,0.41695457573987366,,0.5086438020508774,0.31419746326458614,0.4721660785679767,13951.80242377256,11225.603927055865,0.0003583766346547791,30.97154543865427,1,2821.813832206988,11129.988591565572,13070.085811650986,0.17683882565766149,5,4.794686474496697,,0.45724806,-33081.5,True,Neutral,109
e4eb7c07-8609-4e12-bd3d-31cc0c1d530a,TradeHalo Sadashivanagar Candidate,12.943035912762127,77.73315875361388,False,True,12427.367446413475,216,439.52821304800204,0.4647773884741161,865.1341728977104,0.11334947870162854,68.7032928391934,5,0.17683882565766149,0.6731754112261564,26.698110588015165,0.00040233782589594187,10040.999663785267,0.02110962530300682,0.6000000000000001,1.9571910503342054,9.02160634824978,0.0,0.0,0.0,12427.367446413475,11017.447770363364,1.4008132561918587,0.9389653242871991,0.8252628041313699,6.205781107817948,385.0,3377.2016261899653,3.0,0.5,0,244.82124769327137,677.2099112923421,547.2555109968081,0.25584127247668564,7229.066782624079,0.49983918625993745,0.001559157387388662,0.007775416124856456,294.17445100473486,0.4876666391702882,37.83832871045509,0.4876666391702882,0.6530612244897959,3795.959452433305,302.96006704847304,1.0,0.0,0.6787748476873247,0.6971476565666445,0.8289495325952518,0.5478406543786576,0.22813022809824668,0.28127731587509025,0.4032956068678539,,0.9477775023605479,0.39774559037534934,0.769417108224045,12427.367446413475,10040.999663785267,0.00040233782589594187,26.698110588015165,0,0.0,12427.367446413475,11017.447770363364,0.17683882565766149,5,9.02160634824978,,0.74036855,-28855.564,True,Neutral,110
791d4886-1cab-46e8-aceb-a3e072fa0158,TradeHalo Bellandur Candidate,12.959640953304518,77.52948075472634,False,True,12390.933599347285,258,438.2396293021269,0.13012927274095457,875.1116239808388,0.14168164168888028,56.12376971406454,3,0.1061032953945969,1.1786809044449462,31.247135892617646,0.0002421125071768628,10746.792925619433,0.017363844838146528,0.33333333333333326,1.0904321197756575,5.475447689668071,0.16119358743361456,1997.339038530499,998669.5192652495,10393.594560816786,15433.406540757542,1.0806317388271032,1.198731433746811,0.9075857344924344,3.070042118642388,364.0,3220.9378631686336,3.5999999999999996,0.3333333333333333,0,300.8656923016609,15.319238110751758,326.4761292157651,0.2477846376459092,5624.509041179549,0.48976116660692676,2.939711598585143e-05,0.006180874222480655,2416.367708940619,0.838217092828158,59.34616237668999,0.838217092828158,0.5333333333333333,17900.384218392268,393.90928737872673,1.0,7973.707966600415,0.6472360367964868,0.7413377043779833,0.49522395393146346,0.6395660939607637,0.23885978344211153,0.20132904622560815,0.49793460790114036,,0.5526080857229503,0.3784650408258444,0.700819960638353,12390.933599347285,10746.792925619433,0.0002421125071768628,31.247135892617646,1,1997.339038530499,10393.594560816786,15433.406540757542,0.1061032953945969,3,5.475447689668071,,0.23743612,-23683.654,True,Neutral,111
bd33d82e-ba75-49e2-af20-e49f8a20c49e,TradeHalo Koramangala Candidate,13.036857864872758,77.69040674580098,False,True,14129.058719633262,270,499.71323032561764,0.04584545353962436,761.8565951366613,0.18227784386306428,60.087872962604465,9,0.3183098861837907,1.672876889858777,31.470925031568107,0.0006369851083918212,9514.998557181774,0.03153493576373084,-0.22222222222222232,3.528072314438592,6.717945506248578,0.0,0.0,0.0,14129.058719633262,16110.649829724543,1.6048578057789387,1.076125397282402,0.7391581725752931,4.700765101786153,350.0,17672.940863815016,3.0,0.3333333333333333,0,291.7229729991044,101.23837586880568,299.4409053040335,0.25361722254604574,8243.036043077225,0.49890870407315596,0.00019151317770533066,0.033431996860693355,241.8684944754816,0.4982276099072798,63.43921745686352,0.4982276099072798,0.49122807017543857,19062.53379223524,875.7528131789259,1.0,28250.976388428855,0.7718315092044724,0.57163289317401,0.8219036324739395,0.5140246212771764,0.25082683190128346,0.3330406820097426,0.48873827020024574,,0.9340562493113616,0.3980329088260248,0.7704393418545996,14129.058719633262,9514.998557181774,0.0006369851083918212,31.470925031568107,0,0.0,14129.058719633262,16110.649829724543,0.3183098861837907,9,6.717945506248578,,0.5894255,-29925.947,True,Neutral,112
6cf73167-2ffd-4fa8-b5fd-56ccc438aa3c,TradeHalo Banashankari Candidate,13.103711590372104,77.45026699610399,False,True,6276.561669343152,133,221.9879589549069,1.6258805925368174,793.9146400737762,0.2739445366769254,57.70676197472921,8,0.2829421210522584,0.16794522103027254,30.55895969346304,0.0012745831908375414,2344.7863418479074,0.017004933197980722,0.125,3.926572612518455,3.8620205908453764,0.2760039237312522,1732.3556482798883,866177.8241399442,4544.2060210632635,6257.62706010101,1.5929835036867885,1.1059215886222584,0.892722904669924,5.849641295173389,318.5,4877.680654476882,3.0,0.6666666666666666,0,148.57361117670123,161.6872697198468,194.68699109165385,0.25859902333266027,8194.177743014632,0.5403045990948078,0.00062447557183634,0.018838789356869293,793.9924084369129,1.4264697824224046,50.87735050640155,1.4264697824224046,0.3617021276595745,18717.549489662833,471.4048547288565,1.0,49707.37206204149,0.23203134801077036,0.34238437692000717,0.3331824497261728,0.43922320798492204,0.10522428291889675,0.4248363144886132,0.3445651444996554,,0.08093824211291861,0.18314277360540646,0.005894208813171977,6276.561669343152,2344.7863418479074,0.0012745831908375414,30.55895969346304,1,1732.3556482798883,4544.2060210632635,6257.62706010101,0.2829421210522584,8,3.8620205908453764,,0.25862557,-26102.9,True,Neutral,113
98ff2b70-30a5-4919-8642-372a941a6bb9,TradeHalo BTM Layout Candidate,13.109288901169093,77.54390149622434,False,True,11874.33292426239,250,419.9686179589333,0.24995047837890846,905.4367542359452,0.29485223571772873,54.24179567104384,11,0.3890454164468553,0.6067674797366626,34.16025056046091,0.0009263678280001821,7588.055301385956,0.02148939674775079,0.09090909090909083,2.739607352981702,4.136289796642256,0.2518898813994162,2991.0243119896363,1495512.155994818,8883.308612272753,9324.692516018693,1.1146844393067543,1.1443713429570745,0.6266711765152746,3.7764237075842226,371.0,2979.5718128405047,3.0,0.5,0,271.1255681758171,378.5893875679901,785.8815041275934,0.24195530270107243,5795.85183229629,0.5073508024013936,0.0007474301542085795,0.005882420090676653,1700.865052115539,0.3390870270235844,56.67956632951167,0.3390870270235844,0.23076923076923078,16200.614487904306,740.9379091627306,1.0,10351.460454781052,0.5448078329041789,0.41746106548757955,0.32167939587974,0.4597240645128601,0.23112373873584252,0.21159260890787018,0.4334428927377158,,0.323406480108728,0.24878799482980238,0.23944952927035879,11874.33292426239,7588.055301385956,0.0009263678280001821,34.16025056046091,1,2991.0243119896363,8883.308612272753,9324.692516018693,0.3890454164468553,11,4.136289796642256,,0.14636159,-28062.525,True,Neutral,114
422df003-43f3-41a3-835b-3181f3eccba9,TradeHalo Sadashivanagar Candidate,12.93446486944604,77.70318063691181,False,True,14614.00266635633,281,516.8646139352775,0.0771488877261518,863.9280040960741,0.022706855259898105,63.85141868268976,6,0.2122065907891938,1.2454889100786177,29.09275077608982,0.0004105651365325749,11328.253051570991,0.018916852017292308,0.5,1.8276958482316745,7.1208084807691785,0.0,0.0,0.0,14614.00266635633,14237.139882170877,0.8411938675416115,1.1317329036415482,0.9519273844807428,6.181161929091925,329.0,1960.0058183623116,3.0,3.0,0,335.99614394239103,231.99139254929463,3.762828886627296,0.2525705571722981,4435.267721830993,0.4909555582998655,0.0004129261572010532,0.003488653875363427,3.1637205532966024,0.37803605333848495,28.62469622138743,0.37803605333848495,0.32608695652173914,17805.13119693147,939.0494994818725,1.0,8947.64231799205,0.8275491685035543,0.6923766663028103,0.8358598083896169,0.6180863263856052,0.2940061268004351,0.1536859525215768,0.4388671624825539,,0.9756679555303225,0.445679660997919,0.9399589544736416,14614.00266635633,11328.253051570991,0.0004105651365325749,29.09275077608982,0,0.0,14614.00266635633,14237.139882170877,0.2122065907891938,6,7.1208084807691785,,0.76010936,-29095.613,True,Neutral,115
b8885196-99e9-4f01-b95b-92c5d190c898,TradeHalo Bellandur Candidate,13.12859116918152,77.60275520550948,False,True,10299.608398440583,215,364.2741307828041,0.13447564836135756,781.8215949024711,0.26795383985759214,53.859762012101115,10,0.35367765131532297,0.30856713032972827,34.63894993392112,0.000970910700013998,5576.960574756944,0.026327804017967298,0.5,2.595590700407399,3.787612443799955,0.2829351721467579,2914.12147525698,1457060.73762849,7385.486923183604,14504.388988993795,1.1300520220824064,0.9317965520143491,0.9265401592259337,6.2052653350960245,336.0,3558.6457283907853,3.5999999999999996,1.5,0,256.95785277036896,968.8872470788732,490.22578678213057,0.25395862695365806,5873.717950614343,0.484794679553896,0.0022472172846126058,0.008253850192334693,868.3904818149841,1.0994943321766857,42.240554391190756,1.0994943321766857,0.375,16148.049694990767,428.9961739431976,1.0,14268.348754908824,0.5313573779526289,0.44949248016960897,0.28096180520307523,0.6637050124824645,0.3121608253674769,0.25365386530370376,0.407990628503547,,0.20900333550998546,0.29328761868411773,0.39777215680773803,10299.608398440583,5576.960574756944,0.000970910700013998,34.63894993392112,1,2914.12147525698,7385.486923183604,14504.388988993795,0.35367765131532297,10,3.787612443799955,,0.6128597,-21825.99,True,Neutral,116
ce270ef3-0a17-42d5-b628-db2b96b8d2d5,TradeHalo MG Road Candidate,12.91563297518394,77.72752231955623,False,True,13730.354592733758,260,485.61195640846336,0.1250353067712725,899.0955010232688,0.25390202876539447,61.43026248417456,14,0.49514871184145215,0.9793985426836901,28.647988933996626,0.001019638633907455,6455.037709567387,0.025630553321809208,0.2857142857142858,3.917757616410648,10.441202731068074,0.0,0.0,0.0,13730.354592733758,15782.722209663913,0.9353382961231546,1.098135029956014,0.8275416510511581,4.075445879594012,360.5,4383.681118503692,3.0,1.0,0,316.63592404550394,4.486291369309547,539.2486340160982,0.25701844979732646,4895.958878508739,0.5057979788800413,8.7543354832738e-06,0.008554106722894474,715.9509297348255,0.5454774668055943,24.136857382701674,0.5454774668055943,0.37254901960784315,16235.791775265017,226.46266318325138,1.0,16414.803192325628,0.6806736437227021,0.3953899647491357,0.8715288775045776,0.6444341302753677,0.24463756943235995,0.2303849012176886,0.34020271218381104,,0.9586391832891544,0.3816167016963234,0.7120330718267656,13730.354592733758,6455.037709567387,0.001019638633907455,28.647988933996626,0,0.0,13730.354592733758,15782.722209663913,0.49514871184145215,14,10.441202731068074,,0.85325235,-29267.164,True,Neutral,117
936adf49-2547-4730-ba34-8a135e4f4041,TradeHalo Frazer Town Candidate,13.054732673961508,77.71680436771942,False,True,11601.275100118753,256,410.31117296729394,0.0669055487528337,772.0653993317403,0.20899193288633777,53.504283195902104,12,0.4244131815783876,0.4454224854713638,33.47474764440935,0.0010343690582664629,5425.50704403254,0.023181945394185027,0.5,4.5353477860055795,4.234327001320392,0.24379140087742848,2828.2911086223803,1414145.5543111903,8772.983991496374,14737.217028779334,0.9482586368769147,1.0115689122769207,0.9440648782801421,5.4123803469726575,343.0,18396.182079371458,3.0,2.0,0,302.9123524168062,1018.3077572726064,68.61170270931527,0.2597110799356126,4969.885450790579,0.5018409366019547,0.0019889642752619913,0.03593152334917304,400.5425378043155,1.0224520407485136,29.80137776217683,1.0224520407485136,0.26229508196721313,19644.124528260912,183.52757690416024,1.0,12765.264507610327,0.6296578136681538,0.3623897869899973,0.3387170549513235,0.6836098065823888,0.36444056037393346,0.360093950655572,0.3603503748726825,,0.33860743352950184,0.3223560465096831,0.5011930281119766,11601.275100118753,5425.50704403254,0.0010343690582664629,33.47474764440935,1,2828.2911086223803,8772.983991496374,14737.217028779334,0.4244131815783876,12,4.234327001320392,,0.64690816,-21028.639,True,Neutral,118
76882559-bafd-4c46-a88d-174abf05d362,TradeHalo Rajajinagar Candidate,13.08670346339905,77.63035485907965,False,True,12102.635124019878,257,428.04315653896833,0.030205932701379078,817.0529035105303,0.3073697683000437,51.07084513060122,13,0.45978094670991987,0.8588633173669706,36.21856223449778,0.0010741462389623842,5408.64811601484,0.021666585606355343,0.3076923076923077,4.140967041364073,5.569214979869632,0.15623328168755585,1890.834402492705,945417.2012463525,10211.800721527174,19277.117550514522,0.8969917675819723,1.1991465045074337,0.5180222860906457,6.991702423074562,283.5,10268.758166534544,3.0,3.0,0,332.3781659434678,1514.4439670981683,386.1521033150894,0.25345288739438754,4707.527707697486,0.4975323139088187,0.0029475612265844275,0.019986076787539157,751.8895568422042,1.514122256435808,10.503042915675366,1.514122256435808,0.3877551020408163,16731.930374820877,621.9615817523544,1.0,8604.579632120825,0.5849391068793661,0.33408660764159154,0.5048506366269733,0.4177307085921531,0.39229491754826173,0.3090413615889164,0.39818707650209634,,0.4998651734930069,0.2803500702590297,0.3517424045730259,12102.635124019878,5408.64811601484,0.0010741462389623842,36.21856223449778,1,1890.834402492705,10211.800721527174,19277.117550514522,0.45978094670991987,13,5.569214979869632,,0.66792315,-27048.73,True,Neutral,119
8cdf6b78-36ba-4bd2-b304-678a833d418e,TradeHalo Ulsoor Candidate,13.115847129419562,77.65049351676507,False,True,11602.669286253442,252,410.36048221505524,0.04871602189848486,806.2105648593063,0.1546815797836839,50.93388081351751,10,0.35367765131532297,0.7792598851237976,32.14277003521026,0.000861870639702517,6825.658812026579,0.02857415640371482,0.10000000000000009,3.1976762046888565,7.657829623043566,0.0,0.0,0.0,11602.669286253442,20262.427456236568,0.7371786927412242,1.0882255099944596,0.8831460076776243,5.842867899326706,269.5,6157.403173594692,3.5999999999999996,1.5,0,314.1596592815122,1087.0558762645303,519.5068220748632,0.25385574677583866,3919.5489304788007,0.49983089383202556,0.0021697391093869426,0.012290038414511633,371.21618628166254,0.7583587394812352,21.199872741129827,0.7583587394812352,0.37777777777777777,21481.329919419655,824.9740209978212,1.0,5000.0,0.6135994858249941,0.4754424861447241,0.7949883347732409,0.6901636304313703,0.32053582116072354,0.24346388752080733,0.46626387410084974,,0.8444199818636176,0.40198852101619503,0.7845127847564299,11602.669286253442,6825.658812026579,0.000861870639702517,32.14277003521026,0,0.0,11602.669286253442,20262.427456236568,0.35367765131532297,10,7.657829623043566,,0.70402706,-26704.352,True,Neutral,120
e7c0409e-b73a-458c-80df-82ad0a177d59,TradeHalo Electronic City Candidate,12.942858743760633,77.66601173003883,False,True,14338.536295619775,275,507.1219840334314,0.030970591493972733,886.582369188788,0.19913159867009247,61.24959568565137,8,0.2829421210522584,0.5204142750366276,32.14231811159936,0.0005579370052188583,10019.101411359536,0.02641292225462334,0.5,2.0335149206485856,4.564966117659825,0.21835013679572657,3130.8213615990685,1565410.6807995343,11207.714934020707,13182.505007170292,1.3726073742711145,1.3342535599681264,0.8084322411255473,6.855801615087088,339.5,2793.21667772285,3.0,1.0,1,312.79631137663296,1107.684127570616,136.98586758854552,0.24960993564824135,7087.215252775266,0.5157835890595314,0.002013782784006683,0.005078100802920481,224.250640402331,1.3028227451527779,29.534500753715754,1.3028227451527779,0.35185185185185186,12272.67072435629,494.3116577519757,1.0,7465.392501191089,0.7394623773477352,0.6052373301420358,0.3734500043582802,0.3634727806892285,0.3753796736918608,0.2979129232427303,0.3833064551984867,,0.4717522208085233,0.3085997862886715,0.4522504287226275,14338.536295619775,10019.101411359536,0.0005579370052188583,32.14231811159936,1,3130.8213615990685,11207.714934020707,13182.505007170292,0.2829421210522584,8,4.564966117659825,,0.25314584,-31350.943,True,Neutral,121
0a3654fd-9bac-4ee6-9873-e99c8e5dcb4e,TradeHalo Hebbal Candidate,12.887355593393522,77.69833867382596,False,True,14244.501559080407,282,503.7961855573015,0.2197657534063044,846.1393790857338,0.1037938314404012,58.61527057700065,13,0.45978094670991987,0.6258182414400015,29.59364317835628,0.0009126328461604136,7839.320311237205,0.02945697825960274,0.3076923076923077,2.776003811700181,11.441599953842118,0.0,0.0,0.0,14244.501559080407,10927.304940017633,2.0676208129942797,1.0742744020463346,0.8350274815911212,3.45379133712352,392.0,676.583493119199,4.5,1.0,0,309.79833899687185,403.1221768775839,136.83323907992786,0.2499497023620003,10562.118115922596,0.49450136416655077,0.0007102238743883299,0.0011920102078041435,943.7122389485488,0.2728923941768808,42.55980009315323,0.2728923941768808,0.5,8095.1662773525695,548.7688650356307,1.0,27281.75646095773,0.7521299273242514,0.4580585235301313,0.8949645222724515,0.48235102955524145,0.36153524165171314,0.27879592433620887,0.3479235914097098,,0.9602150259972059,0.37923086301390374,0.7035446349285653,14244.501559080407,7839.320311237205,0.0009126328461604136,29.59364317835628,0,0.0,14244.501559080407,10927.304940017633,0.45978094670991987,13,11.441599953842118,,0.27153558,-33620.793,True,Neutral,122
a7d8dabb-f00f-43cd-846a-73c3f6e748bc,TradeHalo Sadashivanagar Candidate,13.130950211219606,77.67162650798066,False,True,13036.874232383592,242,461.08510590026833,0.27443176833841965,925.4384317555686,0.29114305584339056,60.42204099429534,9,0.3183098861837907,1.4194549395056002,27.841984839592584,0.0006903495300770795,7679.887756036741,0.030780713230316285,-0.11111111111111116,3.2057590524647086,6.913565578221521,0.0,0.0,0.0,13036.874232383592,11500.06553572047,1.4190263923212745,1.033820794971042,0.8589100171822505,2.6926701379870184,276.5,11992.208011519328,3.0,0.3333333333333333,0,282.6101632834292,1466.5445563980963,55.135312176422175,0.24580184204256883,7326.068294043407,0.49463687704813825,0.0030830653166807323,0.025210799378331143,1745.075097536661,0.20796979722767261,41.92803849136836,0.20796979722767261,0.3673469387755102,12139.408223624283,354.1023128357139,1.0,0.0,0.6038132219186494,0.5661947351511736,0.8070926700923365,0.6237914032056585,0.22305550702467605,0.3374604530749102,0.40029999243592956,,0.9499981048722889,0.3871834243546564,0.7318385911031645,13036.874232383592,7679.887756036741,0.0006903495300770795,27.841984839592584,0,0.0,13036.874232383592,11500.06553572047,0.3183098861837907,9,6.913565578221521,,0.3587293,-26405.045,True,Neutral,123
db80383a-c87e-409f-9110-10a9e3bde491,TradeHalo JP Nagar Candidate,12.861251248001274,77.5271799758882,False,True,9691.02562106392,188,342.7499180494506,0.5818145729858579,961.4282362958648,0.1334121576535635,59.73611611861439,3,0.1061032953945969,0.9859071018991868,24.894492590584235,0.00030956475788066775,8122.794918590854,0.025085241575605655,0.0,3.3111148575991227,3.590454684167738,0.3021540694194559,2928.182828252673,1464091.4141263366,6762.842792811247,9109.971179005539,0.750327828791464,1.1938815273593901,0.8136279498607419,4.354103011985174,353.5,3817.006373867531,3.0,1.0,0,212.3350732731616,64.20417389251844,321.358900211759,0.2698015303354748,3976.9566500206192,0.5219364451171784,0.0001787015151839526,0.01062399500099193,30.45643449375825,0.6128093456104354,36.14476002656683,0.6128093456104354,0.56,13955.80645014127,586.5066434801688,1.0,0.0,0.4629778714432428,0.6934460802154341,0.2561125295043722,0.5458514648673235,0.1732468788690641,0.2964173460642533,0.47503679058622694,,0.2570089215067762,0.2811188990833607,0.3544777759998285,9691.02562106392,8122.794918590854,0.00030956475788066775,24.894492590584235,1,2928.182828252673,6762.842792811247,9109.971179005539,0.1061032953945969,3,3.590454684167738,,0.40122697,-26428.56,True,Neutral,124
5ca8ca61-3271-4021-b323-6d5aa3d32dcb,TradeHalo Yelahanka Candidate,12.995382842748588,77.73742475412767,False,True,9670.382552223722,206,342.01981883911645,0.7710744715793274,811.5913500406947,0.43230135636079275,54.98701039920442,10,0.35367765131532297,0.6651021798934452,29.003375145034454,0.0010340852542281775,4086.3490775616774,0.02196120802392118,0.5,2.555941381011018,8.37520705492685,0.0,0.0,0.0,9670.382552223722,10280.233572773375,1.0186086309647546,1.300307667013785,0.5593956576696587,4.356410102376838,357.0,4124.955164770297,3.0,1.0,1,224.35934044327072,59.39745837564727,38.44950355719013,0.2524029540174867,5323.344349048355,0.48650448734002105,0.00014439151556987348,0.010027508654194496,50.4736723765218,0.30668749724093775,25.841468839314427,0.30668749724093775,0.2765957446808511,20305.797352170084,573.1859243653203,1.0,11996.120673866477,0.3963255203750098,0.45676459354785337,0.774380032692698,0.36347037152191464,0.29022913674874373,0.17357169894802457,0.39188437821298344,,0.8088702550715368,0.27215534373457834,0.3225868629543167,9670.382552223722,4086.3490775616774,0.0010340852542281775,29.003375145034454,0,0.0,9670.382552223722,10280.233572773375,0.35367765131532297,10,8.37520705492685,,0.63317686,-29817.008,True,Neutral,125
0e60e04f-ac5b-43aa-9b28-dcc922785637,TradeHalo Indiranagar Candidate,12.946739321059097,77.4936150118532,False,True,13203.998486144435,230,466.9959172550644,0.1662256500305077,951.3440526258097,0.1656493077496501,64.3834835458143,12,0.4244131815783876,1.5789199761754678,31.41012295149052,0.0009088156146482562,7706.976048474252,0.026822953314341393,0.41666666666666674,2.5583268920250126,4.076450579676549,0.25696462232325074,3392.9604841488795,1696480.2420744398,9811.038001995556,12387.366143929168,0.5699004371908286,1.050268714112532,0.9401292653659767,5.328890713399188,336.0,540.8113673848001,3.0,0.5,0,242.81800660504112,161.36532181134896,364.5165338115572,0.2566953932816099,3072.197585981364,0.5081620151232799,0.00034623481470420265,0.0011603963074254126,37.98779312504024,1.516806152197743,38.509618369236065,1.516806152197743,0.36,11116.86311093438,524.0037361562119,1.0,16008.56874954904,0.6621518295107113,0.5150770764634529,0.3012651841467761,0.6932011048734468,0.14539601809616998,0.18808934142932504,0.37568023457643296,,0.3730916969176462,0.31144254202580335,0.4623645042757858,13203.998486144435,7706.976048474252,0.0009088156146482562,31.41012295149052,1,3392.9604841488795,9811.038001995556,12387.366143929168,0.4244131815783876,12,4.076450579676549,,0.56855434,-28502.127,True,Neutral,126
09b21512-c52d-46eb-a060-63a04880110c,TradeHalo Yelahanka Candidate,13.016378077344882,77.57431362683958,False,True,13096.189786251733,274,463.18296447812344,0.2093302722241217,918.340296390715,0.012883119195375527,55.21138173323096,10,0.35367765131532297,0.4244326928363607,39.091188606921115,0.0007635808707123284,8396.545379806288,0.02270005966370093,0.30000000000000004,2.8793285962165465,3.4995528291727447,0.31144964418655957,4078.8036491277576,2039401.8245638788,9017.386137123975,13484.391063260382,1.5811540137766638,1.186950899317348,0.8639233503515045,6.0576583282007475,360.5,7865.080841537088,3.5999999999999996,3.0,1,372.44472275892525,395.1715899843401,273.48229957734804,0.25328751998717464,8118.05766495003,0.5111636070803182,0.0007287716581722831,0.014504706694054556,1209.4813231765504,0.8142348503680064,20.586334582548346,0.8142348503680064,0.3508771929824561,14842.841185647449,419.72241807613386,1.0,0.0,0.6904411054458249,0.4437205352004639,0.19525692936534522,0.4545096603005616,0.5620689903872204,0.3316579652304105,0.39021859407266657,,0.1926828609611244,0.2956367710793106,0.40613006969505316,13096.189786251733,8396.545379806288,0.0007635808707123284,39.091188606921115,1,4078.8036491277576,9017.386137123975,13484.391063260382,0.35367765131532297,10,3.4995528291727447,,0.78809625,-27054.193,True,Neutral,127
1b27b767-a9e6-4ac6-993d-9a529c8deee2,TradeHalo Sadashivanagar Candidate,13.146795496538278,77.60972977433498,False,True,7128.327785466634,142,252.11302289695965,0.9024225094346473,861.2253545496014,0.0934214327174339,56.467704456796135,7,0.24757435592072607,0.41199063108190503,29.564149507801915,0.0009819974909503642,3876.0558918326287,0.0171688140463977,0.4285714285714286,1.9861075330750122,5.884848483986558,0.14063095484875532,1002.4635429450861,501231.77147254307,6125.864242521548,6353.403435474188,1.0358601277193455,0.9735036453321303,0.7516868917756129,3.9057213945011306,297.5,4018.571823665583,3.0,1.0,0,146.03154965099222,92.01014575732596,499.1667816807797,0.24260310981876065,5409.282349104956,0.4948623228969235,0.0003208900513564202,0.014014973112601976,428.4144345289861,1.9999859335862664,15.024439494530487,1.9999859335862664,0.29310344827586204,19707.186294164872,680.0637975770532,1.0,0.0,0.34857298792827446,0.4860105227786359,0.5220665040903782,0.57031743767035,0.11768058657317979,0.19845754294954895,0.44158099536261586,,0.39163374280803537,0.2590886983817435,0.276097804257267,7128.327785466634,3876.0558918326287,0.0009819974909503642,29.564149507801915,1,1002.4635429450861,6125.864242521548,6353.403435474188,0.24757435592072607,7,5.884848483986558,,0.19228905,-31011.197,True,Neutral,128
2fb836f3-3ec8-4cef-87f0-a0963925d954,TradeHalo Yelahanka Candidate,12.863718546945393,77.46614383191526,False,True,7201.794811821992,173,254.71138743000805,0.6666405310063741,766.2775410770457,0.18973818794002045,49.240638558728115,5,0.17683882565766149,1.2458411408579477,22.490650775830872,0.0006942713768784872,4635.680167801753,0.022492047788082198,0.8,2.521528943078283,5.737821198218502,0.14769483404238423,1063.667889539353,531833.9447696764,6138.1269222826395,7843.242568740624,1.2881932896633679,1.0749012163156972,0.7069015129306551,6.594183390198888,311.5,1494.6975058191692,4.5,1.0,0,169.01042992962616,1053.61905703051,273.7833328614244,0.2450321412733419,6665.975336080819,0.507420684998606,0.0029979780860420907,0.004253027066857504,1234.3985983631346,1.405061360618433,87.23156965460196,1.405061360618433,0.38636363636363635,17697.633943634148,442.9942213533858,1.0,40184.961515002295,0.35708524740063746,0.6748139152387327,0.5112984365661869,0.40680179361920876,0.28351038055113637,0.2929945541834596,0.4345237957890319,,0.5000148147308963,0.27728638691768315,0.34084230352649886,7201.794811821992,4635.680167801753,0.0006942713768784872,22.490650775830872,1,1063.667889539353,6138.1269222826395,7843.242568740624,0.17683882565766149,5,5.737821198218502,,0.11906512,-24137.256,True,Neutral,129
6c3a96f3-d7ad-4523-9df7-132c73fd5a81,TradeHalo Indiranagar Candidate,13.080884735102876,77.48740207589016,False,True,13125.558740475586,252,464.2216787532714,0.11615379402367067,766.0232790870883,0.2562601540366012,59.7861750220535,11,0.3890454164468553,1.090230641184511,29.058181226728276,0.0008380595613106395,7504.617879422092,0.03232256454318229,0.36363636363636354,2.364459759493486,5.072692361996355,0.18435400049430048,2419.7492625296063,1209874.6312648032,10705.809477945979,11959.44658934835,1.2072624786595871,0.9896618626840873,0.6752205921560209,3.601696688885395,346.5,942.6678996758254,3.0,0.6666666666666666,0,301.4696323880815,150.90888287889217,69.69578036626082,0.25728399243925376,6255.686162229339,0.5078389756598584,0.0003032407505419267,0.0018942246205538766,252.03058680289615,0.520071781848933,78.59556127364755,0.520071781848933,0.5294117647058824,19243.994450518563,1029.0827901092616,1.0,15997.40712860715,0.6954570867168267,0.5503188815086318,0.4480002101766624,0.5705377943767144,0.17292214485078602,0.239670522130983,0.5775049989675922,,0.5472591854368947,0.33661887803737445,0.551937928135847,13125.558740475586,7504.617879422092,0.0008380595613106395,29.058181226728276,1,2419.7492625296063,10705.809477945979,11959.44658934835,0.3890454164468553,11,5.072692361996355,,0.4918533,-27816.143,True,Neutral,130
8e531a00-eccb-45f9-9f43-78eb6cff229d,TradeHalo Banashankari Candidate,12.857369750876291,77.50667276180475,False,True,7890.345008298452,168,279.0638690602579,0.7186722294257314,802.0451478144523,0.13502253617496993,54.36019327935153,5,0.17683882565766149,0.20364178849566517,28.119400746795897,0.0006336858521067695,5392.047484907191,0.021770997310248126,0.8,3.0612912436012643,5.399532812450026,0.1653246320869373,1304.4683855359438,652234.1927679719,6585.876622762508,12526.328276787668,1.4978087909180002,1.1453777210285572,0.975361977779564,4.116016975182274,378.0,4758.964993764707,3.0,1.0,0,182.69116447402314,1230.8663713663086,259.2340765397597,0.2669081762616598,7718.618761349572,0.5341269113984423,0.00378428874524732,0.014631399544159093,10.51730046682556,0.319987213778143,19.404952038557088,0.319987213778143,0.2857142857142857,14992.60355261802,407.6240210833198,1.0,7238.64794888808,0.4051235036516929,0.5934276921248445,0.4846750976616156,0.5802523525063028,0.23142795864868396,0.4659040931379839,0.3448994485925225,,0.4120837782404086,0.30476964170668885,0.43862337973783594,7890.345008298452,5392.047484907191,0.0006336858521067695,28.119400746795897,1,1304.4683855359438,6585.876622762508,12526.328276787668,0.17683882565766149,5,5.399532812450026,,0.5031709,-30688.678,True,Neutral,131
fcda576b-9e6c-47fa-bf55-9e8df89a039f,TradeHalo Bellandur Candidate,12.92837193613668,77.7110600154407,False,True,13772.64460084177,266,487.1076594826381,0.055046067089481975,830.9759002631367,0.00557666380382749,63.160120432439356,11,0.3890454164468553,0.3921839492071825,31.078589039080086,0.0007986846621546955,8060.7611200685715,0.029808395585223524,0.36363636363636354,1.7421942054048607,8.191097116544148,0.0,0.0,0.0,13772.64460084177,23719.45232593558,1.1950367849467007,1.0789893330831533,0.9004822018356411,5.663835078357431,353.5,9973.082719124604,3.0,1.0,0,300.13207583148034,168.52512559904784,705.8394234828573,0.2509902805242372,6198.172104531385,0.49041169128567924,0.000313588326451224,0.018557721338779275,1093.2457501577423,2.1534327156847146,39.97918355065744,2.1534327156847146,0.46551724137931033,19656.214524484152,352.9071674483765,1.0,20904.879133772574,0.8052178971530083,0.5170604087897572,0.8383082203694785,0.6807266306264756,0.27844416382766946,0.2650190756534695,0.4358090832247011,,0.9290408622299962,0.442840471235689,0.9298575660955036,13772.64460084177,8060.7611200685715,0.0007986846621546955,31.078589039080086,0,0.0,13772.64460084177,23719.45232593558,0.3890454164468553,11,8.191097116544148,,0.8097571,-32717.838,True,Neutral,132
3f9cee53-9053-41dc-8e2c-ac44b21c6e84,TradeHalo MG Road Candidate,13.06166554869698,77.63042322588203,False,True,12645.807985129832,259,447.25396671652754,0.14875707818283046,838.4320456364552,0.07765453080415612,56.58407171590831,10,0.35367765131532297,0.6004420555743728,37.8442291682086,0.0007907758849224162,7637.256332658121,0.02443245914986104,0.5,3.870946781896169,3.940256598105093,0.26889915287821237,3400.4470546619455,1700223.5273309727,9245.360930467887,10153.696339764718,1.478334169945078,1.0334809576318391,0.9202161736763125,5.0304274578952075,385.0,3723.7281434250335,3.0,0.5,0,265.9754860950315,74.55855431881996,471.6010772139604,0.25758188340704996,7611.819881592642,0.504936489001506,0.0001447885274845866,0.007231271040127074,216.38698619675927,0.4427118372603323,55.650649574702065,0.4427118372603323,0.43103448275862066,17666.949037183047,685.859342329736,1.0,39853.87843524653,0.689743182204095,0.44997871008327484,0.28281438819405974,0.5610659630166023,0.20646452911234223,0.2706898737106361,0.3982570917198261,,0.2763041040317975,0.28969972243501657,0.3850069890987054,12645.807985129832,7637.256332658121,0.0007907758849224162,37.8442291682086,1,3400.4470546619455,9245.360930467887,10153.696339764718,0.35367765131532297,10,3.940256598105093,,0.39490095,-28087.701,True,Neutral,133
a92e261a-b64f-4ba4-a4e9-ab346c60a63a,TradeHalo MG Road Candidate,13.033222098211535,77.66984968268146,False,True,14969.254517705129,264,529.4290779763238,0.14168852311154603,952.1589304871659,0.11350474477928414,64.15066392670899,7,0.24757435592072607,0.7701805127981157,32.92353199352687,0.0004676251573998315,11796.972120050557,0.030301565222570024,0.4285714285714286,1.3396314458075729,4.622823158731345,0.2141794523636353,3206.106734893958,1603053.367446979,11763.147782811171,11887.00756262639,0.959652819577439,0.9809274256967155,0.8882051789249509,7.463715005251624,283.5,1036.9818314548652,3.0,1.0,1,313.09134729529546,26.208198610153,29.40179486558848,0.24605127358879053,5020.596486221757,0.48942098124660494,5.004354161166034e-05,0.001980076700610914,568.8192050206255,10.0,71.0188296932986,10.0,0.3333333333333333,11589.108918022768,379.23498370129806,1.0,0.0,0.758179087118755,0.6846279385607131,0.37970863892720874,0.5846074457714154,0.27187602991324594,0.27075886427346557,0.5857394683869938,,0.4862689605320215,0.37363721000958316,0.6836433017380713,14969.254517705129,11796.972120050557,0.0004676251573998315,32.92353199352687,1,3206.106734893958,11763.147782811171,11887.00756262639,0.24757435592072607,7,4.622823158731345,,0.029440096,-32931.21,True,Neutral,134
6ddf6e53-d5e8-4178-8c2a-d9d2f1949c9e,TradeHalo Banashankari Candidate,13.140041712161656,77.58688656876969,False,True,9288.933091146744,180,328.52880389019634,0.570410811129054,926.4270953150948,0.12622672380435748,57.6830637440078,6,0.2122065907891938,1.0862708664195497,28.336159586693206,0.0006459299406213383,6356.682904407818,0.014810484661793515,0.33333333333333326,1.2128835635774802,4.306554463745394,0.23799201540740908,2210.691907346588,1105345.953673294,7078.241183800156,8368.486553370869,1.3040035284110583,1.307670086430865,0.831726742817505,4.9835126836140144,304.5,4030.3525413421576,3.0,1.5,0,225.82219602835613,753.974910740823,958.1913287097734,0.25562832531205426,6738.113543160971,0.49253285249060597,0.0020816349794008393,0.011127323614961571,2212.38833375186,0.16055401304276154,45.01242045523702,0.16055401304276154,0.3157894736842105,13358.404451627275,717.9149460764103,1.0,0.0,0.44683671977686623,0.6001756755619199,0.36430339925867317,0.40322132537716254,0.24758234009922314,0.30620509118917,0.4380258171311447,,0.330924086679761,0.2606281279736838,0.2815748514049622,9288.933091146744,6356.682904407818,0.0006459299406213383,28.336159586693206,1,2210.691907346588,7078.241183800156,8368.486553370869,0.2122065907891938,6,4.306554463745394,,0.51049453,-25908.611,True,Neutral,135
c1e4e71e-64c0-4a88-af08-13a864edef04,TradeHalo Rajajinagar Candidate,13.1008987774472,77.61845109597245,False,True,13880.585417518902,249,490.9252849349807,0.334639462865802,861.0121284704838,0.28765977525688846,62.11232052608842,13,0.45978094670991987,0.7024978182779349,36.91987471782264,0.0009365599222920741,8122.47608118569,0.022783220599302594,0.23076923076923084,3.774091363042135,4.025443410834011,0.2613709881742398,3627.9823270138586,1813991.1635069293,10252.603090505043,13733.259178959443,1.1106272173146021,1.1986150208883934,0.8054784000473388,5.368477592119355,388.5,1950.326377280738,3.0,0.5,0,281.1541411289947,131.41920596051617,526.9857584331668,0.2559646993866181,5781.651952684259,0.4960074219461776,0.0002632886097461813,0.003907333914190809,591.4039079181589,1.1067490459857017,32.72246693224799,1.1067490459857017,0.5952380952380952,17120.85827740273,582.8655246114315,1.0,0.0,0.6652661777870671,0.36941745048955843,0.28664964181244157,0.5079712850384562,0.21373805129468562,0.22110500587599297,0.504112981678438,,0.32977164038461054,0.2695071920027873,0.3131651576907527,13880.585417518902,8122.47608118569,0.0009365599222920741,36.91987471782264,1,3627.9823270138586,10252.603090505043,13733.259178959443,0.45978094670991987,13,4.025443410834011,,0.512485,-26314.86,True,Neutral,136
e00d12fb-38e0-4539-a3af-1b3caf551035,TradeHalo Koramangala Candidate,12.931534744042862,77.64451264390676,False,True,13177.647584522154,255,466.0639447554835,0.1131010474018451,856.9249241062395,0.1566968843192721,60.32392597483696,6,0.2122065907891938,0.6239905785414508,31.626981658514865,0.0004553164714351079,10049.888257550489,0.029373444794769298,0.5,1.5922676593185052,5.321974708874614,0.16965444796355844,2235.6465264104254,1117823.2632052128,10942.001058111728,10898.749619749693,1.7695531198088603,1.1872894439546031,0.941612282465441,3.939977917086376,325.5,1154.587458514458,3.5999999999999996,0.5,1,275.47685496169674,1251.9403388618002,188.729975071254,0.2526425203802757,9064.807771643033,0.5169502139771468,0.002436878853055233,0.0022473832612619864,1140.3564772497068,0.12593889795891175,36.97560601691678,0.12593889795891175,0.3684210526315789,15315.436964937137,823.9836016245273,1.0,9804.477042656112,0.6991362588486415,0.6826687001602965,0.47829661071706625,0.5003758965241707,0.3760828146306667,0.3492970879685796,0.43009109661697004,,0.5519704987926013,0.36097603811921725,0.6385968535265603,13177.647584522154,10049.888257550489,0.0004553164714351079,31.626981658514865,1,2235.6465264104254,10942.001058111728,10898.749619749693,0.2122065907891938,6,5.321974708874614,,0.6670007,-28313.299,True,Neutral,137
6f80675f-133d-4bda-8be7-13e249d7aa6f,TradeHalo Rajajinagar Candidate,13.069148513742537,77.66827530267224,False,True,14312.941257649778,270,506.21674474197584,0.18170127941421207,911.1937138510168,0.13799409849769137,60.455817517648505,8,0.2829421210522584,0.554916928288983,35.20234007594204,0.0005589347329797971,10853.704834102951,0.02693010589246396,-0.125,1.848410174318103,6.351814596043589,0.0,0.0,0.0,14312.941257649778,12236.90534734926,0.9534611622561031,0.9372229146979014,0.6992468785531244,7.399903717293327,339.5,2248.4538937710054,3.0,0.6666666666666666,0,283.93801252450345,754.9322606543612,41.9953126055697,0.24491256691339,4989.924388904046,0.47732198904333223,0.001392840127509789,0.004148367967988754,4740.582692639612,0.10968958204551534,38.167181485901054,0.10968958204551534,0.4489795918367347,13127.217101227432,255.06131896301355,1.0,0.0,0.7244801678354248,0.5594115430683999,0.8193760944659851,0.5295228155372333,0.1939979951301645,0.20667210239094613,0.4071669024261216,,0.8947814826052318,0.3722337041339006,0.6786498496871128,14312.941257649778,10853.704834102951,0.0005589347329797971,35.20234007594204,0,0.0,14312.941257649778,12236.90534734926,0.2829421210522584,8,6.351814596043589,,0.32111093,-34208.6,True,Neutral,138
8aa9b242-d099-4342-9063-0007fc542127,TradeHalo HSR Layout Candidate,12.937399096931856,77.60374680809458,False,True,14370.548645398016,278,508.2541893016966,0.096328001462808,905.9799778611317,0.08034148854084154,57.856205737918145,6,0.2122065907891938,1.0873825711091512,31.564329604054148,0.0004175205935454262,12077.691706454549,0.030107131014592718,0.8333333333333333,3.8248431782822467,3.9078428180678793,0.271820251098093,3906.2061412094486,1953103.0706047243,10464.342504188568,16881.912205515233,0.7820092375397557,0.9998581268639591,0.9356313130549987,4.988320183840325,367.5,9758.523340365156,3.0,1.0,0,358.87172469215756,52.46599768723185,124.1681936588036,0.2461197283438941,4137.222716585216,0.5017725371371937,9.517187652651101e-05,0.01770169289387832,813.8585068392074,0.31238800201268674,86.83648477081161,0.31238800201268674,0.43636363636363634,14543.14284160414,766.7362726874135,1.0,7363.898108345915,0.7423669310959802,0.7095413540326704,0.26053086001778974,0.7401946846399765,0.27417613823842585,0.19088670152329076,0.5361191779974022,,0.3648295788222929,0.39167415651910337,0.7478159062860864,14370.548645398016,12077.691706454549,0.0004175205935454262,31.564329604054148,1,3906.2061412094486,10464.342504188568,16881.912205515233,0.2122065907891938,6,3.9078428180678793,,0.18567908,-28102.568,True,Neutral,139
ab3f4031-6f99-406e-b42c-d3d777986b6f,TradeHalo Indiranagar Candidate,13.044560671551864,77.68215989438863,False,True,14581.167845254156,263,515.7033196943999,0.11994053513474555,914.4773000596766,0.24935367383015428,62.68541972568036,9,0.3183098861837907,0.4385924540945171,33.74669417775439,0.0006172345106725658,9860.936700265476,0.03060567283137297,0.0,2.6924650870664286,6.231370492374607,0.0,0.0,0.0,14581.167845254156,19598.85166558966,1.313652611970521,1.235897250851457,0.9223240859380379,4.729177056227437,367.5,1818.7273605719167,4.5,1.5,0,291.2664628141987,312.88121532806514,10.925286272260193,0.24694190076085157,6787.895317652003,0.4893156739820416,0.000594290709856662,0.0034545147525610054,84.34148110200651,0.6589986615561269,22.998311839767833,0.6589986615561269,0.34,13773.081472275873,406.6311219581671,1.0,9389.3869043003,0.7118499261662734,0.5344436648713757,0.8219224009986027,0.5898414678969247,0.3535934651338718,0.18076062513052338,0.35467069766886555,,0.9191580790561712,0.39415273822912006,0.7566343082164182,14581.167845254156,9860.936700265476,0.0006172345106725658,33.74669417775439,0,0.0,14581.167845254156,19598.85166558966,0.3183098861837907,9,6.231370492374607,,0.5151827,-31785.447,True,Neutral,140
cdf28b8f-d1d8-4ee1-a31c-d00732b49033,TradeHalo Koramangala Candidate,13.007658778203645,77.51899131020235,False,True,15009.954446944095,257,530.8685435145176,0.09358070101003325,970.4453485028259,0.060039480628184864,68.53727883014685,11,0.3890454164468553,1.7761809614722845,32.06637873597169,0.000732846994231852,8584.122173877036,0.030746128051332054,0.36363636363636354,2.5244932437311807,5.083219685241348,0.18370821616879374,2757.4519562229525,1378725.9781114762,12252.502490721143,18331.283809256594,1.4099123283001744,0.9581285898268034,0.982705488927381,5.159890054311003,350.0,3252.2512064720386,4.5,0.3333333333333333,0,318.62093224620605,142.37713695801912,62.212336206729496,0.2599933930158776,7279.63499989261,0.5227526933592996,0.00028427233833837166,0.0064934937945844455,989.437939328026,2.3529340934136056,66.28999882543434,2.3529340934136056,0.4166666666666667,12549.948574349208,259.4283500138259,1.0,21523.16699420438,0.7963286632438356,0.5796905653495261,0.44695825035750386,0.7067437800331573,0.3040441278648415,0.3515283069185217,0.4184619035717721,,0.5596281849419207,0.40751210861729514,0.804164836317631,15009.954446944095,8584.122173877036,0.000732846994231852,32.06637873597169,1,2757.4519562229525,12252.502490721143,18331.283809256594,0.3890454164468553,11,5.083219685241348,,0.4792792,-28717.799,True,Neutral,141
6e45c425-883a-40c2-af31-1b571a661d29,TradeHalo Rajajinagar Candidate,12.986832471232368,77.49058375668294,False,True,13864.82913688005,271,490.36802050199924,0.08093149243099625,774.7708382624875,0.2796772417678111,60.13781179341225,14,0.49514871184145215,0.5036527365618357,33.97100219412454,0.0010097491906885748,6457.638730858388,0.030252781746650304,0.2142857142857142,2.415617822957686,3.7397487487823944,0.28748548233068716,3985.937091848526,1992968.545924263,9878.892045031524,16641.116464491337,1.0997090417006965,1.0012462612384216,0.7873161936927683,4.710965571594235,371.0,3019.165903218304,3.0,3.0,0,320.7365275566423,373.6423696819946,391.33622200682265,0.24479888741660003,5718.588184040247,0.5099894166683726,0.0006844744629350006,0.005530801985534562,1500.556253666464,10.0,20.607324035454482,10.0,0.5111111111111111,16884.392421632,1506.7721544923704,1.0,10726.380122850112,0.7285212066821553,0.39287695074073387,0.23349857012636205,0.6400745478756894,0.34901983738018605,0.3601396748937788,0.6513724403941507,,0.3010263182452819,0.33892269040174355,0.5601345283604722,13864.82913688005,6457.638730858388,0.0010097491906885748,33.97100219412454,1,3985.937091848526,9878.892045031524,16641.116464491337,0.49514871184145215,14,3.7397487487823944,,0.356298,-31498.174,True,Neutral,142
19a11ae8-63b6-4a84-ac44-8c1cdac2c630,TradeHalo BTM Layout Candidate,12.880033660614504,77.62279154158531,False,True,13173.957378114548,249,465.9334304019724,0.17974013330145336,926.0479544935348,0.12498125526227055,60.88461805115736,6,0.2122065907891938,1.5394633861583071,27.474292735879907,0.00045544401183258705,10151.67491351461,0.027688396365646482,0.8333333333333333,5.530708670430084,8.502051762826335,0.0,0.0,0.0,13173.957378114548,14366.43978806783,1.8445257980241596,1.0401007441359893,0.8776600376794655,5.1665299186915865,262.5,11367.489073270672,3.0,1.0,0,274.07039651540305,148.80378405656293,186.33097799020285,0.23858209237271163,9453.768745053609,0.4978762280476086,0.0002974098702272745,0.022719875516111127,691.9398261639342,0.5846012893576016,67.75900885422283,0.5846012893576016,0.3508771929824561,19285.569375411607,1214.697425263551,1.0,10485.163873580112,0.6750182510702124,0.6833887702685146,0.8332595598587478,0.5285323125077017,0.18165511287760755,0.27254081685837217,0.5523317904599009,,0.9588105274637604,0.3954009737366519,0.7610753328413652,13173.957378114548,10151.67491351461,0.00045544401183258705,27.474292735879907,0,0.0,13173.957378114548,14366.43978806783,0.2122065907891938,6,8.502051762826335,,0.26065597,-22858.959,True,Neutral,143
ea8001c1-b770-4bd6-afac-89b712c21ef6,TradeHalo HSR Layout Candidate,13.147649050924828,77.57669783344775,False,True,6515.464293408054,132,230.43741085214108,0.9879301958158621,869.5212991625128,0.0049375175786124685,55.568358705022646,4,0.1414710605261292,2.0394693519205864,25.604330474977594,0.0006139240152151481,4687.823455392958,0.029657815973673528,0.5,1.6100703141428863,5.133759907000715,0.18063925508683257,1176.9486165060869,588474.3082530434,5338.515676901967,7429.385089331311,1.6853734194029792,1.1533263927563508,0.8559224581919616,3.0936214110991105,423.5,2876.675325645391,3.0,2.0,0,128.50902158148833,194.149383700152,286.5805239240632,0.254086285885518,8640.908853141613,0.5049247202878467,0.0007358162920164629,0.010902453209538492,2351.9836466210263,0.07300423401407952,25.95329889725821,0.07300423401407952,0.4864864864864865,25840.00653463263,663.4562488303407,1.0,17917.28062783219,0.3320019861091839,0.7538589927717024,0.4619928350932536,0.4815395278104396,0.22047405850340834,0.33073999082184385,0.46494914688232564,,0.3420550630793213,0.2889840681947205,0.3824608044364961,6515.464293408054,4687.823455392958,0.0006139240152151481,25.604330474977594,1,1176.9486165060869,5338.515676901967,7429.385089331311,0.1414710605261292,4,5.133759907000715,,0.52802306,-32405.309,True,Neutral,144
dcb7c282-845a-4a0d-bae2-5423d9f95686,TradeHalo BTM Layout Candidate,12.95258108698268,77.50813720753418,False,True,11594.883944002382,236,410.0851320588511,0.24383276020672265,849.9729579150004,0.07941092845856712,57.963227796401114,7,0.24757435592072607,0.7912623598202437,32.072047849908614,0.0006037145377052997,8340.196029183342,0.023493132441982992,0.5714285714285714,2.531015826912023,5.141606195204877,0.18016742315854536,2089.0203620133007,1044510.1810066503,9505.86358198908,12616.968221658866,0.829695940906064,0.9992271400001941,0.7719819009221005,5.096727113933164,367.5,3664.019668037972,3.5999999999999996,1.0,0,238.01484521347462,37.95997863884284,71.04835411335905,0.24803602348759943,4362.699512020992,0.4903261784763735,7.87757113041731e-05,0.007603685932710793,2262.0689054864115,0.4472282416735551,26.765727011761165,0.4472282416735551,0.41304347826086957,17064.72346069646,947.1261855461302,1.0,8335.465818058616,0.6356411412960762,0.5988709263676563,0.4580016843298382,0.6195324449957181,0.2274685245311282,0.1769406819153288,0.45422494396706803,,0.48124453962793773,0.3386690596505737,0.5592321502396829,11594.883944002382,8340.196029183342,0.0006037145377052997,32.072047849908614,1,2089.0203620133007,9505.86358198908,12616.968221658866,0.24757435592072607,7,5.141606195204877,,0.38622156,-31579.66,True,Neutral,145
80a3e0fa-92b7-446c-b23c-84815d1a49f8,TradeHalo MG Road Candidate,13.058199038813546,77.64142548062586,False,True,13528.778483263739,258,478.4826599125997,0.037010693550426986,896.559522559073,0.1246562247247176,60.60661120430413,9,0.3183098861837907,0.47870232984918065,38.343639661025136,0.0006652485300970648,9419.129102080851,0.023981148299273638,0.5555555555555556,2.1516251674251667,3.8406631511725413,0.27797584699166494,3760.67365764785,1880336.828823925,9768.104825615888,10546.25750218732,0.5528595327928125,1.2585338472885859,0.8563704906482912,3.7730839474719637,381.5,9210.890173186746,3.0,3.0,0,309.62273933247036,17.841842077468744,783.1921845585276,0.25166293609836154,2983.2657463298233,0.4990807105563065,3.491058447827474e-05,0.018022665939702483,483.1088272185184,0.272946005035966,21.16865769588304,0.272946005035966,0.45,14847.547080473458,1188.292068562485,1.0,6083.154204028178,0.715054843635247,0.5281941890232772,0.2562986870300017,0.5910304504630586,0.38821139591788284,0.17988280613319976,0.466381933692368,,0.27597605012786536,0.3254296515069468,0.5121284288419228,13528.778483263739,9419.129102080851,0.0006652485300970648,38.343639661025136,1,3760.67365764785,9768.104825615888,10546.25750218732,0.3183098861837907,9,3.8406631511725413,,0.6680948,-31022.03,True,Neutral,146
b9ad91e2-5e5b-4026-8da5-61739695f220,TradeHalo Ulsoor Candidate,13.088416803858784,77.68659750674422,False,True,11512.159454353256,256,407.15935173831497,0.045231528368094145,899.6848547137467,0.3146381191103148,53.71439901763479,9,0.3183098861837907,1.0602826051671643,31.086490336676146,0.0007817820831691749,6591.2731636717945,0.03295004901353961,-0.3333333333333335,3.767171581504174,3.8391209390598857,0.27811878296753484,3201.7477767729274,1600873.8883864637,8310.411677580329,12525.171907073824,1.3576879465281884,1.1251504024826189,0.8262032021812546,4.2936570312860685,301.0,2689.625822624635,3.0,2.0,0,319.9437648614659,379.7622980864877,0.9615267913152932,0.248953379331906,7015.307500693861,0.47011550567122595,0.0007383928110441974,0.00522958803923335,1468.408651137831,0.15770064846053244,20.032830100993763,0.15770064846053244,0.4857142857142857,20935.399079533327,503.3514007047373,1.0,0.0,0.5508638670579015,0.4936504174132587,0.27669715979917864,0.5384627016888495,0.23210618998666444,0.17971126493474568,0.4586832382926804,,0.2909783710292592,0.26714395963679544,0.30475715049298124,11512.159454353256,6591.2731636717945,0.0007817820831691749,31.086490336676146,1,3201.7477767729274,8310.411677580329,12525.171907073824,0.3183098861837907,9,3.8391209390598857,,0.2497912,-32019.28,True,Neutral,147
5b851073-562f-4396-b16e-97a5ee0ccac6,TradeHalo HSR Layout Candidate,13.07448249415888,77.62587687343553,False,True,12929.953820689934,260,457.30356989172026,0.12825619384256537,879.5694003124122,0.37916784459929903,57.419727599618,15,0.5305164769729844,0.943610924281103,37.19221813167008,0.0011600969506942607,5764.972629581231,0.026995863756903708,0.2666666666666666,3.8032897704747852,5.27496908331892,0.17233362033213648,2228.2657526468365,1114132.8763234182,10701.688068043099,14416.76011895645,1.4187731713904315,1.1148543064637924,0.6561037899954357,2.61399497560232,353.5,699.1824190508257,3.0,1.0,0,274.62388038300253,503.9536445465167,91.7955822047463,0.2540855127991182,7315.525173632182,0.4904962866902297,0.0009749966623301154,0.0013527048217855042,107.3611279616185,0.49915756348978113,35.69642888859783,0.49915756348978113,0.34,12235.033465265871,646.0484046724803,1.0,0.0,0.6004252235212143,0.3187139662040018,0.47278096176521095,0.5295266719084871,0.19662539709060592,0.22236902581526521,0.4168420159744595,,0.48273572272511195,0.27325909116503394,0.326513821840519,12929.953820689934,5764.972629581231,0.0011600969506942607,37.19221813167008,1,2228.2657526468365,10701.688068043099,14416.76011895645,0.5305164769729844,15,5.27496908331892,,0.71809703,-23924.102,True,Neutral,148
603dc6d2-a66d-4fbc-b36b-11cb649eff61,TradeHalo Basavanagudi Candidate,13.133321402984295,77.55977989064995,False,True,11725.698201889358,230,414.7117400076534,0.5845048840309968,936.9227690027535,0.10430847131294942,56.15434891039905,8,0.2829421210522584,1.7906332814586634,28.475402221992606,0.0006822621444163524,7974.774670011483,0.016862697305001333,0.0,2.0906575806586134,4.21805749275861,0.24511711450774,2874.1693088357147,1437084.6544178573,8851.528893053643,10087.45939991274,1.0713275949866012,0.9511501256799795,0.7478541121709388,5.492207232896993,371.0,4196.74326945279,3.0,0.5,0,286.8927601107942,352.7688089553558,211.95971954574955,0.25338801197311717,5574.355392969669,0.5145630686862673,0.0007724514244062017,0.00918953216401342,1864.1850116800624,1.7167454371336202,20.90250308346096,1.7167454371336202,0.42857142857142855,17402.089028404152,749.9685081214437,1.0,0.0,0.5511468554843296,0.5749420480569724,0.33538663989275763,0.5638459831680956,0.2081912514428402,0.30111104153518614,0.4715577121422067,,0.39148834755374456,0.29826049958771933,0.41546488099044615,11725.698201889358,7974.774670011483,0.0006822621444163524,28.475402221992606,1,2874.1693088357147,8851.528893053643,10087.45939991274,0.2829421210522584,8,4.21805749275861,,0.67318106,-31303.752,True,Neutral,149
35244fa1-7248-40ff-aa31-7bab2f846dc5,TradeHalo Electronic City Candidate,13.045221454989264,77.51573584907983,False,True,14490.304609297043,261,512.4896901059777,0.10078556288036555,966.2777352546609,0.17226343650982434,63.364762727587475,7,0.24757435592072607,2.319220388749328,30.163051326662867,0.00048308163208030623,10914.618973961618,0.03527076759831372,0.1428571428571428,2.8928460614703306,3.1576326247274826,0.349048566218369,5057.820047942557,2528910.023971278,9432.484561354486,25831.931027536724,1.2943644896907165,1.088009431753507,0.9597938775112681,2.2833664779699956,339.5,17500.75401557325,3.0,1.5,0,319.61093735908725,599.6547257388929,55.11169865293561,0.2547458671039221,6688.910498126208,0.5147014572545471,0.0011716396945751478,0.0341939739812362,1319.0944463630624,1.2359510427519615,37.23060793390334,1.2359510427519615,0.3023255813953488,14232.242746964846,282.0746895723944,1.0,9916.528457372991,0.717408148504531,0.7327358787732537,0.09860843789537238,0.8086174942231816,0.3214963188371967,0.39323223703015636,0.3693177250496272,,0.21466550946362067,0.39458389074371697,0.7581682807102939,14490.304609297043,10914.618973961618,0.00048308163208030623,30.163051326662867,1,5057.820047942557,9432.484561354486,25831.931027536724,0.24757435592072607,7,3.1576326247274826,,0.6074997,-33427.93,True,Neutral,150
c1b23590-901a-46ec-ba85-47f4b88db927,TradeHalo Rajajinagar Candidate,12.86246511059104,77.57024714285701,False,True,10444.039976533459,220,369.38235291436945,0.5053557670370036,799.1729520641767,0.04482884623685854,53.498241344280956,8,0.2829421210522584,0.08505030974249829,38.15359107768013,0.0007659871101580488,6929.6584615847205,0.024451692883740522,-0.375,2.2107118462972775,4.000547110897122,0.26354907021003476,2752.5170250518263,1376258.512525913,7691.522951481633,10713.524194785556,1.6027329451892005,1.1812738137235108,0.8178947554847725,3.5126324390700177,409.5,14130.58674898098,3.5999999999999996,3.0,0,251.61674064469494,426.8114692254913,70.62452127006529,0.24545354281675044,8235.303079423835,0.48394150915524115,0.0009516860709706137,0.03150778166306116,2527.237795412924,1.584543197948421,13.41102479578485,1.584543197948421,0.3469387755102041,17101.213334805994,732.7066609490391,1.0,0.0,0.5647313219542826,0.4261435591989708,0.3126618930882509,0.48241979458417894,0.4263274761376213,0.3359093092832207,0.4334454470969164,,0.2162242252411974,0.2832328179233846,0.36199876508164747,10444.039976533459,6929.6584615847205,0.0007659871101580488,38.15359107768013,1,2752.5170250518263,7691.522951481633,10713.524194785556,0.2829421210522584,8,4.000547110897122,,0.43593335,-35370.36,True,Neutral,151
47f485cb-f7ef-402f-858a-cc0ab46583b8,TradeHalo Electronic City Candidate,13.052574278856424,77.67586381771385,False,True,13322.43483125099,262,471.18474609183016,0.13094206735233604,812.5736011033036,0.18127935744594842,58.39707429084455,9,0.3183098861837907,0.3284527165475295,35.95635598230885,0.0006755521880195898,8984.320268776672,0.0276975609325945,0.22222222222222232,2.458894350353238,5.971977349947719,0.13660535690083725,1819.915964911187,909957.9824555935,11502.518866339804,14936.333216630774,1.1238440430620293,1.2453159180422093,0.8302346747340179,3.5715624086876643,371.0,7861.831423476642,3.0,2.0,0,322.7888955052336,989.5859401819664,371.14720554261066,0.24925346749486788,5842.45280060805,0.49375781869197655,0.0018985660607422448,0.01508328454337679,678.4360033083458,0.722427559389203,10.200087938799365,0.722427559389203,0.36363636363636365,11638.24610371899,590.0672220396029,1.0,11952.425010320669,0.7041081709298672,0.5124849330708889,0.5483842208512838,0.5596160395297609,0.356538074565284,0.25536427650059407,0.3348424080125751,,0.5784332772009735,0.3476172096428703,0.5910682534619709,13322.43483125099,8984.320268776672,0.0006755521880195898,35.95635598230885,1,1819.915964911187,11502.518866339804,14936.333216630774,0.3183098861837907,9,5.971977349947719,,0.63381624,-27058.98,True,Neutral,152
f5d5838d-9f12-43d9-b84a-0eda0432ccb4,TradeHalo Hebbal Candidate,12.994089121907852,77.73259915781298,False,True,10289.789020368979,227,363.92684132542985,0.5120623389415134,781.6596441031918,0.2239422802811656,52.70622911864963,10,0.35367765131532297,0.8412894386099778,28.349960334820743,0.0009718372242817291,4705.755545706934,0.02196120802392118,0.5,2.555941381011018,7.836566353289917,0.0,0.0,0.0,10289.789020368979,11964.236476078046,0.8269132783459676,1.1269354097766984,0.7197786570160774,4.096672637955801,301.0,6784.523959387313,3.5999999999999996,1.0,0,281.15309703039634,20.565625961080254,580.1577783911773,0.24811561240927493,4365.5764902655565,0.48684553473876246,4.5445343988293765e-05,0.014992250939245506,2099.482988423288,0.6955036183988816,23.674765393584536,0.6955036183988816,0.38,19096.131202707715,299.08932499240683,1.0,0.0,0.5136810361503811,0.4808634141894809,0.7763344396354436,0.5614595565101548,0.25463158978627254,0.19197548710576812,0.41626674818622444,,0.8468156739097494,0.3328921296352143,0.5386787464148423,10289.789020368979,4705.755545706934,0.0009718372242817291,28.349960334820743,0,0.0,10289.789020368979,11964.236476078046,0.35367765131532297,10,7.836566353289917,,0.24715297,-30183.012,True,Neutral,153
28abf0a0-5f96-4980-87d9-739324296b10,TradeHalo JP Nagar Candidate,13.106852957494086,77.6125357024534,False,True,12774.123731494994,242,451.7922078966479,0.1313720070068223,865.0838335081219,0.08514541161308617,58.79475401649641,14,0.49514871184145215,0.7205596590530097,35.193529955980026,0.0010959655859198053,6209.28151514329,0.02571867499286757,0.3571428571428572,3.339133575472354,3.43200301162932,0.31854198109626847,4069.0946801992727,2034547.3400996365,8705.029051295722,10917.630489478146,0.8384236396028442,1.1599115323743605,0.9575412952226577,2.98548448169893,318.5,18199.142211166876,3.0,0.3333333333333333,0,277.6776833801226,994.359630178389,37.37167525590318,0.25856319692361857,4415.602753955354,0.503207796150914,0.0020714538891913902,0.037912524572729936,1310.894486077024,0.2511404777687576,33.70720285425119,0.2511404777687576,0.3157894736842105,19916.466076440498,307.94410869838873,1.0,10288.18971849856,0.6824155590292645,0.35780551281111317,0.18600070540418487,0.6695494131715235,0.2539130477946676,0.3599358594021604,0.3901555067603612,,0.2029843476583665,0.29498369279642,0.4038065203977975,12774.123731494994,6209.28151514329,0.0010959655859198053,35.193529955980026,1,4069.0946801992727,8705.029051295722,10917.630489478146,0.49514871184145215,14,3.43200301162932,,0.44237164,-25394.234,True,Neutral,154
49ec32e2-5da8-47c2-81f1-cfd617c0ca07,TradeHalo Frazer Town Candidate,13.077234745923027,77.66543093768976,False,True,12237.450146026242,259,432.8112625734917,0.2304332239571058,903.8517522264167,0.2585698094417788,53.49728900215338,5,0.17683882565766149,1.3575456557193828,32.6117763838937,0.0004085818483700712,10032.4994107093,0.020457145350208705,0.0,1.4832560174279805,6.336380238461711,0.0,0.0,0.0,12237.450146026242,11982.425844331075,0.6423714429959889,1.265841003566783,0.8178341331919841,4.8781070177818915,304.5,551.3002884098291,3.0,0.5,0,282.3509602871565,466.8233302518716,260.8626427128451,0.2515507867715632,3436.816665497252,0.4894863234216645,0.000908032622629783,0.001072351389274478,101.58511464902926,0.3727415449368969,33.39896024043694,0.3727415449368969,0.5227272727272727,20396.677090219833,847.1175240298008,1.0,19456.45427810638,0.5712081385810022,0.6635095644496891,0.7853960804037102,0.5408320269898669,0.15445251860792922,0.13355535458546128,0.47008896111981124,,0.86121700208204,0.35370531873239164,0.6127287832440389,12237.450146026242,10032.4994107093,0.0004085818483700712,32.6117763838937,0,0.0,12237.450146026242,11982.425844331075,0.17683882565766149,5,6.336380238461711,,0.71424687,-26801.81,True,Neutral,155
7d38a650-ce28-42d2-8eda-dddce283fa88,TradeHalo Jayanagar Candidate,12.951528495268088,77.65963407616813,False,True,13185.225696960419,284,466.33196565634034,0.10080258244322132,807.3736176513902,0.244289833045654,53.7808373678929,7,0.24757435592072607,1.6523665036597988,30.70088029278555,0.0005308972452108807,9433.111344720213,0.030316345787484544,0.2857142857142858,2.5468547578952685,3.5728709826804774,0.3039302653375754,4007.3891446129974,2003694.5723064987,9177.83655234742,14788.401873952873,1.9624485979245663,1.046741855260304,0.8095402240504168,5.9095457742773405,315.0,6055.587320037567,4.5,1.5,0,304.93906517309534,1370.5021062829253,298.89394536155487,0.24987643716536737,10043.205665538308,0.5157990905738332,0.002417333875281539,0.010681031642595831,403.16337291954704,0.4316916990807322,40.2550350564254,0.4316916990807322,0.43902439024390244,9965.344880283159,374.76136983197716,1.0,0.0,0.6743302028340492,0.6743671542057457,0.20878223211296895,0.4630389087004918,0.41889682583417487,0.36994701740974706,0.4049283679544911,,0.28120519389985177,0.31590551844958126,0.4782430689208074,13185.225696960419,9433.111344720213,0.0005308972452108807,30.70088029278555,1,4007.3891446129974,9177.83655234742,14788.401873952873,0.24757435592072607,7,3.5728709826804774,,0.4380918,-24973.268,True,Neutral,156
642e1b9a-9fc6-418d-8db2-37374c1e0886,TradeHalo Jayanagar Candidate,13.085935085018964,77.51585542478725,False,True,12396.450874621347,250,438.43476299818593,0.10536657838496022,764.4016421258077,0.2650018588401781,56.6188783071824,12,0.4244131815783876,0.2950002840476627,37.08381433214997,0.000968019001677893,7166.774796770952,0.027033191682294812,0.16666666666666674,2.4280569777666146,3.8407789129654164,0.27796512087113756,3445.780965737242,1722890.482868621,8950.669908884105,12472.519891469838,1.1971060358952408,1.3447297188584035,0.9549653237619544,5.480128974113368,392.0,4514.797384075148,4.5,0.3333333333333333,0,309.69214283507375,406.7053252343022,25.50712563075172,0.2511455529513786,6209.937915163026,0.5095449974662359,0.0008262181228242475,0.009171769308536658,898.4688850260613,0.1572665292680997,76.86204165380364,0.1572665292680997,0.3188405797101449,19215.085135841844,231.89392135114363,1.0,18403.2086290029,0.6505406778745391,0.3970355662487154,0.26791833520396546,0.47809508487884483,0.34280760670943783,0.2559921553739001,0.43314831355177513,,0.258440937733428,0.27331611424951635,0.326716700961365,12396.450874621347,7166.774796770952,0.000968019001677893,37.08381433214997,1,3445.780965737242,8950.669908884105,12472.519891469838,0.4244131815783876,12,3.8407789129654164,,0.4901059,-27960.47,True,Neutral,157
054670d8-b518-473e-9ea1-be811ab2cdc6,TradeHalo Ulsoor Candidate,12.871541456951483,77.45335971775248,False,True,6405.7198683449915,133,226.55599580201564,1.3777460467036031,860.9256530190286,0.058304272760915335,55.635447125637995,7,0.24757435592072607,0.3750046865512208,23.335262736427985,0.0010927733562923583,2677.84223991834,0.02630696943570721,0.5714285714285714,2.067964354616996,5.775236282975237,0.14586426798938898,934.3656395412273,467182.8197706137,5471.354228803764,5362.566458316593,1.242625486171667,1.0121885787986558,0.6836227852123722,6.519380782598862,448.0,4672.962133864746,3.0,0.6666666666666666,0,148.21349156746174,1723.2723410797917,96.11922242242622,0.2503765761499138,6439.096719521633,0.5196835795081394,0.006444405337329483,0.017475161295600557,65.39889025945143,0.47333595378927706,87.95040809835272,0.47333595378927706,0.42592592592592593,15846.435549195176,457.8197038806061,1.0,11395.215215803995,0.28290149711584217,0.5416886589198318,0.512260119108716,0.40997841106349775,0.2554841768985607,0.416595296908718,0.5037721259033591,,0.43965900930764285,0.2590370480291071,0.2759140404670517,6405.7198683449915,2677.84223991834,0.0010927733562923583,23.335262736427985,1,934.3656395412273,5471.354228803764,5362.566458316593,0.24757435592072607,7,5.775236282975237,,0.21435267,-31920.39,True,Neutral,158
c6467589-4d80-483f-99d1-3f3bb895a5ef,TradeHalo Ulsoor Candidate,13.029724558608384,77.65758812386073,False,True,11650.214233020113,237,412.04204072549004,0.2202104705211241,853.6550617901765,0.15418085946330123,55.97483471227662,6,0.2122065907891938,1.5688972702109267,32.67547641113611,0.0005150119886202818,9171.149962162093,0.0317362937515676,0.5,1.6058262092818059,3.2525057382115006,0.33818284122039033,3939.9025501489723,1969951.2750744862,7710.311682871141,16595.200268226967,0.9821559652576259,1.2093415983816844,0.921601537336334,3.636053498709023,371.0,16279.537499984152,3.0,0.6666666666666666,0,243.74270820995469,72.07026192820437,210.92248338246029,0.2461234020066931,5138.092540791973,0.4994792873287009,0.00015507193832142976,0.03502830942412592,25.03135941268735,0.1703409782605991,74.21835039313183,0.1703409782605991,0.36363636363636365,15236.474178783596,1137.2908242561934,1.0,21246.91967862289,0.6028761482067667,0.7199637780364421,0.16646328331208488,0.6481500616433796,0.2410299751495695,0.24130398516698495,0.4961775020867613,,0.15809926624491846,0.3239317337629574,0.5067990742873839,11650.214233020113,9171.149962162093,0.0005150119886202818,32.67547641113611,1,3939.9025501489723,7710.311682871141,16595.200268226967,0.2122065907891938,6,3.2525057382115006,,0.3553366,-23147.33,True,Neutral,159
41f592bd-9f02-45f5-a932-bf0e6ef763c7,TradeHalo Electronic City Candidate,13.022632061082431,77.67043823476246,False,True,12420.21412721769,243,439.27521613477467,0.152716671257716,914.8309981075863,0.032775207748314016,57.60845040632698,6,0.2122065907891938,0.5081312466011656,33.47013955466285,0.0004830834588311633,9538.324713586546,0.024554625151172037,-0.16666666666666652,2.332003025706246,4.453989931442386,0.22657861448022448,2814.154908492695,1407077.4542463475,9606.059218724995,12018.318770753096,1.404979189624002,0.9526135273251957,0.8112990926992945,3.732410411402212,343.0,1792.858332638554,3.0,1.0,0,268.25967038332334,136.7343758326257,1214.961229807588,0.24470069012023501,7246.25365559978,0.49552548378964556,0.00028580781470585726,0.003747506206894514,113.96991601828624,0.4216851908210958,44.37429710374786,0.4216851908210958,0.3584905660377358,14434.292987029949,427.7079021251674,1.0,6968.077388850534,0.6603383933197045,0.5738871120382777,0.3662221675551688,0.617157329443452,0.24454442479858035,0.18369706494657903,0.40809960364688874,,0.3962827652350231,0.324670184386959,0.5094263648793517,12420.21412721769,9538.324713586546,0.0004830834588311633,33.47013955466285,1,2814.154908492695,9606.059218724995,12018.318770753096,0.2122065907891938,6,4.453989931442386,,0.28663564,-27185.768,True,Neutral,160
0b00c0dd-b769-4f27-bb24-4b2db366770e,TradeHalo Koramangala Candidate,12.929219036024074,77.68753563608216,False,True,12204.702295597635,269,431.65304429097023,0.030162124493631697,759.005431637649,0.18503756203362934,55.99183114715359,10,0.35367765131532297,0.2926657159186764,34.15518815828475,0.0008193563233088532,6780.746186814966,0.024741827703907687,0.10000000000000009,2.019676435523454,6.695309486937281,0.0,0.0,0.0,12204.702295597635,9813.698144747581,1.0720424751728526,1.0563655844827853,0.6286621234399954,4.483083275289293,294.0,4841.7416318145815,3.0,1.0,0,303.3192249352478,342.1414108625861,70.07111907712198,0.25565466602731995,5591.004625658543,0.49617653504824216,0.0006347732031446406,0.008982858393777042,1153.4691367455637,0.3533527068135582,40.73610310736136,0.3533527068135582,0.5961538461538461,10878.267010465468,390.3295544156024,1.0,0.0,0.690595009703488,0.4533333794973547,0.7902725374583177,0.4907955776767047,0.18566142200032495,0.23847097993001287,0.44830490800566025,,0.8399660911077659,0.3431587730927553,0.5752058409698158,12204.702295597635,6780.746186814966,0.0008193563233088532,34.15518815828475,0,0.0,12204.702295597635,9813.698144747581,0.35367765131532297,10,6.695309486937281,,0.56717724,-29688.627,True,Neutral,161
ca9d55f8-6543-4c7b-ae59-e84b5f898388,TradeHalo Rajajinagar Candidate,13.148608316572496,77.50379481174713,False,True,6676.775694917526,138,236.14263461376643,1.001347741043835,836.6018899299398,0.039074617963954505,57.37163480033949,9,0.3183098861837907,1.0884914282217621,25.761857623202623,0.0013479560211751536,1346.6096557015717,0.02313479700972374,0.0,2.018617857712126,3.7915464524669447,0.2825643921686915,1886.6190658810638,943309.5329405318,4790.156629036463,5361.906772162769,1.0537630446892405,1.078340833991153,0.8525246798550326,5.761633716095975,357.0,4926.351706281863,3.0,1.0,0,155.274751571966,121.2131201514492,471.5983318501533,0.2534079755371093,5492.108914803426,0.5055461220338124,0.0004398716196202967,0.01787729167563638,234.76002614810156,0.3822750437782682,16.938833905186176,0.3822750437782682,0.48936170212765956,15959.822001670698,921.0550614525367,1.0,7919.995834470158,0.3551983203322256,0.43489230820263014,0.3202869010586105,0.4989693771238405,0.16398398607401293,0.25251304904322996,0.44421327034264174,,0.1602508707322465,0.2225841676333065,0.1462204541917309,6676.775694917526,1346.6096557015717,0.0013479560211751536,25.761857623202623,1,1886.6190658810638,4790.156629036463,5361.906772162769,0.3183098861837907,9,3.7915464524669447,,0.6018335,-30369.143,True,Neutral,162
