candidate_id,name,lat,lon,demand_reached,demand_density,freq_score,comp_count,competitor_density,comp_pressure,saturation_ratio,unmet_demand,nearest_sister_dist,self_overlap_count,self_overlap_demand,net_new_demand,rent_adj_demand,future_demand_proj,NOI_raw,opportunity_score,is_pareto,shap_demand,shap_comp,lisa_cluster
df5840fc-d872-494a-8381-db1ed8e049fc,TradeHalo Node 41,12.974460377433427,77.54915973960627,16648.768584061145,588.8297370103081,374.6053361651174,6,0.2122065907891938,2.7048450718080064,0.00036038701419299903,13942.413890312691,5.9765275294989575,0,2270.8640812800577,14377.904502781086,330.64603839752255,21800.416252619136,26382.895910108073,1.0,True,0.5625974927327073,0.31705870291953026,Neutral
0c7a0cd6-d05f-42bd-bbac-814c6a5bc9fe,TradeHalo Node 130,12.910727443808856,77.67815466236954,15685.960783500032,554.7773768532554,305.92184109419395,8,0.2829421210522584,4.697438030550931,0.0005100102002304603,13058.16471398049,9.287827352138395,0,0.0,15685.960783500032,308.39464321224193,18839.552044223175,21934.818533734244,0.8216656246598608,True,0.32329172535416534,0.3211017732767949,Neutral
67746fac-b49c-4f79-bc8b-02448a46fd19,TradeHalo Node 17,12.916954648104715,77.67201833976843,14450.526885919324,511.0828409280875,355.5185921282278,8,0.2829421210522584,5.451652041746886,0.0005536130317708516,12346.22753332569,8.448447729709285,0,0.0,14450.526885919324,215.8154747556134,17744.71850728545,21082.30963201759,0.7874864435001375,False,0.25304241540300487,0.17299579805682141,Neutral
4fd9548e-b08d-438e-9f82-42bf2e3ca3b9,TradeHalo Node 224,12.977353060932654,77.55629055803689,15292.767460706333,540.8710077614012,277.7321005329452,7,0.24757435592072607,3.5232993924413205,0.00045773271698441745,12378.770509702379,6.259738150487371,0,0.0,15292.767460706333,294.3691044264829,21107.813551956267,20323.36689208753,0.7570585601716561,False,0.31386512629206587,0.21700946963967815,Neutral
dfbbc934-b52c-4843-8a0d-63696e63cd3f,TradeHalo Node 244,12.917961670859675,77.70358062074602,15557.608851682426,550.2378558745519,284.82718270602425,4,0.1414710605261292,2.833921101070255,0.00025710891938046334,13663.771329563588,11.172179341222527,0,0.0,15557.608851682426,301.8622989772948,17308.847332747777,20290.944006795165,0.7557586468594347,False,0.4269546009696298,0.1497279082928284,Neutral
e8b2465a-2fae-439c-860a-0ba040ce3a74,TradeHalo Node 217,12.93811545647947,77.70421615034793,15326.749548724452,542.0728782691051,310.5982366292764,6,0.2122065907891938,3.1196691356456716,0.0003914724371873971,12975.54093528485,9.120537239757464,0,0.0,15326.749548724452,232.23386478161814,17675.983476644484,19236.162996694566,0.7134698787826802,False,0.4292075704655704,0.23610391669755168,Neutral
40f3372f-f52f-4a2d-b65a-d87e44471eb5,TradeHalo Node 210,12.880297650046414,77.6097056944038,14830.12231367296,524.5082828618816,310.0467177999102,6,0.2122065907891938,3.0549050246187917,0.00040458196318908084,12803.641296500835,5.249790565547154,0,2577.2687529762306,12252.85356069673,294.883627447396,15101.841622732565,18235.589291302564,0.6733544150363376,False,0.35753225333731425,0.2071732725271833,Neutral
1923d21b-c58c-46d3-8e3b-4fff7687c9c0,TradeHalo Node 249,12.90782165216485,77.67710849851177,15243.972627559004,539.1452435630141,320.147366408961,10,0.35367765131532297,5.8302162003940525,0.0006559969795485841,12091.893422122894,9.289646139747877,0,0.0,15243.972627559004,280.27563582414354,15869.567300174805,17860.165966858356,0.6583027694852758,False,0.31769336135589404,0.1911566866510348,Neutral
27b2ff8c-43c3-492f-bb4d-40a854950742,TradeHalo Node 142,13.035664034116746,77.51365905160554,14809.202976563147,523.7684126602744,259.9812461186607,7,0.24757435592072607,4.615483986908147,0.0004726790503903626,11459.184659639677,7.269334563285175,0,0.0,14809.202976563147,293.698452867417,18952.572384197858,16785.243294588832,0.6152064725736394,False,0.2950511657315741,0.1944126455622555,Neutral
136583d0-4a50-43c7-9876-6dd01c854c22,TradeHalo Node 123,13.129367610630569,77.69252239920726,11059.23769655574,391.1405213855717,323.0560634992237,6,0.2122065907891938,3.0354674893367495,0.0005425328729364977,9337.562031359532,9.661642046378555,0,0.0,11059.23769655574,217.65934611049286,13090.839193613516,16759.553131029596,0.6141764906549216,False,0.25062501694529765,0.21392105858177723,Neutral
936e2725-a3a2-4351-a2fc-1833030d2add,TradeHalo Node 94,13.101050493945085,77.58090998609488,14029.36088548565,496.1871407433625,299.0836607135004,7,0.24757435592072607,3.742782782058689,0.0004989535914812761,11335.402858662212,2.697095924801362,2,5709.436685200035,8319.924200285615,280.50851388544453,17555.947078233723,16658.772683909687,0.6101359543596019,False,0.24292508770082008,0.16128157326073897,Neutral
533fc504-7cdb-4288-a855-c29ddbf73baf,TradeHalo Node 80,12.883141675695576,77.62522580744265,13104.243885133497,463.46781995571985,263.29001711724254,4,0.1414710605261292,2.2705181548500257,0.0003052446241891087,11596.731617389136,6.762147911480139,0,0.0,13104.243885133497,230.24126258963574,15189.774038652715,16614.409657129596,0.6083573313727251,False,0.2970613030679669,0.21889758526290723,Neutral
eb7104d6-48a2-439b-b921-07188f2dfc70,TradeHalo Node 112,13.130415591447337,77.49026530030272,12980.641088364237,459.0962652699841,419.7280542457285,12,0.4244131815783876,6.736103178625488,0.0009244535703831087,9167.475785224153,2.0061771658797456,2,6650.774929106276,6329.86615925796,234.09493370639703,15525.224203783759,16060.539704166107,0.5861513210622797,False,0.1880131204685807,0.18769142732255362,Neutral
2bcf6086-2a81-43d9-a80b-4e2e797e1436,TradeHalo Node 10,13.0072650492695,77.64896411041964,13509.653792302192,477.80626233445855,291.12836124672975,8,0.2829421210522584,4.505989291993985,0.0005921691349750506,10454.507241825899,7.176107279381145,0,0.0,13509.653792302192,264.9152326181473,17211.339608058766,15993.941443224174,0.5834812327839365,False,0.20502549885550547,0.17187869623566274,Neutral
de4a97fd-0001-4695-90f7-1924496aaf91,TradeHalo Node 59,13.06666678691414,77.72540506974856,12885.082295409953,455.7165643245243,378.4307866154287,7,0.24757435592072607,8.35730746438599,0.0005432638953725275,10711.229402859704,6.577601062097068,0,0.0,12885.082295409953,186.63961511547618,14653.395304035597,15926.622041304905,0.5807822321880135,False,0.20027174909633041,0.21926553219892203,Neutral
112df4cd-04b3-4c6e-94f0-154476cbeef6,TradeHalo Node 144,13.13164084031943,77.66978559958824,12666.523047737704,447.9866121855278,283.85840698603215,6,0.2122065907891938,3.744975299878917,0.0004736895813781846,10798.867682810946,7.260362320215315,0,0.0,12666.523047737704,252.64164736608154,14625.435880129007,15900.376984580622,0.5797300032358933,False,0.3777320787052598,0.15663806735824143,Neutral
c234c6c3-96d3-45ed-a240-9203b127f9d0,TradeHalo Node 170,13.03479643219371,77.69323979180477,13775.6212103209,487.2129355075843,268.2304975132354,4,0.1414710605261292,4.235697822364145,0.00029036803051779185,12197.137678867059,6.138233296263538,0,0.0,13775.6212103209,184.36077725808298,17504.0339212621,14977.100626398704,0.5427135804827175,False,0.2621574708483078,0.17186425371405467,Neutral
8494b28a-2070-42c6-a039-7cc229891ab6,TradeHalo Node 174,13.127272261427928,77.69554229503929,12377.411341054918,437.76137724679455,319.01801836683177,7,0.24757435592072607,3.1573075097020515,0.0005655463656428336,10356.615712181814,9.96491722350455,0,0.0,12377.411341054918,201.51120852951115,12172.664903743214,14928.853711498641,0.5407792428570969,False,0.3289282351133002,0.13162065729371217,Neutral
cb67a583-7224-48d0-a128-9fb6f23b2b96,TradeHalo Node 154,13.042227107044694,77.71819552003096,12735.57335445899,450.4287672159065,317.47399953485365,5,0.17683882565766149,2.37545200147565,0.0003926010915126484,10716.315097920875,4.515875545727061,0,2826.6924449969774,9908.880909462012,199.4466014026468,15342.530208752809,14836.107613053644,0.5370608233846129,False,0.19808611918732014,0.16923820105838175,Neutral
077d0652-fb95-4c06-844e-f2aed8a1441b,TradeHalo Node 185,13.00952961435186,77.561828059208,13903.160552992458,491.72371702422197,301.91412414866727,6,0.2122065907891938,3.704829880732816,0.0004315565498312961,11586.596182792435,3.433522405978343,0,4426.497872956237,9476.662680036221,233.34648480548984,13757.676758039413,14359.360134514685,0.51794684298674,False,0.33873895922439684,0.10506882318776087,Neutral
1341ae7b-4bf0-46d1-9637-cc080b6fc197,TradeHalo Node 189,13.082616763649808,77.52028423574313,12750.961303118922,450.97300456996703,289.1153029982116,8,0.2829421210522584,7.588373558560887,0.0006274036764618819,9966.484511110317,2.959210870556159,1,4755.03017327754,7995.931129841382,245.44734578337844,13659.386466242815,14139.78601756639,0.5091435759404371,False,0.25877598772738586,0.14442405673556727,Neutral
4f43ca7f-0e4f-47e5-90b3-9745c6c78beb,TradeHalo Node 75,12.941897525175284,77.54673604614581,15068.866625053968,532.9521355932945,307.9049519124338,10,0.35367765131532297,7.951475567631077,0.0006636199157389639,10706.939085873844,2.42689812128055,1,6710.441606594117,8358.425018459851,292.2711196003327,17343.811368779217,14013.216973213275,0.5040691112780189,False,0.2727106677562914,0.05981130420042115,Neutral
c99f646f-6c61-471e-a39c-d3a9b5209eb7,TradeHalo Node 140,12.948572080064611,77.67993198354937,14238.28268318325,503.5762378151887,263.63620403229623,6,0.2122065907891938,3.0290891891749894,0.00042139913453794283,11823.65353480215,9.082195564747197,0,0.0,14238.28268318325,210.04214433379025,15765.96709383941,13930.311092714,0.5007452103743625,False,0.25931476556735633,0.1589513032844251,Neutral
1f262aa9-81ed-4133-8200-8af7bcd0ef3b,TradeHalo Node 179,12.998862879284262,77.51100259016083,12915.638364096667,456.79726418517896,338.12861619414434,5,0.17683882565766149,3.145856923841545,0.0003871275936231825,11185.143312224243,5.368214129671868,0,2157.6812366938734,10757.957127402793,171.80420935667604,16571.20781334118,13930.016559584752,0.5007334018159277,False,0.3455101713188535,0.06246137424877471,Neutral
ec35bc45-b90e-4944-ac5d-bb8e17115791,TradeHalo Node 34,13.09845704236789,77.68796682967142,12603.34787514992,445.75224751929903,347.6551544258767,11,0.3890454164468553,6.493664420891661,0.0008727839704947565,8385.033278991337,9.41761601910066,0,0.0,12603.34787514992,201.1821917924019,13382.785945431417,13917.494720286686,0.5002313704436339,False,0.3320562720664598,0.10824257188838352,Neutral
4d5dd96b-88f1-40e2-adc4-c923556fced3,TradeHalo Node 125,13.098112063125154,77.64499551802098,14112.052519108616,499.11175901968227,283.7144180877519,10,0.35367765131532297,5.778611688487853,0.0007086141428725101,10226.361121301374,5.0726194581720225,0,2601.6765603721133,11510.375958736502,268.25098084414896,14238.402510499001,13913.048526616341,0.500053111590707,False,0.2821269087323535,0.15661235487873257,Neutral
27a09131-de30-4268-8ef3-ccfc80c46644,TradeHalo Node 202,13.043912473105914,77.49355533781248,14367.245646334704,508.13736960659577,255.9895675245599,6,0.2122065907891938,3.3277362245351347,0.00041761658063740897,11256.6911674252,6.505865553873627,0,0.0,14367.245646334704,239.41013046574818,17048.5876358195,13581.61415361989,0.486765091425294,False,0.3048119004057851,0.11913355055143753,Neutral
0ceab539-1031-4460-bc2a-644ceb15fedf,TradeHalo Node 105,12.949615655090042,77.58442431768096,14823.037483097774,524.2577082381017,247.67620088023583,6,0.2122065907891938,3.3370571431316125,0.00040477533750026635,12432.240431736482,1.9230808534422406,1,7808.052758696099,7014.9847244016755,284.90840331554733,20101.03947905803,13571.869843296183,0.48637441802920406,False,0.2799215383016301,0.14717397305589683,Neutral
d503f28f-465a-431b-827f-4fbcf86d3a9c,TradeHalo Node 48,13.052498814173022,77.70115675458031,12617.354792302802,446.247640875379,331.7480642484697,6,0.2122065907891938,2.42456548537728,0.0004755354905023588,10901.564547045693,6.598205356275007,0,0.0,12617.354792302802,160.04649090152958,12560.758341768103,13511.100160768612,0.4839380118122763,False,0.2828207283173019,0.0598968355079142,Neutral
b0b31834-e83a-4656-a2ba-5b55de126a2a,TradeHalo Node 243,13.003307110003687,77.50370561879947,13033.745816806331,460.97446083289793,313.96362981779754,7,0.24757435592072607,5.444809481097799,0.0005370674016807867,10283.001093582678,4.661985030922871,0,2755.3564463832204,10278.38937042311,254.51903427321835,14356.633506979104,13445.396329325791,0.48130378341507124,False,0.19686314268297705,0.14706129280117683,Neutral
c5f0c092-8883-42ad-8e6e-029921cc68b1,TradeHalo Node 187,13.016475665692283,77.51782104032853,13539.85359682879,478.8743619279735,289.87837136409087,5,0.17683882565766149,2.4350919698683855,0.000369280211506206,12124.341329607623,6.562576851252612,0,0.0,13539.85359682879,194.16151819934245,16427.444647271663,13410.256374358827,0.4798949360888534,False,0.2875123510848713,0.09702552273298938,Neutral
980ed833-57f0-402b-8681-b1d4e81dbcd1,TradeHalo Node 86,13.136869955794102,77.6802226300066,10811.13621219988,382.3657263580891,339.05563916741437,5,0.17683882565766149,4.703721752723917,0.0004624860793408305,9093.602914474339,8.484717891280932,0,0.0,10811.13621219988,159.03282532141455,12586.09258827932,13366.588728398607,0.4781441926314096,False,0.2998221253012589,0.06087952141647859,Neutral
b3a3c8e7-4597-4aaf-a807-b9833fb8c569,TradeHalo Node 176,12.970094462549715,77.57033079450524,14520.38971425674,513.5537330321498,284.4994259191906,7,0.24757435592072607,5.341091331494628,0.00048208072494962726,11662.886234715359,4.644411359575243,0,3087.669900687702,11432.719813569038,186.19341709143026,16561.45419693516,13356.069796315693,0.4777224627414991,False,0.26785300805612805,0.05220545635462314,Neutral
341378ba-9ee6-4f8a-92d9-60988710fc03,TradeHalo Node 24,12.892495243068954,77.68271718843765,13582.224387757651,480.37292210998265,294.56790039100684,9,0.3183098861837907,4.892238851652982,0.0006626307844031908,10734.957649538746,10.55122542256297,0,0.0,13582.224387757651,175.30947833982214,14047.765896883831,13164.34118487683,0.47003559058019334,False,0.22973898297298023,0.12411990030599156,Neutral
4de21667-f258-44af-b240-cdbc662d7d3f,TradeHalo Node 101,12.869924520815507,77.64211817724718,14357.362158465661,507.7878127289631,241.53119430998754,4,0.1414710605261292,7.567105798943529,0.00027860270959602726,12770.487221199724,8.442162149755172,0,0.0,14357.362158465661,193.38796404450972,18604.614839483103,12965.859355085293,0.4620779652654338,False,0.21685325309340767,0.12687620935807822,Neutral
a9a27a5b-98f5-49b5-96b3-1e6bae630ea9,TradeHalo Node 64,13.075754639939849,77.51088589778195,13391.740856457378,473.6359453135297,306.58436864715924,8,0.2829421210522584,3.9952553737133214,0.0005973831248491096,10499.978802508951,3.657991497581375,0,3956.2937438365875,9435.44711262079,178.54268471301245,17387.363561024224,12924.007744662098,0.4604000311446286,False,0.252614061726761,0.1016350874176173,Neutral
05e1273c-8b27-4500-a291-783fa07d32de,TradeHalo Node 45,12.88705628718518,77.7376150650575,12671.283437335293,448.15497652674986,304.10601193332417,11,0.3890454164468553,7.506961240727103,0.0008681046442058947,8400.1478735699,13.729731852457954,0,0.0,12671.283437335293,212.95958691164887,14287.854640499263,12694.822013883828,0.45121141083143257,False,0.23980107918301055,0.17148802462212648,Neutral
cf2fdb45-b600-468b-9d09-56634134cf51,TradeHalo Node 57,12.970148473114191,77.61240799763985,15029.412040199037,531.5567151027832,258.4755599612501,7,0.24757435592072607,4.902897114588646,0.00046575341612014904,12276.601670594115,4.015950945139963,0,3940.7015619647236,11088.710478234312,251.50514564790802,14751.42442217571,12635.84575257392,0.44884690728739274,False,0.15736412826842336,0.13613917848722312,Neutral
e1e1ec9c-05fa-4c7b-8047-8944ebf1dfb6,TradeHalo Node 197,13.009540661772618,77.53060647600401,12390.561649407131,438.22647426400283,307.8861018169189,6,0.2122065907891938,2.4077991909975145,0.0004842395502133748,10032.18992206534,6.351694184648341,0,0.0,12390.561649407131,173.90023761085888,12524.764492926439,12592.084975209005,0.4470924299626002,False,0.21141616564240484,0.06901201986266155,Neutral
5cb474eb-f431-4d73-a45b-692b847f7158,TradeHalo Node 242,13.115082435918309,77.67030288427985,11882.784073433459,420.2675162179072,297.7365877421094,8,0.2829421210522584,4.421972327388592,0.0006732428991860363,9087.036544959152,7.217784663165875,0,0.0,11882.784073433459,155.72125635648945,12426.946741547863,12460.290532581763,0.4418084662159102,False,0.18573374816736013,0.10271348352776563,Neutral
15e2f2d5-1afd-499a-aec1-919f7dc15d52,TradeHalo Node 120,12.980215952067576,77.68300728195305,12985.105601876501,459.25416513531246,243.6728838751701,7,0.24757435592072607,5.40175470079269,0.000539079173833474,9925.858152024744,7.415372925987223,0,0.0,12985.105601876501,214.99685931186124,15401.802314799523,12245.21283232178,0.43318547158699794,False,0.13628897144298155,0.16042271712833833,Neutral
d882c9e7-8d33-47cc-9ae0-ba8a8c4ab683,TradeHalo Node 182,13.07081463884622,77.64314865336615,15075.578726525335,533.1895276216728,282.12987193666885,13,0.45978094670991987,8.02994173761741,0.0008623217878280604,9929.594982047856,4.509879240358768,0,3352.757198251794,11722.82152827354,284.33252875506383,19184.270615962003,12096.237108136045,0.42721266795398954,False,0.1422472827809711,0.10036187375425694,Neutral
c2176023-1bee-4fc8-b33f-7a0c67d6468f,TradeHalo Node 153,13.07857973506728,77.67181551437814,13076.654866045137,462.49205800839337,312.542028441736,15,0.5305164769729844,8.254090011646227,0.0011470823504678574,7368.752177914483,7.718700713018789,0,0.0,13076.654866045137,236.67004708394623,14547.625749271672,11943.122208049725,0.4210739145664705,False,0.2913692164142119,0.10201797438863276,Neutral
1bc3f5be-0c1c-4ae9-9b4d-37cb5736796f,TradeHalo Node 234,12.948646772755088,77.72285404760407,12580.20477980088,444.93372795857755,276.3184044895687,4,0.1414710605261292,2.302518290277966,0.0003179598480322442,11103.866387865826,7.237566335076704,0,0.0,12580.20477980088,138.35643947500992,13797.154322598628,11797.900665286987,0.4152516253113234,False,0.17919312703747636,0.08706566483519847,Neutral
ad688190-8224-48cb-b45d-87a2f5c8c5ef,TradeHalo Node 145,13.04276808194029,77.66224565066699,13302.057465371889,470.4640442014188,264.24611903490563,11,0.3890454164468553,5.415382395404715,0.0008269397443692723,8994.015092910151,6.3875541418528545,0,0.0,13302.057465371889,223.26722497993978,16028.91189349753,11791.341655744656,0.4149886584673125,False,0.2107557798689805,0.10762580358544362,Neutral
42fe19eb-83f6-42af-8bed-b719c53e0fe4,TradeHalo Node 164,12.876555638031736,77.72012548167187,14990.877400098052,530.1938310022634,264.5836059433593,11,0.3890454164468553,7.74369234968841,0.0007337795985128963,10729.041928069339,14.966480215182127,0,0.0,14990.877400098052,188.7815292930781,16242.646720867426,11746.413792988335,0.4131873898152487,False,0.180584795210914,0.09005611586862776,Neutral
52b6e938-7446-4014-b335-9c1c54a97bd1,TradeHalo Node 109,12.951071328495884,77.55157594164051,14382.4563115063,508.6753368398791,292.3105724332124,10,0.35367765131532297,5.895125012939963,0.0006952915262464429,10072.263946299283,3.572067396274887,0,4372.434815840612,10010.021495665687,208.38210731228176,16801.11869101361,11636.491690914576,0.40878034206164615,False,0.20429949676173217,0.1292915677147889,Neutral
434a43ee-ca08-499e-bc11-24b902fb94d3,TradeHalo Node 113,12.999843539253352,77.6062767570256,14983.135149072015,529.9200048863852,280.24591383346467,13,0.45978094670991987,23.25960770268918,0.0008676421770650023,9828.082444473872,4.09430076574449,0,3827.2951374611775,11155.840011610839,240.2245384011194,15754.814749812336,11622.593341116517,0.4082231229937719,False,0.162923635274694,0.15377894235374567,Neutral
47577918-4100-419f-bd4b-681a989db2be,TradeHalo Node 97,13.015514049455094,77.49257975133636,14591.456878603989,516.0672198093473,269.86404648301874,8,0.2829421210522584,5.424852311222861,0.0005482660207652538,11782.330602787117,4.093929201275787,0,3727.706424974772,10863.750453629218,190.35016474524417,15110.646730045475,11564.702870767758,0.4059021514831079,False,0.19307682810271784,0.07283771359132957,Neutral
42778cec-57e6-41fd-9f58-09969277a3f1,TradeHalo Node 89,13.101040655679288,77.52609356919791,12995.961683035672,459.63812046399886,310.45781835004965,11,0.3890454164468553,6.549432128505132,0.0008464167768637616,9007.144453521138,1.5523328035985655,1,7746.138038650794,5249.823644384877,246.71315268457082,14945.071559853091,11562.418922326133,0.4058105823658956,False,0.1926366837718289,0.09813267455883613,Neutral
dc099500-9c2c-4637-a303-62898e48f1a8,TradeHalo Node 134,12.86748158251357,77.63591549536868,12365.347836246117,437.3347180420538,228.76785711579268,3,0.1061032953945969,2.691364086571536,0.00024261347434208067,11106.94272976575,7.75143331898868,0,0.0,12365.347836246117,149.82546059206095,15481.413977628701,11511.61259032584,0.40377363140620204,False,0.1255177159298083,0.13831136073319145,Neutral
83e25a70-59a8-4214-bdf8-3974c18a1c82,TradeHalo Node 71,12.993584248705162,77.50489152474222,11866.846791135154,419.70385016074584,324.7061149628354,6,0.2122065907891938,3.763525556760329,0.0005056103028550227,9673.167616806768,4.683164316677346,0,2491.023713429229,9375.823077705925,128.98518341564483,13111.865445484746,11486.540555745096,0.40276843180036503,False,0.15644213826387224,0.14474364663803463,Neutral
c31fd1c8-d3d2-4db4-ba61-9e918978a405,TradeHalo Node 129,12.882754414120582,77.53787341212505,13450.37990880125,475.7098775443634,249.46432285956996,7,0.24757435592072607,3.113279829310436,0.0005204313965451305,10562.172081645364,3.613629630032926,0,4032.812977003484,9417.566931797766,206.78492518328332,15448.932929029292,11386.800231821178,0.39876959660525985,False,0.1594496400390962,0.08792641736139649,Neutral
02998e58-439e-4cc1-b9f6-0e9f4eb24999,TradeHalo Node 38,13.049653680305768,77.48735621343806,13512.763240946813,477.9162365838101,237.75438043725595,5,0.17683882565766149,3.99789876702878,0.0003700205436034606,11022.885134589604,6.751663525221712,0,0.0,13512.763240946813,208.16170372393066,12718.104660273211,11278.31802760724,0.3944202779025835,False,0.20205622004258011,0.047431301598985065,Neutral
36942da7-80f7-48f7-9433-32626890a519,TradeHalo Node 50,13.009042687450556,77.65636611334433,12461.675751567018,440.74162112673355,270.20182246673534,6,0.2122065907891938,4.5476819210617885,0.00048147617700978286,9944.002493842083,7.599981751884918,0,0.0,12461.675751567018,183.01783207071452,14006.884201088538,11183.248013059669,0.39060868691094014,False,0.20250047445806815,0.073889277761165,Neutral
fdb79f65-518f-4ec1-8844-73fcec88a20d,TradeHalo Node 158,13.031705350787776,77.71510046862547,13611.454424533447,481.40672318545506,278.8587666927003,6,0.2122065907891938,2.693956803630851,0.00044080520808897016,11072.008033276055,3.932512584399177,0,3669.568745869283,9941.885678664165,183.35935002924276,16114.768861347695,11163.156553233532,0.3898031708116032,False,0.17710543019102867,0.05018969071420317,Neutral
4b418c1a-a144-43b7-898f-65e9e27055de,TradeHalo Node 63,13.01802177687416,77.68021252290211,13080.539826333592,462.62946037142075,245.33587116118815,6,0.2122065907891938,4.178047053469119,0.00045869666540220835,11042.516595374938,6.968347892554989,0,0.0,13080.539826333592,173.34388430776056,13622.4405123084,10922.685126491519,0.38016207915637007,False,0.18298194705463847,0.04741028750468361,Neutral
eb80caaf-039e-4575-9ce3-337d8dccf452,TradeHalo Node 39,13.099764420760026,77.72809518123809,12188.618806109016,431.08420721224127,308.86880373611245,12,0.4244131815783876,6.815915709187806,0.0009845250057361316,7882.740080406139,10.089209994449533,0,0.0,12188.618806109016,230.64165400435638,13466.032851469014,10901.468763719626,0.37931146292788176,False,0.18556144406622396,0.08090288133835684,Neutral
d8a2cbb9-7475-490a-a25a-04c193934272,TradeHalo Node 160,13.043785425106345,77.48034697422611,14363.494508868602,508.0047002577186,249.98212757449286,7,0.24757435592072607,3.2966411084606575,0.0004873465851696408,11046.024171311336,5.859505995517433,0,2037.0877595126012,12326.406749356,192.1992806827075,17055.519346731733,10788.94753067351,0.3748002096132778,False,0.19049700592035348,0.03791203244502572,Neutral
a19c17eb-dba1-44bb-bd3b-e1f9349d2bb9,TradeHalo Node 201,12.908310954514514,77.52648058132327,13243.673600786993,468.399137391309,282.1612850040369,6,0.2122065907891938,2.5366643008507253,0.00045304650211580686,10580.129865762596,1.9480632731829348,1,6918.2686962502585,6325.404904536735,198.12819054579793,15888.080222446382,10704.33059898361,0.3714077084539524,False,0.11449598661260146,0.04822990022729894,Neutral
289d57ee-7fa8-4b32-a22d-9cf6fbd86dd1,TradeHalo Node 219,12.87597119306818,77.58434197868448,14460.74139028562,511.44410511944966,297.04202179808834,12,0.4244131815783876,5.777569348869519,0.0008298329716387372,9617.154790512997,2.5702847031654237,1,6139.08629685541,8321.65509343021,278.85519689762623,18215.507009908095,10686.845267877246,0.3707066784725425,False,0.19983381352877894,0.10717890573929295,Neutral
5ad4cd4e-e14f-46ad-b9bb-747cce69a57a,TradeHalo Node 193,12.898900100549785,77.6931337626307,12646.88111340858,447.2919208654464,273.77084816189307,5,0.17683882565766149,2.3304316693121603,0.00039535439253072905,11049.602256058162,11.269479643472659,0,0.0,12646.88111340858,124.80260339468884,13898.508236184909,10641.345443721235,0.36888247847951916,False,0.15606893373945924,0.11553742435775079,Neutral
28b4610d-58d0-4d79-a588-1e60dc9b5664,TradeHalo Node 205,12.912346901307451,77.51526296754062,12954.875792600858,458.1850043408805,272.60351249890226,8,0.2829421210522584,3.9890360561771496,0.0006175281128182778,9732.029308192192,2.670433046696662,1,5319.226390531263,7635.649402069595,256.4681151226834,15811.700539383302,10562.786809573676,0.36573286938712957,False,0.23324242278435497,0.03688049428430892,Neutral
070cff81-5b40-4076-b67d-b818575a658f,TradeHalo Node 236,13.104968813511658,77.73277662870547,11739.7404692576,415.2083836218476,296.0529596298753,9,0.3183098861837907,7.217439920340834,0.0007666268282137879,8314.48672896362,10.58942448487522,0,0.0,11739.7404692576,168.15160764709455,12564.47054848191,10469.797469193996,0.36200469774650473,False,0.14878768130796963,0.10483688705063163,Neutral
ac0e371f-246a-42b9-8226-a715b4c845f3,TradeHalo Node 91,12.851318005497998,77.60411991838741,8003.87571928316,283.07919658158096,345.4516588960975,3,0.1061032953945969,2.926404403684198,0.00037481841363082595,7185.9486171910685,4.4911743321794235,0,1791.1677448016592,6212.707974481501,134.65034792561258,8762.956035441615,10360.736862067004,0.3576321894467359,False,0.22582283296170474,0.08415890251559364,Neutral
5d929e4c-7fc4-488e-9f8b-ca00d4cbff2c,TradeHalo Node 209,13.000823621655549,77.73359127257298,11446.181595918562,404.82586233731524,288.35796464613173,5,0.17683882565766149,2.14412528333066,0.0004368268979572089,9430.99826199597,1.5528755016878821,1,6821.170072891059,4625.011523027503,209.4300567650927,13177.557278675728,10284.445533855873,0.3545734822325433,False,0.19336240057729845,0.07374657671859126,Neutral
faca2fca-0b7c-4dbd-b39b-32a718ff3dfd,TradeHalo Node 13,12.978520945425252,77.6520801185972,13798.819460132381,488.0334057583794,249.30261988833686,11,0.3890454164468553,5.279539870072034,0.0007971696442424844,8832.454180948502,7.5298315821666755,0,0.0,13798.819460132381,204.807647326653,16694.495823899044,10241.097105521372,0.3528355369957831,False,0.24043343230413197,0.1402919968125681,Neutral
54051790-20e3-4392-a4bc-4b6d2b752b13,TradeHalo Node 23,12.947411668745692,77.4746995179501,13688.354478724345,484.12650624068084,297.19829255686363,10,0.35367765131532297,6.254698757736394,0.0007305480008968856,10466.900991629587,2.335825636489124,1,6283.561187312525,7404.793291411819,172.33397701045035,17316.09958319409,10230.206494267715,0.35239890557266323,False,0.2100808577931561,0.049043931115040004,Neutral
1f92483d-d599-4899-8e5d-d731bead686e,TradeHalo Node 171,13.099332654441664,77.60239871342725,13210.031520679393,467.20929220352724,264.57389303933684,6,0.2122065907891938,4.502108485145281,0.00045420027882654284,10833.70394084003,2.290710012458798,2,6155.872476853125,7054.159043826268,242.0275035669904,15055.271034053481,10171.90377659449,0.35006140605160874,False,0.194321855894342,0.13669106228299877,Neutral
771cb1e8-6eed-4801-a5ad-9687bc6bee04,TradeHalo Node 72,12.873056782887236,77.51357053986777,13718.860839021756,485.2054480266976,254.3360605104963,9,0.3183098861837907,5.235455981995595,0.0006560311461430175,10360.186798000852,5.631859765015328,0,2099.050293582593,11619.810545439163,183.8937347082101,19016.196721503136,10154.062383981442,0.34934610068759997,False,0.18310903608798498,0.04256240329221617,Neutral
8de88f2e-8219-4fb9-8612-e6a9ad3836c6,TradeHalo Node 85,12.916650008241875,77.47943271373966,13757.630456554027,486.5766427538183,238.1961589271679,7,0.24757435592072607,3.265772263031072,0.0005088085497067015,11449.60935970815,4.030544195085696,0,3589.736784705412,10167.893671848615,193.7404182531114,17124.913222108342,10146.967268078677,0.3490616400194457,False,0.23152242292797856,0.12479521506959423,Neutral
360dee26-41c1-4d13-8c2b-a4176309d480,TradeHalo Node 196,12.90557882430873,77.6946700948604,13494.25547940362,477.26165842044,254.3962633217945,3,0.1061032953945969,1.741134423485735,0.00022231682248634774,12384.983728663055,11.167001529947571,0,0.0,13494.25547940362,146.93668869827783,13232.319989842505,10085.883626108063,0.3466126463953261,False,0.19322000547238413,0.045212557560879364,Neutral
4fc98a12-d6f0-47e7-b23d-6f62dfddec16,TradeHalo Node 139,13.000842965341173,77.68617490486537,13023.543006944794,460.6136102500334,237.82114055216627,9,0.3183098861837907,3.822083572538366,0.000691056189179915,9688.167717940896,6.359366864346827,0,0.0,13023.543006944794,193.4045214241583,15146.263451226956,10041.307685365138,0.3448254871633819,False,0.21939349514736436,0.11056242800194803,Neutral
8a65319e-7221-42a6-bc0d-34722b416e2b,TradeHalo Node 116,12.89617463671293,77.68315458976299,13185.557833400984,466.3437125799619,276.2699194794036,9,0.3183098861837907,6.108541516997592,0.0006825649785708465,10229.291933095874,10.406650308964375,0,0.0,13185.557833400984,158.43006949275258,14490.486228251093,10034.50805236769,0.34455287313252375,False,0.2138095086680668,0.12154933491861644,Neutral
ebad71de-fcd7-4aac-9556-c8fd04baadcc,TradeHalo Node 199,12.8920191036535,77.61245736893352,13013.980063955107,460.27539032840787,239.48029170135584,6,0.2122065907891938,3.1448862057106055,0.0004610426610855378,10567.703803420189,5.312994584913774,0,2214.4985159025223,10799.481548052585,208.18640551314482,14554.574938059244,9955.007302318267,0.3413654922936827,False,0.18108468655783888,0.11815711549254823,Neutral
479aedb8-ec9d-483c-a088-1e3a49dbaa11,TradeHalo Node 175,12.992446987454167,77.6735290744298,11807.966469319432,417.62138476789835,226.55900243372344,7,0.24757435592072607,3.4708090274890075,0.0005928201115905993,8909.700911308366,7.896371013260147,0,0.0,11807.966469319432,215.329102607255,12882.01652523174,9911.843411320657,0.3396349456131787,False,0.22850248586932487,0.10054109862900915,Neutral
459964db-d35d-4c8a-af59-7f12d8f6347f,TradeHalo Node 82,13.05789145616112,77.6774459267944,13627.363737437037,481.9694000276333,271.93829586045536,13,0.45978094670991987,8.9379234966883,0.0009539629418041036,8697.171041898766,7.886118484733771,0,0.0,13627.363737437037,190.25951188200935,15534.480229376835,9851.99742228306,0.33723557254284486,False,0.20199998748699,0.1313548419517754,Neutral
c239ec67-1f18-4364-99c5-549253a0b485,TradeHalo Node 121,12.9137630058412,77.60842745840841,14479.453299064971,512.1059035143204,266.372585727172,11,0.3890454164468553,10.648224091144069,0.0007596971911025355,10176.784121802288,2.9027974774239915,1,5502.10899026165,8977.34430880332,244.5894978020208,18235.866133295385,9808.273267677157,0.33548256351464395,False,0.13777348511305887,0.08140706749885791,Neutral
2b807c8c-bb24-49ad-8d5d-1167c7d8302e,TradeHalo Node 30,13.097644414312049,77.74325546102615,8244.170887564365,291.57789965559266,343.8167467386029,8,0.2829421210522584,6.0636094456204965,0.0009703826023387414,5641.882576243863,9.70471052965744,0,0.0,8244.170887564365,162.42751380747333,9832.78287200006,9697.420484494482,0.33103820246359716,False,0.13611836379888267,0.035505690694063535,Neutral
21fc0b30-0be6-4058-a7ca-b009d35f37f4,TradeHalo Node 237,13.100385978866228,77.52706273841062,12468.292823095062,440.9756521583959,310.8768998674301,11,0.3890454164468553,7.018531770937968,0.0008822378617563955,8112.552780304442,1.679966365627281,1,7122.08171974245,5346.211103352612,248.2150698702504,14538.260310642305,9687.474403478847,0.33063943958361064,False,0.17088269311701343,0.09358558736278859,Neutral
d56bd902-5682-494b-bc83-362a78df0708,TradeHalo Node 146,12.85194057118992,77.65512752761097,8202.639890630468,290.10904111035615,298.82892774205874,4,0.1414710605261292,2.6979200092226043,0.0004876478857214045,6221.798067101772,9.900387275775747,0,0.0,8202.639890630468,135.94806193858497,11566.681092514013,9593.990242971713,0.32689142938558935,False,0.09988214728042391,0.05551894827920032,Neutral
352f5cda-cfc9-4d46-8d2f-d520f39b5333,TradeHalo Node 169,13.098699620094632,77.55251936437284,13527.687490780618,478.4440739466964,329.6692980961038,12,0.4244131815783876,8.518799870910252,0.0008870695755041824,8712.043983268544,1.078109785519758,1,9443.895764139766,4083.7917266408513,264.1111060614249,14763.822457943157,9571.58844615898,0.3259932861872909,False,0.20892782678058983,0.03951643872061766,Neutral
72ebd865-1df1-4036-b5fd-357a87908972,TradeHalo Node 177,13.022558227000497,77.6865906117885,12459.43095634404,440.66222773651884,270.4863739787802,5,0.17683882565766149,7.399441825774657,0.0004013024364852009,10712.969535494407,6.370962910943064,0,0.0,12459.43095634404,130.07527756372008,14581.692928464614,9565.363234458931,0.32574370212074905,False,0.22157263288392579,0.08632926102031267,Neutral
e3195373-1e15-407f-be52-d14f01e7755b,TradeHalo Node 131,13.128076515790733,77.73306443066244,11332.854352527738,400.81773101006456,248.1847033675378,10,0.35367765131532297,6.629181985545403,0.0008823902336457318,7144.001436809188,13.142214197589768,0,0.0,11332.854352527738,215.47445184262102,13447.262224000277,9515.640326159344,0.32375018828513075,False,0.10907119279300724,0.04253162837179424,Neutral
223a99a0-37d2-4644-9a94-16f666797272,TradeHalo Node 155,13.132801183442188,77.50581335278498,10947.406672443361,387.18530799034636,303.50674740122804,10,0.35367765131532297,6.136109094465795,0.0009134583467308144,7680.97975553283,2.5114511629665697,2,4739.597454978735,6207.809217464626,210.97165453028094,12438.850217137917,9320.635278206908,0.3159319557158219,False,0.12993477229860947,0.10902475631461081,Neutral
d277f019-dea2-4d9b-8079-4230566847c1,TradeHalo Node 7,13.022124170193186,77.72524647078805,12847.376915350793,454.38300929839676,280.3933259564885,3,0.1061032953945969,4.230707167745465,0.00023351070181613692,11413.73480848804,2.4204162445812587,1,5733.546327130287,7113.830588220506,130.65734410116443,14086.138765734737,9311.623511613067,0.3155706518017398,False,0.2189042063615227,0.03928128886068599,Neutral
55325a09-94f8-4a80-92ab-0004b69d14b1,TradeHalo Node 29,12.895982316317829,77.68804514447501,12936.738952343709,457.5435448344375,256.0288047009352,6,0.2122065907891938,3.1870408757314106,0.0004637953986783508,11032.423416855017,10.894185595218215,0,0.0,12936.738952343709,134.60370036952017,12494.910289755031,9290.302844076692,0.3147158537383946,False,0.14062462309854,0.03448920399620617,Neutral
5027f14b-dd06-4430-8cca-38a734f6986b,TradeHalo Node 208,12.949963695109732,77.4849439867452,13177.953876836298,466.07477763011167,306.1209428806978,12,0.4244131815783876,6.617196058335418,0.0009106117772268986,9210.681798578782,1.2235073200318431,1,8764.50024057386,4413.4536362624385,244.9454828894304,16441.306286332776,9275.410495305452,0.3141187828039785,False,0.20153597223626377,0.06759188238495357,Neutral
e03aafa7-c4d6-48d3-a73d-6bee26e55264,TradeHalo Node 96,13.018334082764795,77.71947161869768,12668.523611480012,448.05736765409637,271.912853621699,4,0.1414710605261292,4.870063138939226,0.00031574318544706065,11025.262113990639,2.8062835864860536,1,4971.355796871858,7697.167814608154,125.31625130778073,15913.977513499865,9260.76872189418,0.31353175805278144,False,0.1317836269245815,0.07206028660393933,Neutral
22156c8a-9843-4385-bb6d-faead64c31dd,TradeHalo Node 178,12.910055320115577,77.49649036552897,12299.331980827259,434.9998847726424,232.36613326887593,8,0.2829421210522584,5.680944632476038,0.0006504418298872453,9423.235802502826,4.331543227435648,0,2902.862177194157,9396.469803633103,216.48485207159288,15002.315319459909,9259.48138476835,0.3134801455373593,False,0.19007082371057246,0.1140038896069069,Neutral
121e67ea-ebd8-4057-aef1-5065933216f5,TradeHalo Node 198,13.079002069442508,77.62036224747656,12556.640381957848,444.1003078701992,271.4785124285535,7,0.24757435592072607,3.0399702516009395,0.0005574739569716459,9555.296938062043,2.8566816690660635,1,4845.364219033886,7711.276162923962,167.38535164141516,16730.193503115737,9218.687499539446,0.31184461822422505,False,0.1467787657207898,0.03507332638754651,Neutral
1659e91c-c492-42c9-b284-1ffc965e797b,TradeHalo Node 188,13.059053322628316,77.64135079537132,13986.417058317777,494.66831355024,273.8193879448813,12,0.4244131815783876,6.962981461399289,0.0008579752734359907,8934.43488814371,3.9931019720811647,0,3695.2664318261,10291.150626491677,183.75592610223626,16942.52619353765,9114.522701193218,0.30766839495433,False,0.2043934151646771,0.09014902673183176,Neutral
a0dc16ce-6e93-42ab-8130-435f5310b18d,TradeHalo Node 148,13.135795285942605,77.56359490386282,10776.229954586604,381.13117003720197,242.819523087377,7,0.24757435592072607,3.183237270546519,0.0006495778235523494,8321.898677335344,4.7029980986907685,0,2247.1814577282857,8529.048496858319,190.7999750623072,12529.502522469558,9100.274964060229,0.3070971680878375,False,0.1515102073791576,0.07324192948756436,Neutral
0fb10ef0-33e0-40eb-8384-e6838083c2bc,TradeHalo Node 192,12.884487994718404,77.53182609526125,12993.597440266434,459.5545024810225,250.63359752953082,6,0.2122065907891938,2.4384916886275154,0.0004617658833577785,10364.03615808602,4.2057128604423974,0,3198.0858045161267,9795.511635750307,162.5536193950205,13690.194042138755,9084.084314667147,0.3064480450844467,False,0.20810906624573117,0.10207755206879977,Neutral
dd0ae7be-c0db-4f46-99c1-992514691b36,TradeHalo Node 115,12.99975355322758,77.72134403755562,12379.311553230824,437.8285835047321,283.8865435178859,7,0.24757435592072607,3.2452443505419533,0.0005654595548306642,9830.448071744282,2.728806718633747,1,4984.955200794741,7394.3563524360825,130.53874268902584,13061.430838413477,9049.31383764738,0.30505401103896573,False,0.16819041982011207,0.04441841908988304,Neutral
d763c48d-15db-41c0-9fd0-5fe21c0de769,TradeHalo Node 126,12.894197383251685,77.66926308023243,13214.64495776969,467.37245916298593,263.60212905002936,13,0.45978094670991987,10.741745405694592,0.000983757039371422,9064.682239177528,9.191521684854406,0,0.0,13214.64495776969,163.6182000835249,15830.370021823644,9019.830703389753,0.3038719595848182,False,0.17280557000271976,0.08017924844336403,Neutral
39194592-b5a5-4449-b43f-9481dd25afdf,TradeHalo Node 212,12.916768840502112,77.55891335761137,13179.942452505846,466.14510910733856,269.0873974547184,11,0.3890454164468553,6.83556970528851,0.0008346015196681392,9331.33627933691,2.347081737883511,1,6027.519604011038,7152.422848494808,202.36790221581595,14506.913047531516,8972.164573345492,0.3019609070542404,False,0.17509433969200494,0.04309664227256726,Neutral
e8c94631-b28a-42ea-8966-9a693c7b1348,TradeHalo Node 241,12.864448952796591,77.71362511120692,11635.731644739857,411.5298239446973,239.7007385330901,9,0.3183098861837907,5.861264061130328,0.0007734795090490604,8848.041175641196,15.02305983769949,0,0.0,11635.731644739857,146.38943678951648,14353.064224251884,8965.540220238936,0.30169532042583214,False,0.18688438616720282,0.05773347222016185,Neutral
732f3f97-7c40-4971-b009-20af4306b0d4,TradeHalo Node 8,12.86882568249534,77.51313200838202,12149.712188121492,429.7081670851963,254.96515040054814,9,0.3183098861837907,4.910598787970619,0.0007407582879863692,8791.038147100588,5.607292791026067,0,1874.2486971639405,10275.46349095755,159.0033763932048,15273.468397235089,8965.403360544724,0.30168983338367633,False,0.18725118800142468,0.043923486325570485,Neutral
c4ced174-3a26-42d5-b08e-123ea8d0f9c7,TradeHalo Node 122,13.024335882215578,77.51556303892156,12236.671299917902,432.7837165272584,244.6805419081638,8,0.2829421210522584,3.63554583192876,0.0006537725664048583,8822.160366638844,6.724463752427019,0,0.0,12236.671299917902,204.3458674545283,13732.587100651383,8950.352022459447,0.30108638817615174,False,0.18952620375966556,0.040020813355308944,Neutral
c71871e9-6c18-48aa-9a0a-fc6cdb4e1a56,TradeHalo Node 203,12.891050479653646,77.52752705780411,12487.240303698747,441.6457822022213,273.710527700845,4,0.1414710605261292,1.7287341323507268,0.00032032698200059397,10401.758992943813,3.603880115257966,0,3756.223166211315,8731.017137487432,138.60721944328432,14695.88867851617,8929.59760158951,0.3002542923360376,False,0.09047462605447847,0.07037859192294771,Neutral
e01f473c-91da-44d0-9f51-0c387d557248,TradeHalo Node 207,13.123260585976016,77.64741645767704,13074.893563360562,462.42976466871977,223.37595180042644,11,0.3890454164468553,6.188778136694222,0.0008413070398389336,8561.771102900319,4.734359487298229,0,2698.170741758278,10376.722821602283,249.8547346616658,16188.991191649417,8886.610658695181,0.2985308399407261,False,0.15049905570680744,0.10500857309133887,Neutral
4937954a-5e52-417a-a8af-b2ee5d7c939c,TradeHalo Node 76,13.070609001138967,77.55294733930671,13459.63245287654,476.03711935008744,241.95108382924812,7,0.24757435592072607,4.953712697950279,0.0005200736368179197,10545.44878816281,2.1792042432683423,1,6509.701501073813,6949.930951802727,241.91422601776367,16348.375243537317,8874.332693234717,0.2980385860711173,False,0.18359199889413585,0.06497523717953733,Neutral
7e058407-91d8-4165-80b4-3cfc837980fc,TradeHalo Node 132,13.002269931993146,77.59520169834644,13529.858050071865,478.5208417779133,283.0738915151322,10,0.35367765131532297,10.991716833085649,0.000739106054401427,9262.01831470071,3.310538016736598,0,4487.906247407278,9041.951802664587,166.45272618931318,14883.582245716107,8844.539338807037,0.29684409712643994,False,0.19512189238907876,0.10165985469047875,Neutral
84932fc4-59b6-47d5-affd-21cb7e64e2b6,TradeHalo Node 133,12.986047240506778,77.4862932720912,13923.624893273449,492.4474950048518,250.9469145218928,9,0.3183098861837907,5.215215603378694,0.0006463834000834029,10831.133837238605,2.8219017867958507,1,5435.508633817002,8488.116259456447,199.14281672863052,16184.158034586631,8801.525552025507,0.2951195684935879,False,0.1569077950590456,0.0826758690182403,Neutral
5c3bdbb8-c33f-4ebc-a2eb-9232fc0034df,TradeHalo Node 6,13.067929894477292,77.53349456510621,12227.087434564784,432.4447566283971,234.7331199198634,7,0.24757435592072607,3.062698600500679,0.0005724993820042279,9212.199883189345,3.498418002188445,0,3809.5628233043885,8417.524611260396,200.1053216158666,13246.99222960926,8780.063509065792,0.2942591023413862,False,0.16238625891686764,0.06570123166102707,Neutral
19d89659-73b0-41a2-9fd2-e6aeae09b1a1,TradeHalo Node 167,13.12297494884492,77.57795364280581,13827.555780803561,489.049745198622,252.27279067747543,6,0.2122065907891938,2.564677240243414,0.0004339161667552009,11351.16915233887,2.82375068938708,1,5394.679376159617,8432.876404643943,181.97730303646816,15676.750215195176,8725.610582800142,0.2920759504379128,False,0.12445081245438933,0.09194806087020083,Neutral
a2d66ab3-8460-4a01-b265-3898f6322ce7,TradeHalo Node 9,12.999056289641915,77.72202308515305,12331.424076195526,436.13491046420603,272.15222113532104,6,0.2122065907891938,2.890155735911182,0.00048656180850858484,9992.179985335604,2.697945661717155,1,5017.017264958282,7314.406811237244,126.09374130775177,13881.903952484825,8716.289689647578,0.2917022528788722,False,0.10446658955710239,0.029454554469251493,Neutral
4b73f008-12a8-4c4e-aeb0-87c93adc9dca,TradeHalo Node 43,13.11887434628338,77.5763914175157,12442.071186860961,440.0482514867038,242.2502137086381,6,0.2122065907891938,2.7886604848185033,0.00048223482327734165,10283.763015280634,2.974110797492911,1,4616.852988829648,7825.2181980313135,164.9612540411193,14280.627963283774,8710.390698420933,0.2914657477944219,False,0.13981642887753165,0.05350657072537865,Neutral
eb91d024-ed8f-438e-8a9a-4495b43b7e66,TradeHalo Node 222,13.096823565539813,77.51643033019543,13780.63897685682,487.3904026959116,288.01543417031667,12,0.4244131815783876,6.846904089327367,0.0008707869076428733,9579.772886503282,1.3264796613319705,1,8856.084591737888,4924.554385118932,264.0819491807336,14137.81009275564,8549.332412709635,0.285008524516734,False,0.1885968496611898,0.0871029206950238,Neutral
2e552674-1792-4dfe-a1f8-d9c0e77f7870,TradeHalo Node 88,12.996042005585933,77.53212278014897,11390.73158130714,402.8647192439984,250.64402455148215,3,0.1061032953945969,1.187774541310867,0.00026337202124253166,10131.208134875174,6.519954388660403,0,0.0,11390.73158130714,113.09171461862495,13230.951503958344,8451.693675168552,0.28109394709484037,False,0.1271012152069758,0.0837346096014674,Neutral
d632896c-13d2-4281-a302-c4ee6d4d66ce,TradeHalo Node 235,12.91607914254825,77.51932459101836,13098.379798140824,463.2604203042521,269.0277073153781,8,0.2829421210522584,3.7883340947598834,0.0006107625617280937,9819.092914543558,2.1121401986073303,1,6478.1942743024965,6620.185523838328,226.43348304676763,16034.998262425386,8429.721160495312,0.28021301487461475,False,0.1128175044179165,0.07633680545705165,Neutral
90ede109-23ab-4ca1-8794-cda54970ddf2,TradeHalo Node 46,12.86986642795249,77.49269651717478,11792.451441723237,417.07265291586685,293.89268976782824,11,0.3890454164468553,7.303505539250653,0.0009328001098296288,7727.682464165932,7.576631849709556,0,0.0,11792.451441723237,153.77467252642683,11910.306021886981,8395.828073076274,0.2788541575387853,False,0.13457661039505026,0.058744925091847054,Neutral
d06ad52c-e5a9-47a2-b448-cd47d9ed182f,TradeHalo Node 54,12.918350768220783,77.51548774102334,12037.034600981005,425.7230126476238,250.01972907233255,10,0.35367765131532297,4.688466950352247,0.0008307693989003746,8160.695894270419,2.459185319151832,1,5302.930934565286,6734.103666415719,240.41276819847727,14740.528779721017,8390.315853082851,0.278633159065493,False,0.08566426341281501,0.057226378824369054,Neutral
81bb61ae-28e7-4baf-b3d2-f665dee35ea0,TradeHalo Node 2,12.955929803301254,77.69514678942983,12879.804864044047,455.5299133714771,209.2382387306545,7,0.24757435592072607,6.857193053261702,0.0005434864948568884,10216.411322535221,8.045181057112645,0,0.0,12879.804864044047,146.75207225205463,14919.660322077048,8365.75347832928,0.2776483929771567,False,0.0906922815169519,0.09220781528373766,Neutral
9d7d5154-9e84-4d25-a52a-c8186308afe7,TradeHalo Node 27,12.9293730060077,77.74466622418437,7601.171040962348,268.8364321013612,299.7632368567324,2,0.0707355302630646,1.0045381562029423,0.0002631173524739932,6740.226554327034,9.006845751240263,0,0.0,7601.171040962348,98.06966383939127,8469.818176316307,8246.479606180923,0.27286640973267523,False,0.0823122834994638,0.10014053681915468,Neutral
1bd653aa-d9be-49dc-8edf-1c476139f4f3,TradeHalo Node 213,13.102113550078622,77.52369942642325,13452.445982071968,475.7829499385467,301.6514338421045,13,0.45978094670991987,6.675385297379432,0.0009663670099344802,8680.74679059791,1.27002872824286,1,8809.388585672572,4643.057396399396,229.35515267810905,15941.986111350954,8215.819840217,0.2716371842159851,False,0.10577920589125381,0.08874493963002159,Neutral
42725a4d-d738-472b-a43a-ae28c4d8d28e,TradeHalo Node 141,13.037656788682128,77.74816451538112,7761.654699863073,274.512380456811,335.093087325336,4,0.1414710605261292,1.507034832940057,0.0005153540262581594,6148.444452285152,3.066554670731105,0,2792.704987571716,4968.949712291356,154.66810559437698,7639.9463732974955,8176.932360429566,0.2700780893914931,False,0.10246978214114623,0.08972016951764902,Neutral
ad31bec0-e7b0-46cd-b6be-e70962b91bd5,TradeHalo Node 60,13.086753809226538,77.60513910769339,12660.191442678013,447.762677464871,270.28129536503457,8,0.2829421210522584,3.454311710792746,0.0006319019768557116,9578.091887524235,2.129690682589058,2,6224.951457073267,6435.239985604746,152.80448682368916,15209.808290497096,8164.413510444083,0.2695761778681018,False,0.17879422718822313,0.07487938632143246,Neutral
3d2daf5d-3a85-4f35-a437-3989ba2f8053,TradeHalo Node 87,12.975826282726256,77.47311088827084,12935.9068474629,457.5141151444483,254.71340508235366,12,0.4244131815783876,9.058973831699957,0.0009276504648264023,8610.489203901296,2.401782762815136,1,5809.024560130774,7126.882287332126,257.5084944548055,13647.86798814021,8153.691194942949,0.2691462938361263,False,0.08460385202561103,0.03270551093955368,Neutral
8b14e62f-0ba5-4674-845f-3e5c990fdf09,TradeHalo Node 157,13.129410697680882,77.5232311825581,12190.180193259519,431.13942998625964,282.14896710839867,11,0.3890454164468553,8.435603505664577,0.0009023656603601625,7873.683962966039,2.530242298765833,1,5244.692568104983,6945.487625154536,238.2665628304085,15417.934246621802,8089.289009883052,0.26656425164769665,False,0.1535799047009449,0.04315659115801493,Neutral
baa99cdb-d85f-479f-b88b-78f3f6b381d0,TradeHalo Node 70,13.08774805007388,77.57865249175029,12055.517375762776,426.3767070850845,254.60278254174293,8,0.2829421210522584,7.944206125707946,0.000663596571648077,9034.697367675095,1.4893469135696877,3,7338.0523313454805,4717.465044417296,215.0313743551307,13124.699646928822,8062.47524272164,0.2654892216937113,False,0.11992535555931079,0.056585256192404405,Neutral
0607a7cd-ef01-4495-81a6-a01e3495bbe3,TradeHalo Node 52,12.965071638047926,77.57185598516963,12820.386395466918,453.4284149303659,235.72146118132022,6,0.2122065907891938,4.8522012800282,0.0004680046150653855,10277.317390178081,4.109590346417182,0,3258.194287190136,9562.192108276782,139.83997297144748,15712.820909532726,8033.554859963553,0.26432973233294715,False,0.10113446179183387,0.06944908195585052,Neutral
76c242a9-04e3-47fa-a608-e6a807bd0c19,TradeHalo Node 168,12.960628006776489,77.57560076595315,13156.929928707097,465.3312075705406,225.0502991062416,6,0.2122065907891938,5.067604553913445,0.000456033438842644,10613.86092341826,3.47066094973453,0,4137.375407853425,9019.554520853671,168.27727816726693,15561.100884678754,8008.187031558256,0.26331267362429617,False,0.09995372126186089,0.05034480161252041,Neutral
027dd3ab-9e2f-4e16-80fd-a89f6509314e,TradeHalo Node 4,12.892238607754884,77.63162985055067,12651.663523972038,447.4610640390173,215.2796374186993,12,0.4244131815783876,6.252274139861482,0.0009484918704376477,8485.84535683844,6.268834164872832,0,0.0,12651.663523972038,145.38075497102636,15998.662213066951,8002.691128211934,0.26309232932556564,False,0.14067944391234224,0.046854441074525355,Neutral
c306d4cd-541d-45a9-b16a-0ef910a24993,TradeHalo Node 135,12.87521193742406,77.55242387380213,14861.553444304482,525.6199317078758,231.22432803958873,9,0.3183098861837907,12.159678222262919,0.0006055894515824754,11354.745419161447,1.8690328696050915,1,7970.65454827314,6890.898896031342,229.52967628709305,15967.056676066057,7957.305379542921,0.2612727028997252,False,0.1268343873222505,0.06623578932429203,Neutral
453e8101-8d83-46f9-9066-d033239ab4db,TradeHalo Node 149,13.13377592548464,77.73300370314432,9850.207071510806,348.3798102021527,224.90537617753046,9,0.3183098861837907,6.87244771468357,0.0009136863757951026,6134.71942036208,13.774044291108321,0,0.0,9850.207071510806,194.7714000561665,11812.35764716361,7953.036232540864,0.2611015422837047,False,0.17870675873770736,0.043485282227338516,Neutral
21831527-30c9-4b21-936b-1e41bdd5f7b0,TradeHalo Node 44,12.93019102403701,77.4583205439485,8933.353634972133,315.9527531986147,232.89071057909794,3,0.1061032953945969,2.486958505031685,0.0003358201323471237,8153.041867946313,4.606775694228031,0,1923.6029679636738,7009.750667008459,168.83413390241566,10793.131871205094,7866.618428614299,0.25763683972179147,False,0.14395862723248984,0.04183435632195606,Neutral
2bd88a6d-43f1-4188-a07f-407d4f447b6f,TradeHalo Node 229,12.889408814166933,77.49308212820141,11768.663360514485,416.2313216467459,259.8005739291322,13,0.45978094670991987,8.203761240603585,0.0011046284188582385,6875.02332194837,6.049663309646275,0,0.0,11768.663360514485,154.75753138122326,14678.134909725914,7856.566629681404,0.25723383835017327,False,0.14985288020571083,0.03957087148398063,Neutral
fe26d113-4e3f-4fd2-bc02-1526ae21a5b4,TradeHalo Node 49,12.886137518310925,77.4601602538404,9028.332726294419,319.31195139290764,241.36526337948058,7,0.24757435592072607,4.3275493831395515,0.0007753369544758763,6786.967466139271,8.00771902100803,0,0.0,9028.332726294419,171.29417596171027,10737.142085970389,7813.385644493136,0.2555026063214716,False,0.16417061503880417,0.06353162711894483,Neutral
332fc432-25e6-4ee2-a154-d18a6a7f1aca,TradeHalo Node 124,12.903247664959544,77.53090808424939,12129.051948190667,428.97746057176175,253.53970111699502,5,0.17683882565766149,1.9945940148726098,0.00041223337333845517,10168.900756288866,2.202222257984567,1,5821.334181601219,6307.717766589448,160.32328746907376,12945.140440659325,7786.544805747379,0.2544264910010065,False,0.1135578903291603,0.09082787502961838,Neutral
f9a39546-4d54-4ca4-83b1-509953c26503,TradeHalo Node 14,13.115984908187096,77.71591919334132,11600.908289411696,410.298199692359,287.8082417943024,11,0.3890454164468553,8.305510161284996,0.0009482016171130192,7545.162977675928,12.132596027024896,0,0.0,11600.908289411696,132.19649295885554,13060.340869678274,7754.305364653268,0.2531339324184217,False,0.12761946644186506,0.057055925345828075,Neutral
fa9c87d0-7798-4667-9069-4db3aa03f728,TradeHalo Node 163,13.144181291196803,77.49065094528173,8174.7962271598635,289.1242729603264,416.28911502207984,7,0.24757435592072607,5.417574120687217,0.0008562904573380396,6099.930816336533,0.5017848404526626,2,6915.699913151809,1259.0963140080548,111.5970756591475,10260.640861329995,7747.663664372545,0.2528676502990839,False,0.11721738481507361,0.06409250741944976,Neutral
dc2fc715-3fc4-4754-b6d4-b5f6c3fee4ab,TradeHalo Node 233,12.89442473959352,77.48662054090664,11421.442278259852,403.95088796084764,218.09755250226883,13,0.45978094670991987,6.69659206827575,0.001138210016150487,6890.377590879319,6.1574692457858236,0,0.0,11421.442278259852,205.94057009557957,12067.55491385652,7746.720659918592,0.25282984292839117,False,0.09992699324281204,0.059967774958079076,Neutral
ac3f00dd-63a9-4ece-9141-45b804605da3,TradeHalo Node 100,12.899741020745257,77.65946618913988,12090.98343192579,427.63106222959965,239.22551909567412,15,0.5305164769729844,14.270424755519107,0.0012405938759615749,7597.096363963686,7.96407026232987,0,0.0,12090.98343192579,131.54915715022307,17446.944591209118,7678.528164688914,0.25009583787167516,False,0.16709802065845245,0.08727332205535403,Neutral
a5cdd7a8-c24b-414f-96e0-9313d11c04a4,TradeHalo Node 239,12.980477861094087,77.7415584088384,8031.985648478479,284.073381955225,271.09436335065726,3,0.1061032953945969,1.810055550038059,0.0003735066434746803,6607.446681334717,3.3349550879112604,0,2642.644393902763,5389.3412545757155,155.65811908181502,9254.628271971307,7628.808971766675,0.24810247299468383,False,0.1529315002752915,0.036285492775416164,Neutral
cb8c002a-c613-4b27-aaa5-500ce08780dd,TradeHalo Node 61,12.922150949783193,77.60865819252321,13790.573049046692,487.7417486279227,283.5862048763819,13,0.45978094670991987,6.894612309030115,0.0009426729370683155,8508.693269653302,2.1140828419314177,1,6816.123889947256,6974.449159099436,178.67135320600187,16975.783031907533,7623.4050580790035,0.24788581678789173,False,0.11990715223852096,0.07592061734721264,Neutral
da3c5a34-d831-44a9-8981-fed0f3e60585,TradeHalo Node 3,13.041942801921296,77.60812301946325,15021.449124736699,531.275084578949,222.40215471737184,10,0.35367765131532297,5.5482614494117914,0.0006657147334428883,11598.071497228055,1.5279063265208068,2,9026.611181199907,5994.8379435367915,221.9809775104229,15187.778358512513,7590.44541160516,0.24656438339813885,False,0.14328035270351366,0.04542177339833629,Neutral
bb84c08a-c03c-41bd-817d-9e9275d6ccb1,TradeHalo Node 32,13.10405124278796,77.52379067306136,12988.44113099299,459.3721353456938,294.1701324211706,12,0.4244131815783876,6.107744688038114,0.0009238984015845925,8480.420828891805,1.172024959666567,1,8787.979586300213,4200.461544692776,197.11939118420392,16932.81325253867,7518.949052415632,0.2436979182995589,False,0.10868345224417067,0.027447002444127434,Neutral
d6b72c58-9823-474f-a2ac-83c116ee8d47,TradeHalo Node 42,12.892868213596332,77.66452549150797,12273.41934081136,434.0834126066222,252.64047056341062,13,0.45978094670991987,11.650580097558635,0.0010591995302215924,8339.231922492654,8.839460669442511,0,0.0,12273.41934081136,122.60120305216884,16520.457428078684,7511.966755225262,0.24341798081139882,False,0.14532632326891098,0.09351518465326168,Neutral
9b8cc7d5-c9b5-43e9-b13b-cdbf20d02584,TradeHalo Node 231,12.985992064266718,77.59707972647459,12978.003555266847,459.002981618869,243.4912636512746,11,0.3890454164468553,7.034862076123994,0.0008475879940359458,8268.837694759026,5.103063997516833,0,2368.447216806631,10609.556338460216,149.03191894347174,13940.417473751046,7498.4200191972795,0.24287485880541035,False,0.14333968486627507,0.050308624612513,Neutral
190dc7bc-e19f-4bf3-82cd-06b137be1bcd,TradeHalo Node 190,12.864819888982602,77.47935752775389,10667.833377720788,377.2974253655497,268.40188435321147,12,0.4244131815783876,6.785139202296622,0.0011248769619013146,7101.417915946667,8.97016540269102,0,0.0,10667.833377720788,124.110888963177,13065.165662674914,7484.5123344246595,0.2423172654754187,False,0.10864039794316659,0.09296362885525712,Neutral
63a8c311-883c-4f05-a463-9a277c070796,TradeHalo Node 172,12.947506712991254,77.74729421577432,7173.028971452678,253.694003944015,258.1839557340747,1,0.0353677651315323,0.43645876741746487,0.00013941111962321832,6618.466685666519,6.999048716916968,0,0.0,7173.028971452678,105.30156068811843,8692.126914348222,7471.110874419693,0.24177996794293288,False,0.15436930827143003,0.08352105348411096,Neutral
f1cfa8b6-2b64-403d-b94a-db9773a99172,TradeHalo Node 79,13.02817945928435,77.47948577726592,12779.283124801994,451.9746841073511,214.95658714456403,7,0.24757435592072607,5.792810848398904,0.0005477615552952592,9719.167336833465,4.229753882480111,0,3120.232109199246,9659.051015602749,171.1275872847371,14491.007564152245,7467.143911296353,0.24162092262273324,False,0.15110451047353995,0.041839638819861885,Neutral
b2d52a12-a972-4861-9465-d9243cc8abb8,TradeHalo Node 128,13.057976857492562,77.64881825507861,13558.76883795357,479.54335173348096,248.49894679363777,13,0.45978094670991987,9.340037873308344,0.000958789116871034,8282.938004024538,4.789236993357179,0,2747.306984778677,10811.461853174893,221.8142421513803,13259.645950139544,7457.450665841182,0.24123229654296938,False,0.10568079574537488,0.03584692618401045,Neutral
7d4b316c-32e8-4bd5-8dc1-f29b26cf9e11,TradeHalo Node 66,12.940165445372344,77.50262150955402,11439.767070272957,404.5989949008513,245.06569513901252,6,0.2122065907891938,7.267898042581274,0.0005244862035339359,8940.62633610993,1.2051736056854507,1,7655.092323042028,3784.67474723093,220.6011595493565,13648.072960688805,7413.409223297336,0.23946656666001978,False,0.08014174624539265,0.07242049897519433,Neutral
3e597d69-1d49-43a7-aa68-4898949d86fa,TradeHalo Node 250,12.868033673232894,77.65501504668418,12359.871957088657,437.14104843412406,239.63885516636404,9,0.3183098861837907,4.7037512308288525,0.0007281628831792472,8665.902636012826,9.822003488266068,0,0.0,12359.871957088657,125.68839310116125,15683.125099098965,7395.738569884793,0.2387581066510019,False,0.15637147594550507,0.08365262826700841,Neutral
18cc35c5-16ff-40eb-92e9-90e86f5cad70,TradeHalo Node 150,13.1166696353942,77.49532607174805,12091.748210946667,427.65811075438756,295.30711337185824,10,0.35367765131532297,6.896371530650363,0.000827010273911178,8473.403165150874,2.2149849557951296,1,5778.7935661716865,6312.954644774981,141.90734245361398,14137.854929325853,7388.480079644083,0.2384670959033326,False,0.11675231499197389,0.05771996004589933,Neutral
8ec4affa-e2ae-461e-8178-710a217e5a1f,TradeHalo Node 98,13.050704168773516,77.61730900950754,13688.469139747942,484.1305615448332,242.3075690664548,8,0.2829421210522584,3.807729908862445,0.000584433505187952,10373.36653591258,1.4579918857774872,1,8419.551110504553,5268.918029243388,205.24321154503266,16498.007612918063,7351.981895795974,0.2370037938366522,False,0.12640968278887624,0.09438604551771264,Neutral
8984481e-d2ad-41bf-9cb9-a876b696db39,TradeHalo Node 93,12.872638457996686,77.57911254888946,14096.101679009236,498.54761345339676,292.1713830075631,14,0.49514871184145215,6.377072532659524,0.0009931823931752463,8447.516668602657,1.893037417544122,1,7499.870921868902,6596.230757140334,195.6910520122654,16738.928629294966,7339.293353857743,0.23649507894501146,False,0.08789138752307926,0.04570610284926671,Neutral
3f1b3d7f-7957-4192-8d9e-c12d7f7fbbbb,TradeHalo Node 137,13.083080162436568,77.49548754862921,11905.879209861352,421.08433957876963,252.76884309376075,9,0.3183098861837907,7.605228156287821,0.0007559290533155685,8851.519582888372,3.465723175277811,0,3750.1328684348555,8155.746341426497,141.69409933178937,12207.06953020366,7292.591399312202,0.23462268258444452,False,0.1551898901090353,0.07973243384353142,Neutral
d628dd4d-8e8d-4ec4-9645-b86f60a73179,TradeHalo Node 247,12.85743495671956,77.52623396115328,8912.26781566934,315.2069948939076,251.40053522552745,5,0.17683882565766149,2.113906144199908,0.0005610244332210391,7238.935761915058,4.202892294530096,0,2195.6203708558637,6716.647444813476,118.8578460108693,10935.541465466194,7201.928559352106,0.23098778607461187,False,0.09546051694942799,0.0428132125935193,Neutral
a9383f99-f317-49ce-8c38-ebf29f06b1e7,TradeHalo Node 20,12.958758291990211,77.58681376626298,12902.14070578267,456.3198821761038,226.2896641001764,8,0.2829421210522584,5.796606378451105,0.0006200521434721638,9526.73698827037,2.621722621058034,1,5384.29134198918,7517.849363793489,172.64687660246835,14060.49834347777,7192.709415047324,0.23061816787743378,False,0.09045552021145106,0.0544364623024411,Neutral
2ac12359-bc53-41af-8a29-db1ab69d68f8,TradeHalo Node 104,13.058221184601422,77.50605752306063,12534.818695774251,443.3285235984837,240.76390880434525,8,0.2829421210522584,3.9595099071233824,0.0006382222347337954,8864.403570836836,5.657727755974878,0,1901.4200764788743,10633.398619295376,149.06315628675893,12866.654586349014,7132.837371472927,0.2282177502165607,False,0.13253504917855355,0.025056511354100038,Neutral
7e8ed87e-c370-4f9e-9acd-773400357a10,TradeHalo Node 211,12.993838498919144,77.59507901850719,12780.383371252421,452.0135973653966,273.5589275320599,10,0.35367765131532297,8.057356091616025,0.0007824491417443328,8671.263586368881,4.204128303304576,0,3147.2697946416774,9633.113576610744,125.50565020760403,15836.074982883842,7062.59737564018,0.2254016558187293,False,0.15233842996329697,0.03534927583964366,Neutral
1e1ef931-b45b-4d8b-9b9b-2bdfd740f0ae,TradeHalo Node 37,12.961469991467215,77.6665766547997,12750.631768739062,450.9613496754174,211.9772622860393,9,0.3183098861837907,6.142532161776663,0.0007058473778582056,8555.802632271298,8.011159271062693,0,0.0,12750.631768739062,151.10605204228705,18051.532911667786,7035.681539703669,0.2243225336762075,False,0.08537418708079016,0.05275392674281635,Neutral
0f3728b3-0b21-4473-846d-438268788264,TradeHalo Node 73,12.871331820264336,77.746378501289,8289.55806309653,293.1831426197979,252.0732380572482,5,0.17683882565766149,3.7782805638282992,0.000603168463498556,6262.086449786582,15.46254146704555,0,0.0,8289.55806309653,111.02804309968467,11158.221701062774,6989.705118468928,0.222479225732685,False,0.10580070792820527,0.04042111374767353,Neutral
79e2c4a0-96d5-4152-b6de-9a950f05de2e,TradeHalo Node 186,13.105777348485384,77.6314673244981,12128.454496171436,428.9563300290683,233.2314815836392,7,0.24757435592072607,7.570495936630371,0.0005771551521432244,9524.258458524144,3.378709352389678,0,3932.667120640703,8195.787375530734,137.48550186213637,13459.88003974101,6978.1872732529755,0.22201744695546285,False,0.1342521110158525,0.07055415637074548,Neutral
8d31a3a9-8e77-4dff-909b-63eb10746fd6,TradeHalo Node 56,12.908001119762323,77.5896158113745,13904.990718258578,491.78844587950596,265.69669431191903,14,0.49514871184145215,8.30086667696482,0.0010068327468652435,8219.327228326989,3.356700506820641,0,4541.9101035865315,9363.080614672046,204.49067908508883,15025.731466176394,6864.582816453257,0.21746276453315533,False,0.12949589207135945,0.05376787468397072,Neutral
cb74c9b9-2fc9-4d95-8cec-1a4ccb5cb1f7,TradeHalo Node 245,12.969026505308587,77.46532350633188,10329.268839731341,365.3231543040732,252.53959598648797,8,0.2829421210522584,5.597258087769472,0.0007744981880254823,7708.367676148544,2.841202441442414,1,4006.4838844150618,6322.78495531628,145.29950980046738,11924.804862281571,6828.520856526699,0.21601695175768457,False,0.12393701289640607,0.050405374290181736,Neutral
6e7c2f47-69e1-4e6f-a2f3-b7752ca26c11,TradeHalo Node 162,12.983476030397911,77.73294501516929,9725.69108935928,343.9759581902955,252.28316531802642,4,0.1414710605261292,4.1109685175144435,0.0004112818269928741,8116.46943698469,3.2236328519881248,0,3320.8695661756983,6404.821523183581,128.11699229934206,9793.975955824757,6828.35330196205,0.21601023408258727,False,0.08341593770665238,0.035084280938572875,Neutral
2dc33dac-6834-4a6a-8067-7f0f95d60c19,TradeHalo Node 31,12.860728302960894,77.66733110597073,10065.516867158047,355.99483648512256,243.20384152006488,6,0.2122065907891938,3.8501641245466884,0.0005960945750910129,7578.057694242889,11.146423922282468,0,0.0,10065.516867158047,128.0306984642258,11377.892935327705,6819.788617035975,0.21566685477349762,False,0.07893861186725945,0.03921144808424942,Neutral
79460464-b249-49e9-9732-200f058e1680,TradeHalo Node 184,12.928417037876114,77.49128219689419,12028.350055774468,425.4158596924848,222.0422737352882,7,0.24757435592072607,3.9273767248009106,0.0005819584537814062,9686.146040360625,2.350697857492629,1,5494.24079597226,6534.109259802209,172.29115237919024,11991.634955381503,6817.687972826058,0.21558263477431835,False,0.09976149947090174,0.04532542832936954,Neutral
c3dcbe67-63b1-4b0b-a405-1271fc510c0e,TradeHalo Node 191,12.865376320704817,77.54730148796051,11979.177913590156,423.67675091669577,223.9811034927516,7,0.24757435592072607,5.862317945147168,0.0005843472774587168,9350.085473028023,1.8837329971510797,1,6393.353721226914,5585.824192363242,190.2629382434666,14169.010600325342,6799.391410687613,0.21484908054318858,False,0.08596036694452719,0.03626880275678165,Neutral
34a33fbc-3f37-4946-a567-46830015ecc2,TradeHalo Node 99,12.95584944497404,77.45551375919821,7802.936549277132,275.97242721108273,281.349078962497,7,0.24757435592072607,3.3245294281153948,0.0008970981573146949,5547.587428938525,4.330549884762271,0,1842.242381578735,5960.694167698397,118.14599845638386,8076.289722558732,6770.541041926821,0.21369239821598437,False,0.09329668802969655,0.024843417136064565,Neutral
1174b96b-0fda-4f26-ad8b-4f466f348505,TradeHalo Node 68,12.9045279704565,77.45372245326888,7371.558838083931,260.71556163862357,216.37302542598877,4,0.1414710605261292,2.752460482596769,0.0005426260697173936,6225.506863926143,6.756335032798432,0,0.0,7371.558838083931,133.16965979064105,8642.132356741009,6742.805337298718,0.21258040551870272,False,0.08771726260319357,0.023663227864240164,Neutral
c52e3a89-e35f-4ea7-b153-5afe9ebed497,TradeHalo Node 108,12.858928344300184,77.70157253774451,9716.436513575107,343.64864452756893,235.05405842654145,10,0.35367765131532297,6.873734111189006,0.001029183897412258,6107.388122436094,14.30664204124432,0,0.0,9716.436513575107,141.47212283713148,13099.057908091825,6740.2051460452285,0.21247615744841983,False,0.06916140193602137,0.03747747688318728,Neutral
181f45b0-e34d-4e02-9f3b-14033dbe8dff,TradeHalo Node 220,12.870335332493516,77.55102683556684,13559.92875281721,479.5843753299508,231.7544682276406,9,0.3183098861837907,13.014086224655466,0.0006637203014897966,9928.607827171738,1.6631994544898034,1,7789.0524059730205,5770.876346844189,196.31160206316193,17876.324410375408,6730.929510990715,0.21210427439797744,False,0.07425389456221286,0.0520234579265667,Neutral
02be90be-d1db-4e8b-9145-b65234397d56,TradeHalo Node 102,13.114330355610935,77.65820470343583,11715.802833875001,414.3617629558315,226.0134882711351,8,0.2829421210522584,4.71504832682872,0.0006828383947251868,8812.180910388599,5.920167895760552,0,1628.3208027354542,10087.482031139547,122.79431845099414,14015.008953646951,6730.065808978701,0.21206964645746304,False,0.11652456809737174,0.033100839853850636,Neutral
c5043eb0-aa91-4224-8402-13d3c5c15f7f,TradeHalo Node 35,13.07415680029428,77.5847928264528,13068.684636856135,462.2101688143922,259.3781845524424,11,0.3890454164468553,6.311569812969384,0.0008417067444552104,9195.196462889777,0.5138743514685421,2,11011.359614972942,2057.3250218831927,258.2372770807881,14113.338020506955,6691.146892508,0.2105092912589265,False,0.11227778083368638,0.048631560547876436,Neutral
73b96e48-8fc5-4dad-93a0-5462fe96f31a,TradeHalo Node 151,12.905390806838932,77.50279463010783,11720.885293482614,414.5415181935241,246.41018207475452,7,0.24757435592072607,6.2238615442276455,0.0005972245120334334,9242.38056430037,4.2212175566567005,0,2869.9648990400256,8850.920394442588,122.06310293037318,12702.148312407138,6691.068268193978,0.21050613901656623,False,0.0867873114061605,0.07889730917656013,Neutral
e01aee7f-9e13-469e-9866-56cc6ecf9fec,TradeHalo Node 238,12.921951164633589,77.45077817598843,7568.005781099018,267.66345097998874,223.81185276224687,4,0.1414710605261292,2.0635549067025365,0.0005285408224700277,6466.698465246865,5.768392332709179,0,1106.4228474310519,6461.582933667966,116.64117836079572,8998.714823270548,6665.013696780227,0.20946154708961234,False,0.07830080167775769,0.04341931066431462,Neutral
60dcb7c3-ff8e-4d38-b383-f640889a98cf,TradeHalo Node 138,13.110101953009924,77.63773629074115,11899.316742576764,420.852239777165,252.7356891682985,12,0.4244131815783876,7.6571562170035,0.001008461263751639,7656.227711829343,3.8290858160331394,0,3320.512183609439,8578.804558967326,156.5755962556308,14862.381985061313,6650.558102531012,0.20888198671948546,False,0.07637976753665439,0.022383282097607406,Neutral
edc62c03-a12b-4b94-8e78-fd4c6098bb61,TradeHalo Node 51,12.89580866711094,77.72902281611614,12377.838324729366,437.7764787051074,251.63905266120705,13,0.45978094670991987,11.149749054338086,0.0010502641623640885,6936.185018591664,12.842463640605313,0,0.0,12377.838324729366,134.31451928851442,14099.844387390121,6573.48396864384,0.20579189489809355,False,0.12623219055248242,0.021814356828972845,Neutral
a4655ad7-6b02-472b-a01e-c3c2f04b9e56,TradeHalo Node 114,13.136977974756142,77.4607292511841,6814.748429398569,241.0224218814472,340.36439352008495,5,0.17683882565766149,4.040384503569813,0.0007337027994210598,5172.546310216156,1.090631643581694,1,4737.669125214481,2077.079304184088,127.71846501496283,7890.469698798687,6525.05488168144,0.203850253545898,False,0.07926941272089628,0.03640570942022103,Neutral
694931a2-4dc3-4785-95de-6cadd73d61ea,TradeHalo Node 204,13.0843287000798,77.62293844205816,12317.217882429843,435.6324691396883,262.20055694843734,9,0.3183098861837907,3.929548648947747,0.0007306844845895145,8609.051384365055,3.381345625313027,0,3990.3657881781996,8326.852094251642,135.73995713753996,13217.903861349314,6518.774901757238,0.20359847368638392,False,0.07914013064041307,0.041125654450273566,Neutral
6830946f-0e45-472c-a574-efb194ecfee7,TradeHalo Node 119,13.085706953819384,77.6686958134851,11786.768805325217,416.8716707664138,278.5052800067523,16,0.5658842421045168,7.477146483077443,0.0013574543001786258,5997.404361910612,7.714512257947145,0,0.0,11786.768805325217,143.2103216968172,12796.919748748154,6428.70485274307,0.199987343625312,False,0.07695121939934997,0.0707060582891451,Neutral
379615e1-3f36-411a-9eec-bf4d15afdbcb,TradeHalo Node 200,12.95332076780432,77.74147628578932,8474.71217560145,299.73162978400916,250.1893195210722,2,0.0707355302630646,0.9061913637253198,0.0002359962153945435,7491.9162907883765,6.349862924153817,0,0.0,8474.71217560145,112.37507471155449,8393.152333335658,6409.9764499629,0.19923647583945464,False,0.09792847497826182,0.02842918710939807,Neutral
15e2982f-0e2c-417b-92bc-08e02e27a72f,TradeHalo Node 69,12.86231798976016,77.45590526638892,5639.28466829918,199.44889565825642,274.53875323850895,4,0.1414710605261292,3.5053287053599513,0.0007093098212412831,4655.578596584855,10.582420562186304,0,0.0,5639.28466829918,91.0791379626827,6403.312729986764,6406.363093399352,0.1990916074769877,False,0.07083165268214062,0.04958692108288211,Neutral
c5928c45-cf75-4c42-977f-6d23276d0b5d,TradeHalo Node 117,13.000611090030995,77.74937572012891,6589.846887993628,233.06815698731768,283.8947296472025,1,0.0353677651315323,0.34078726062182624,0.00015174859401087908,6192.988346164617,1.2290660317321558,1,4374.715272011219,2215.131615982409,98.7795694334609,7262.273929511729,6326.503332175668,0.1958898329961111,False,0.08872516254285225,0.07006399866867905,Neutral
eb689bd0-4e7b-4e33-8aab-c35c474551e0,TradeHalo Node 183,13.036936820663,77.60283313952608,14271.437790837592,504.7488598756181,192.15465952370226,12,0.4244131815783876,9.164605143224579,0.0008408402976541104,10285.085419332656,2.045135994562614,2,7217.785471203133,7053.652319634459,269.93924362911963,17004.27198275628,6312.71738207936,0.19533712030906253,False,0.07797484312404736,0.0465356707559752,Neutral
cc14b842-e7c2-4950-a784-3e41d32bc0e0,TradeHalo Node 53,13.08486051334154,77.47050543894422,10654.640730394647,376.8308309134556,274.96273145056637,10,0.35367765131532297,16.763059898243377,0.0009385581600581666,7626.147712706514,5.148431993394642,0,1915.2564857448008,8739.384244649846,107.00755712389208,12597.54243616127,6253.033465116767,0.19294424510731553,False,0.10975873090751873,0.04927332899041745,Neutral
204df9e2-7a5c-4bbb-be7e-ffd38f490141,TradeHalo Node 81,13.143550133561671,77.5058907560963,7862.723356810318,278.08695297788057,348.96670843483713,8,0.2829421210522584,9.754143832919887,0.0010174591724724461,5147.739858034318,1.901288586688704,1,4171.894158188128,3690.8291986221902,90.26608905477762,9178.758179961984,6200.427870741546,0.1908351572883555,False,0.06262671813089923,0.055362749077427546,Neutral
2e08439a-818e-4fe9-8968-68acb6d4857e,TradeHalo Node 55,12.85831447632111,77.73449723420879,8713.928127621944,308.19216339078594,224.00673546337242,7,0.24757435592072607,3.26878358773698,0.0008033116520448419,6104.853157171046,16.939621417869784,0,0.0,8713.928127621944,113.48326143498979,11736.256410557387,6126.725678843155,0.18788025492464852,False,0.0739898424370456,0.06738080668856494,Neutral
baf1ddce-e5e4-4909-bd9f-9455f6d6fe6f,TradeHalo Node 74,12.854085555223344,77.7287942114058,8360.086925761934,295.677590869542,224.6751395724535,6,0.2122065907891938,3.616281034275015,0.0007176958868107897,6319.718733468735,17.02955782275634,0,0.0,8360.086925761934,123.61644810735953,10467.488136946062,6117.0767988292255,0.18749340756467323,False,0.12086928904077672,0.05784897534820253,Neutral
ce6d9325-d666-4c8f-8a2d-73d3e73d183c,TradeHalo Node 228,13.147758903224563,77.7140177561058,8033.991784455765,284.14433450129155,275.5895587132858,5,0.17683882565766149,1.9922917863780913,0.0006223556277060231,5942.8210025298695,12.327217292802624,0,0.0,8033.991784455765,99.0858695784885,8191.453309260328,6018.8513569906645,0.1835553077227435,False,0.06342346208417103,0.06626022394085077,Neutral
47c953f8-7a3c-4e93-a942-20bfe838ca30,TradeHalo Node 110,13.105097770346086,77.62752626071814,11806.09197199202,417.5550879866828,212.57238366136133,6,0.2122065907891938,8.392814962667648,0.0005082122021608841,9557.644773575317,3.0473491527677803,0,4275.2074013219135,7530.884570670107,135.17010563361146,12314.400576080086,6009.251395076307,0.1831704216098401,False,0.08690245194937776,0.04844700059707124,Neutral
359c882c-65f3-404a-9fab-1fd39d561b83,TradeHalo Node 47,13.075234155839995,77.47248305540431,11331.658450603132,400.7754346316748,247.43186060797865,12,0.4244131815783876,8.377554287920244,0.0010589800294732053,7108.4002140455,5.8221773677126425,0,1627.2226275236526,9704.435823079479,119.82374782335945,11977.143754236964,5941.383778750004,0.18044944174836966,False,0.0823784110236849,0.0519302659682474,Neutral
78aaa24a-5e7b-4c39-915f-e3621773fa65,TradeHalo Node 67,13.12332133237157,77.50922450088834,12239.85104282547,432.8961769275919,244.68984599694045,10,0.35367765131532297,6.999295123844617,0.0008170034067417524,8534.923392587692,1.7254685808727475,1,6886.3480875985515,5353.502955226919,163.79024224086274,14492.620314019963,5913.249850940742,0.17932148330313696,False,0.06297214591017719,0.062181962403969095,Neutral
784abb6e-2597-4d79-b880-95d122ec1fbe,TradeHalo Node 194,13.093432794071628,77.5950841483503,11632.845977914654,411.42776435817564,214.29263663309533,6,0.2122065907891938,3.974179477837665,0.0005157809199392135,9224.613551345974,1.9155476721327656,2,6143.021707889733,5489.824270024921,173.6284698177732,11344.272565229923,5877.203201372044,0.1778762843576143,False,0.08090642574564076,0.0650419621713413,Neutral
df6679ce-5ef9-43a0-a8ba-d698f7f8e807,TradeHalo Node 181,12.95955279967202,77.663469184992,12178.596089631814,430.72972612989565,210.4735395684218,9,0.3183098861837907,5.890619627148935,0.0007390014361065891,7983.7669531640495,7.6229918535822465,0,0.0,12178.596089631814,127.02650782662066,13855.899747149453,5870.367268851578,0.17760221498949139,False,0.08023138992853808,0.026057936806757134,Neutral
faa867ac-f356-45f7-9396-a9a980e74665,TradeHalo Node 1,12.93247329188679,77.5175767327938,12603.361082616584,445.752714637878,229.3520017651498,11,0.3890454164468553,6.712059499511527,0.0008727830558764163,8378.143908218379,2.4988999698148504,2,5479.406950373932,7123.954132242652,178.55821308264,14469.671815461736,5867.456684998044,0.17748552251553576,False,0.08384945222251176,0.03604359966629144,Neutral
70500340-fa2b-4aec-9560-d1353864b026,TradeHalo Node 40,13.000991821899156,77.74623323367214,7964.710542130175,281.6940117946993,284.72539140752957,2,0.0707355302630646,0.7269331872340541,0.0002511076817444638,7188.323261871905,1.0694035814521587,1,5576.452050885877,2388.258491244298,109.34407172480697,9818.469893984315,5865.652577643805,0.17741319140911802,False,0.063751371099144,0.03932755651762242,Neutral
c5fea6e7-bac6-45c5-b1a1-c16134d75b42,TradeHalo Node 36,13.021790295141123,77.6217702983771,12486.104055965367,441.60559565925587,241.93337513227888,11,0.3890454164468553,9.834605911927408,0.000880979363194129,8160.529411559408,4.077071753665863,0,3207.822738911442,9278.281317053925,141.66729742495667,11751.821248642154,5798.870594626757,0.17473573726037075,False,0.054899111197449946,0.05564852616420248,Neutral
0abad63d-e4ff-40b1-9599-0576ea446d52,TradeHalo Node 195,12.980675813086542,77.46921262104453,11538.301503713603,408.08393760014866,246.96543308327475,12,0.4244131815783876,5.787363242639556,0.001040014424665346,7281.021870711754,1.7239573665605052,1,6494.915313660731,5043.386190052872,184.69027848857203,12039.40470745564,5679.014746258944,0.16993042115614387,False,0.06025831897407039,0.0393364661978383,Neutral
1b0f263a-2afd-4b6d-9c4d-dbb28970ee35,TradeHalo Node 232,13.02138763481138,77.608793232763,13125.808604497874,464.2305158853265,249.21340756616578,13,0.45978094670991987,6.3169683463045665,0.0009904151730161018,7845.201884448343,2.7465477915133576,1,5254.392975929962,7871.415628567912,186.89871745813264,14350.332859062815,5674.72602835209,0.169758475894357,False,0.07127514597610154,0.03872336148170361,Neutral
ed33139f-49b1-4e19-8776-4de84b0238c2,TradeHalo Node 78,13.149900336724462,77.71466932160692,7017.4722365356065,248.19230987884,274.27159255028744,4,0.1414710605261292,1.643498823412645,0.000570005817646772,5243.236342389115,12.457140260098768,0,0.0,7017.4722365356065,86.63458611342017,8837.408507238368,5614.836162241334,0.1673573436841136,False,0.062246779324047076,0.05565146175662548,Neutral
e2cd9b93-0021-493d-b08e-ec29c652d588,TradeHalo Node 206,12.867580598767905,77.55214118449163,12783.23764719457,452.11454672653906,238.91167388147272,9,0.3183098861837907,8.86111026789669,0.0007040469909417005,9151.9167215491,1.4277218574002177,1,7942.495083034516,4840.742564160054,184.16504357909693,13448.94220526634,5606.007815711338,0.1670033935320601,False,0.07749634958887479,0.06431901157281636,Neutral
a314f9bc-35bf-40b3-97a8-5d305343166c,TradeHalo Node 107,12.954976376233606,77.5644307197323,12050.762618143455,426.20854193434695,217.87578263906548,9,0.3183098861837907,4.752487394017657,0.0007468407008905585,8054.2353125647,4.030416117387316,0,3144.503181029012,8906.259437114444,136.10788303724968,14556.885389974908,5599.434762001769,0.16673986362280102,False,0.06349161251912246,0.03386919607145569,Neutral
a60cae9e-ea71-4e82-9b3a-0317809da554,TradeHalo Node 58,12.922504695857526,77.49681833127826,11267.208983632012,398.49600102098776,239.3554952124294,9,0.3183098861837907,5.216277382106824,0.0007987781191486188,8175.005415089957,2.947897031472656,1,4217.591807716867,7049.617175915145,121.44801389615502,12405.105089623426,5566.863766132772,0.16543401219284254,False,0.07164318878220195,0.017318465373706876,Neutral
2e52164d-6d74-42d2-92cc-34c9debfe96e,TradeHalo Node 33,12.993097884627431,77.71894573093056,11429.182053289092,404.22462650625266,203.41145459429742,6,0.2122065907891938,3.5431481360744606,0.0005249719509256849,9259.84731023181,3.329841342742092,0,3766.7885676019896,7662.393485687103,113.26674423769552,13540.71159608195,5558.563341131097,0.165101227714858,False,0.09580183290574376,0.053653783164074945,Neutral
ae404bf2-1ae0-4092-b6ee-009021d3929f,TradeHalo Node 65,13.137810692044903,77.73269886416634,8829.752613485201,312.2886166032781,216.497431488864,8,0.2829421210522584,7.8003429544940035,0.0009060276488134033,5504.677954978145,14.096051515276917,0,0.0,8829.752613485201,151.15711934540866,10503.289114407035,5516.046532996226,0.1633966241797527,False,0.0834068593835182,0.05200338887871915,Neutral
ca11a859-8809-440b-8144-3fb026d862e3,TradeHalo Node 143,12.860399919491284,77.72424272207073,10124.969043305377,358.09752708765984,195.42984275939833,7,0.24757435592072607,4.618660760944363,0.0006913601384913266,7734.28363145391,16.23683424041491,0,0.0,10124.969043305377,116.12410961813232,10807.309372251204,5313.459506340473,0.15527441141372333,False,0.10318517564826044,0.06003415755653213,Neutral
4997bae3-dbfb-43fc-bd90-3b7d0836351b,TradeHalo Node 15,12.857544547597946,77.4979342556517,8472.808117864835,299.6642875171837,241.04672594561123,8,0.2829421210522584,12.640678728280992,0.0009441969992371333,5398.062273298302,7.248482417980034,0,0.0,8472.808117864835,93.84322069390828,9491.077626370597,5308.461392428758,0.15507402471922496,False,0.048887044805151526,0.05347953857249897,Neutral
57bf3624-885d-428b-b921-423060a6dd47,TradeHalo Node 221,12.94872745892443,77.59967960626363,13954.094736774883,493.5251452734051,221.22038077365227,7,0.24757435592072607,3.021529240369845,0.0005016448671193315,11186.171701614712,1.3013706895855612,1,9042.925730993582,4911.169005781301,156.38580354589223,13457.654941863266,5275.972633128361,0.1537714703558079,False,0.05069187355626872,0.026709224470076183,Neutral
3a3fa529-ae32-4e96-bd7d-a3beec8cf4f2,TradeHalo Node 223,13.029299514591974,77.45025271205961,6923.987739360356,244.88597213930632,251.12269559707843,4,0.1414710605261292,2.054772380356795,0.0005777017739736096,5203.332961613708,4.080647655104202,0,1776.7324614454863,5147.255277914869,107.78188312340781,7494.237709528767,5242.811671407005,0.15244196574204658,False,0.05916644403345717,0.04950542915390342,Neutral
68866b2a-69e5-4c52-98eb-47c6cd2878d5,TradeHalo Node 161,13.07624810271775,77.45749653686907,8198.138863392804,289.9498498361638,188.56557554561707,8,0.2829421210522584,7.620189330514789,0.0009758312384439407,5633.574344577367,6.2247611129786735,0,0.0,8198.138863392804,140.2471162606766,8989.343141020076,5174.676966760071,0.14971027765210124,False,0.08618127889829531,0.021328111061580505,Neutral
43ee1d14-65b0-426c-ad68-f95d10f65672,TradeHalo Node 218,12.986094637894634,77.69622876352042,11738.7382902725,415.1729387908828,187.59190795461683,8,0.2829421210522584,4.386558717385032,0.0006815042470645532,8928.458921626654,5.842403693580316,0,1674.3523599771668,10064.385930295333,119.51605208547379,12822.669671265972,5165.860997616123,0.14935682373993356,False,0.07922510006330669,0.02347766141977196,Neutral
8c25f6b6-42f2-4aec-8a3c-90ced4607116,TradeHalo Node 165,13.124147209402665,77.59203158688968,10926.669677767903,386.45188683313086,228.49441546508297,5,0.17683882565766149,3.2891978047668147,0.0004575959690786039,9035.445518127517,1.3632498429520556,1,6936.448818288359,3990.220859479544,125.16754486155517,12935.576742653553,5165.622587914229,0.14934726530790443,False,0.098361806979903,0.01715576814153356,Neutral
95ff4ed4-bf95-4072-b791-63f321475b6a,TradeHalo Node 62,12.930586764445993,77.62281417412034,13044.8778990492,461.3681777030886,231.9319469115293,12,0.4244131815783876,8.82173904764123,0.0009199012894459245,7945.051105452498,2.9047626750605904,1,4953.732503491341,8091.145395557858,156.01854335349185,13764.565865898372,5081.955246176531,0.1459928355481132,False,0.05185115910171325,0.03419094475489402,Neutral
a9e0b83f-960e-4b16-b6d5-c5474dd8bd87,TradeHalo Node 156,12.96432618188365,77.46032600194232,8922.421016935208,315.566090931612,248.1317143343839,8,0.2829421210522584,4.775211227091642,0.0008966176315616124,6301.519853352411,3.3394135351064183,0,2931.251541756923,5991.169475178285,115.75079675613638,9801.676334573123,5059.331570133805,0.1450857966651102,False,0.09748936413392673,0.0315744201991508,Neutral
b7954b89-3ca1-43b8-8f73-e2216258c72a,TradeHalo Node 103,13.014198263310488,77.5924828328397,12791.31546739491,452.4002411741595,258.1148490164026,13,0.45978094670991987,6.407468008434538,0.0010163145481899049,7816.561178540703,1.9671010206805444,1,6639.695614964737,6151.6198524301735,141.8474744342612,12863.683703446075,5035.208650690187,0.14411864942230185,False,0.08008761242013689,0.04516765827850091,Neutral
b207b14a-3fac-472e-aaa1-f1fa4faeec53,TradeHalo Node 26,12.987935978851771,77.69748630678654,11844.67905421674,418.91982684791776,180.1201278956294,8,0.2829421210522584,4.315952396596422,0.0006754087606242042,9034.399685570894,5.628201095723618,0,1814.503197514302,10030.175856702437,123.76200888232238,13278.758812839653,4996.324064297971,0.14255967060114907,False,0.0429689126638945,0.04462928231829473,Neutral
051080ce-0214-431b-bc45-bfba0f60ada2,TradeHalo Node 22,12.876892436698803,77.56237495301198,13906.237396781424,491.8325381126965,214.5586934604156,14,0.49514871184145215,8.786823290951306,0.0010067424854432786,8628.712898082678,1.5345170193330662,1,8338.070210404692,5568.1671863767315,236.76822237941684,16453.11796333047,4948.613021496442,0.14064681740753546,False,0.07478138253666748,0.021419823354343618,Neutral
e10205f3-268e-4b4e-9436-f558177289b5,TradeHalo Node 84,12.924098444231012,77.56635308417292,12183.313222055029,430.8965605615343,225.12572084938714,12,0.4244131815783876,5.416050434814307,0.0009849537462663946,7938.445370200937,3.0946092241061014,0,4342.850104887484,7840.463117167545,119.64816814343108,16120.82903460302,4876.3015727662905,0.13774767336212657,False,0.07631970449489911,0.045052567477647805,Neutral
9a2eddeb-5268-4295-b8ca-dd0467e6ff58,TradeHalo Node 166,13.047226931463646,77.56845744127187,12332.218187278075,436.1629963984619,222.54734055005136,12,0.4244131815783876,8.462128784879031,0.0009730609544663432,8363.88679857908,2.6050465442430393,1,5175.139806625166,7157.078380652909,123.47643235930472,15431.47496603963,4857.557945502198,0.13699619518921868,False,0.0876500154487208,0.015711388757978298,Neutral
bb2a36e8-dc90-4b56-aa77-7fdb9fb32567,TradeHalo Node 159,13.023789209860658,77.45485497545265,8524.132470798337,301.4795151772637,246.05926560864197,8,0.2829421210522584,4.01170957140009,0.0009385119280356224,5276.738785014757,3.3580667396013286,0,2783.045064438308,5741.087406360029,159.10241667474276,8133.112412325543,4796.424345179162,0.1345451986117288,False,0.08593265091400311,0.022794645877153272,Neutral
7f66bcda-e86f-4618-a0c3-a85d468c3609,TradeHalo Node 226,12.982650847612774,77.4622107466731,9457.276180922443,334.4827227508997,246.75522208521818,7,0.24757435592072607,3.563032687229127,0.00074017083419015,7084.73047568752,1.2999018794187445,1,6131.772040922036,3325.5041400004075,125.39113265331636,12438.050668596656,4754.823181399214,0.13287730551357235,False,0.07719036035982992,0.014280431110103922,Neutral
c57285f0-a72a-486b-9d24-2d57fc7d08f6,TradeHalo Node 83,12.96221073798923,77.63940792077678,12895.787741547138,456.0951920291325,187.94863550745694,12,0.4244131815783876,6.744812153473943,0.0009305364077402481,7100.155223013513,5.371042378379563,0,2152.334930247887,10743.45281129925,182.39804421177286,15980.689164479501,4691.465683845479,0.13033714741979144,False,0.07897919356501912,0.01774793580977965,Neutral
31bb0b6e-b39d-4b8a-b7af-840a69895978,TradeHalo Node 136,13.057494577248573,77.5757316689873,12670.656912668563,448.13281774948786,193.71165160469144,13,0.45978094670991987,7.428737767168049,0.001025992581884381,8560.670143632127,2.540574029582291,2,5432.670571563457,7237.986341105106,165.66605210410066,16710.845273031442,4629.545878729712,0.1278546299561439,False,0.08416676066189635,0.014091140253905692,Neutral
20c09880-02ab-4423-a274-38aa886015eb,TradeHalo Node 106,13.092102562562618,77.45707940864011,7504.66084522804,265.42308216583194,225.36385124030136,8,0.2829421210522584,6.1067689905742375,0.0010660042025865738,5153.742566711595,4.522219786556263,0,1662.1595290800537,5842.501316147986,108.55269814139896,7853.7602040366955,4568.587248988467,0.12541064838014038,False,0.047100621535352716,0.043642998639177186,Neutral
86fcfe92-ebe3-4460-80d1-f01837f6a9ed,TradeHalo Node 230,12.926684175717078,77.52630150735406,12053.084103047226,426.29064766717994,230.66201294330182,9,0.3183098861837907,9.355555001322095,0.000746696855597701,8508.419807283271,1.3666290528633378,1,7642.903358458974,4410.180744588251,144.594254154393,14335.455409396023,4535.669496416349,0.12409089462007078,False,0.0483850958128694,0.028147628728654762,Neutral
802edce6-fef4-48e0-baf4-9f1445b4792e,TradeHalo Node 77,13.049594167101096,77.53762951092733,12081.754154448856,427.30464331146175,177.59428168672292,10,0.35367765131532297,4.883692560608808,0.0008276943788264146,7633.041786366546,4.929602884826355,0,2336.129340543879,9745.624813904977,138.3657058579915,12347.225464715792,4513.604000671255,0.12320623455971008,False,0.07498347189204892,0.021848668742559866,Neutral
ed003ff5-2b98-41cc-8f93-8ba84d646e25,TradeHalo Node 21,13.013635374379067,77.5992789392219,13449.254789511906,475.67008458959293,260.7596521688418,16,0.5658842421045168,7.33535896780494,0.0011896569921834802,7012.148540239092,2.409302698359803,1,6024.4295781886385,7424.8252113232675,137.81499234756694,17466.908225299936,4475.481106940319,0.12167779387300437,False,0.03771369726909353,0.041246117965433045,Neutral
3eb38fbc-bc51-4d8e-a8f7-d664bdd741de,TradeHalo Node 25,13.018467163575792,77.59035017342514,12819.58366590672,453.40002417981674,229.66380070149435,12,0.4244131815783876,5.964825265328461,0.0009360678406361684,8183.3955432325665,1.4397407053754345,1,7933.231114095406,4886.352551811315,140.20480269995173,16375.467478478462,4441.929709854356,0.12033263574403497,False,0.07357596701610573,0.03748663348405451,Neutral
135acfc0-0093-4a3c-843b-35d34674e837,TradeHalo Node 215,13.048991796549986,77.59588171984838,11853.037798350491,419.2154569472349,227.59921712306564,11,0.3890454164468553,7.3602821037996495,0.0009280321371733748,8157.972919593147,1.1824748572888193,3,7991.879017300302,3861.1587810501896,135.43239515487784,12790.97824115731,4398.061334544202,0.11857384455265942,False,0.054091831168451544,0.025291251881391835,Neutral
2ac98f0a-de2c-4ecf-b25e-bf53e7680bd2,TradeHalo Node 240,13.04549273643202,77.59511489300309,11921.35358298468,421.6316335729532,222.12142906929873,11,0.3890454164468553,6.704267299730998,0.0009227140125849697,8226.288704227336,1.502795442825068,3,7223.93195327504,4697.421629709641,167.7066969039527,11976.15823293299,4355.261200330877,0.11685788177738284,False,0.05103930075568039,0.03636181237503232,Neutral
efd4da43-488f-483b-991b-b332cef30978,TradeHalo Node 28,13.14988696485833,77.50152501636235,6060.857251676397,214.35897577303516,365.50932296720725,5,0.17683882565766149,3.5350735984133417,0.0008249658080326887,4539.366526345149,1.359654908217332,1,3852.1558322461633,2208.7014194302337,59.9318423958395,7262.734539501817,4353.091062982055,0.11677087562713911,False,0.04579378026829895,0.043182349512867084,Neutral
93c4c6fb-c67f-4cd0-aeb6-43bd24e5df23,TradeHalo Node 18,12.966245655212235,77.63013823129869,12530.630814269949,443.1804075890409,191.24233565148967,10,0.35367765131532297,5.982992465335988,0.0007980444199674247,7930.320386630965,4.825985253649205,0,2508.072075861673,10022.558738408276,124.19804906291348,15736.23987796386,4317.531253722001,0.11534519530842667,False,0.03772621099838139,0.04582619706892998,Neutral
31855198-169f-4f6a-9f10-a54b8036277f,TradeHalo Node 216,13.084378408260816,77.46683659470612,9431.579535598074,333.57388983439915,220.79962117126473,10,0.35367765131532297,10.011306054200332,0.0010602677910159703,6198.4482196889785,5.203211272549146,0,1664.7248028967895,7766.854732701284,98.91953698486684,13051.90195605805,4297.596263026184,0.11454595244182704,False,0.07921553186166141,0.023137511665679313,Neutral
ce874681-a017-4250-80af-ee1487500986,TradeHalo Node 214,13.064126333088096,77.59502021687958,12648.7149622477,447.3567800004751,234.2691486667342,9,0.3183098861837907,5.771089055143088,0.0007115347311455806,9309.347270737242,0.5000038926193159,3,10706.89216626572,1941.8227959819815,145.71852777285156,15526.658382199243,4201.74041310041,0.11070285537476415,False,0.07605803468143098,0.021245856672981317,Neutral
221ebf35-03ae-4e77-9794-e07af6427b9f,TradeHalo Node 12,12.853196513171632,77.50218479576748,7282.721432170961,257.57358113139907,234.87750391600102,7,0.24757435592072607,12.910640011702695,0.0009611791505683498,4709.298294632039,6.851792810922691,0,0.0,7282.721432170961,86.08859202020798,8207.317205768499,4058.9800666092633,0.10497924153880268,False,0.03297080276206657,0.03843790046104774,Neutral
572117b3-63ea-4f95-ae6e-032c2f896ea1,TradeHalo Node 11,13.06024187434869,77.60083180659946,11893.35759138592,420.64147791746393,229.04857139326856,7,0.24757435592072607,4.626670121746132,0.0005885638219664677,9524.022396787273,0.69308316410573,3,9439.965611559574,2453.391979826347,123.49522307735026,12865.728832844872,4049.6109331985676,0.10460360990902268,False,0.06952977250798346,0.039612595704536804,Neutral
0edffb3e-9f2f-4b1e-bea0-c900f959f3f8,TradeHalo Node 225,13.140097071472209,77.45540156705779,5127.75271272631,181.35715359628173,334.5716286834684,4,0.1414710605261292,3.1614251087823795,0.0007800688184655633,3631.0346903492377,1.7617990838904123,1,2850.234108417914,2277.5186043083963,76.26241508366707,5695.560766020117,4000.5223920941553,0.10263552941637831,False,0.035741111571241005,0.01869211261786828,Neutral
1ec07632-4e3c-4d19-8b1c-a71ceb68c7c9,TradeHalo Node 173,13.125190348742176,77.60533146113364,11124.666553445175,393.45459382886185,199.50638121087752,5,0.17683882565766149,3.8565213769493267,0.00044945167353816645,9214.084831760603,0.6116697871049775,1,9072.745557240183,2051.9209962049918,163.58032781897316,14612.412119882552,3975.3397032691137,0.10162589340940309,False,0.03620461085991064,0.022999623820030672,Neutral
1a4b6347-ef25-4d11-99a9-41e899efcf2c,TradeHalo Node 5,12.95550041601434,77.49676551593673,12408.307413750646,438.85410228938383,244.87692061592682,12,0.4244131815783876,5.437970648728288,0.0009670940282074114,7908.97604186487,0.7245142644436227,1,9746.043874435138,2662.2635393155088,152.60124189898585,16021.325987015985,3787.8723840823045,0.09410986694784801,False,0.03343963012209545,0.03206357611077459,Neutral
1892900e-3f50-4505-b33d-8b5dc8bb3132,TradeHalo Node 19,13.1152334523196,77.60092623028578,11652.70465942393,412.1301215416176,213.6757269023119,7,0.24757435592072607,3.1267753515245,0.0006007189064333548,8838.462618580259,0.605710947307459,1,9522.283310368877,2130.421349055052,124.08391253711065,14067.259910976585,3457.5401681857247,0.08086603497461356,False,0.03896337815504305,0.02519572059915785,Neutral
6e003734-6b38-49d8-a4f6-185f5684c625,TradeHalo Node 248,12.89283716785846,77.55847586306335,11939.41093751913,422.2702818470244,194.753599232545,14,0.49514871184145215,9.793848160344035,0.0011725871630739798,6608.66908647548,3.3544810048051326,0,3902.761722870127,8036.649214649002,149.1069200173266,13455.260850275445,3341.9001807856625,0.07622974311807584,False,0.027384485022260405,0.03012269226168624,Neutral
c1460643-a0a7-49cd-b2cf-a27314fdee59,TradeHalo Node 152,13.143151867544482,77.45501439090496,4272.060080343219,151.09321754937397,346.45834589566397,4,0.1414710605261292,3.0977261206359605,0.0009363164198942255,2775.3420579661465,2.00501002344188,1,2189.68892602659,2082.371154316629,61.552979368644564,5602.158145006028,3308.5387885916157,0.07489220275310744,False,0.026313005572500554,0.0163387341116464,Neutral
67415a4d-709e-4da7-bc9d-b718e6ee83db,TradeHalo Node 16,13.051723071894358,77.45185377511406,6291.81114057414,222.52729867178454,177.91524625635807,5,0.17683882565766149,2.49911861469418,0.0007946837386386871,4325.9397095175045,6.4699583281680155,0,0.0,6291.81114057414,92.50710738208535,7034.2402163481565,3214.361094455203,0.07111638708407256,False,0.03656331313159315,0.02544057001914234,Neutral
7ff4da23-d07c-4653-a71c-d0d839a5e9e6,TradeHalo Node 92,13.14707297770045,77.53392283520013,6620.268353888132,234.1440962480314,230.04955444221844,6,0.2122065907891938,3.712102901990338,0.0009063076720260374,4485.282511900273,4.8005552757900505,0,1336.3617561709364,5283.906597717196,66.20286812540938,7095.094951965636,3133.8342018941876,0.06788786566508179,False,0.027621008767806543,0.011481714756122224,Neutral
8b62b7ee-ae6d-46e7-93d3-761c602bf72a,TradeHalo Node 180,13.119046238472336,77.63566385752084,11184.049494597064,395.55483574434146,190.3582120325974,14,0.49514871184145215,7.169014394722014,0.0012517827292130013,5867.808207765356,3.4480501649910518,0,3543.583686761251,7640.465807835813,135.93810923657463,12137.21839794235,3022.2939418991687,0.06341594197572718,False,0.02565914894716373,0.021361281624271863,Neutral
2bcb2165-d608-4dd7-8da8-122d89b504e2,TradeHalo Node 111,13.112766541716002,77.52833452504134,10474.32295602905,370.4533942206525,248.6625920746145,14,0.49514871184145215,6.440046038193578,0.001336601903413868,5052.686384918655,1.6242995271710363,1,6095.151711272046,4379.1712447570035,127.65042404879499,10372.236605935375,2269.52866246902,0.033235728250587473,False,0.010924448598298869,0.008894931709226865,Neutral
58176753-2587-495f-a657-375591ea00f7,TradeHalo Node 147,13.13789026104783,77.61150936686056,9263.298378775518,327.62216140383646,175.56078801315894,10,0.35367765131532297,5.915482835170202,0.0010795290825255555,4908.532750882083,2.1676087709621,1,4497.51006459471,4765.788314180809,162.46475803810827,10399.81686987642,2216.2743287589915,0.031100630874184475,False,0.020024901873837476,0.01232377873988554,Neutral
165f5c8e-862f-4288-b0b5-05e44d921807,TradeHalo Node 246,13.120501126290794,77.60226745607704,10941.827704430925,386.98799236000616,193.95933282471506,7,0.24757435592072607,3.534234945327761,0.0006397468676248054,8478.642411115292,0.18305918201013918,1,10294.122712325607,647.7049921053185,112.00205765526754,12771.299411436668,2196.430406715286,0.030305039174103134,False,0.019227178340076194,0.009285637532129704,Neutral
e913b181-789e-4ba3-935c-b2f36fd08968,TradeHalo Node 227,12.990663781986273,77.4588410335497,8571.214726222883,303.14470932898183,179.96603413943762,6,0.2122065907891938,3.8165727592529404,0.0007000174644608453,6661.853143443923,0.5103060700400422,1,7230.494583119991,1340.7201431028916,134.5143449316564,10110.63161290421,2060.677998966315,0.02486239085925556,False,0.013306988367180339,0.008808698835898935,Neutral
440d5ad7-15eb-48b0-84b7-511ce294a674,TradeHalo Node 95,13.135095573843936,77.62206785154737,9955.119601929098,352.09033193734166,154.78208741143803,12,0.4244131815783876,7.1600357965203365,0.0012054099277395568,5057.672895185977,2.5996981325973003,1,4185.059442322909,5770.06015960619,155.94726721732235,11676.009916358416,1679.2326666039028,0.009569308181652074,False,0.005987137631886205,0.0021306532812645418,Neutral
6e5c6989-eff3-4a3c-8ad0-1667bbc99bb1,TradeHalo Node 118,13.110584266472133,77.7479554286838,5446.112495207051,192.6168276103863,155.84489054590904,7,0.24757435592072607,4.8220660828986475,0.0012853204935007266,2826.233885984038,11.15119464842951,0,0.0,5446.112495207051,59.71905512423674,6164.439489794068,1607.8653507460022,0.00670801674800425,False,0.004556706082604358,0.0015176360785916505,Neutral
8fb2db33-494c-48e4-81da-ffc1d3331b3f,TradeHalo Node 127,13.125880263000925,77.61928740139118,11791.29233417082,417.0316578721908,169.61629403701508,15,0.5305164769729844,6.634809932645296,0.001272125189919212,5934.525047665933,1.8011807141069476,1,6468.652060274673,5322.640273896146,160.007339197121,14705.140350110147,1453.7124809513232,0.0005276485988928347,False,0.00030958957028696574,9.71769362771214e-05,Neutral
6e5439eb-f287-408e-8a06-a96c272e3caf,TradeHalo Node 90,13.139159242796678,77.62355748358156,8648.839680726582,305.89013048821454,141.05153451324983,10,0.35367765131532297,8.030159717400803,0.001156224461216965,4561.093796389798,3.025546255475436,0,3154.751574053206,5494.088106673376,120.84774345636957,10736.462412109044,1440.551687969409,0.0,False,0.0,0.0,Neutral
